file,cohort,stage,delta,theta,alpha,sigma,beta,eog_ptp,eog_std,eeg_std
SC4001E0-PSG.edf,SC,Wake,0.778069222649198,0.17309571006980348,0.015749653387872695,0.007013681900921251,0.01775628720317041,602.6896214896215,95.56580442559398,36.36261555274488
SC4001E0-PSG.edf,SC,Wake,0.749538425820449,0.12055770202716275,0.038718111235325404,0.03152174139385794,0.08483239090502565,793.4017094017095,106.19689881994849,26.37589668991275
SC4001E0-PSG.edf,SC,Wake,0.8705903689255625,0.055283384154711054,0.028952199519533484,0.01729385169125568,0.04040613063804214,696.8136752136752,97.70520726666423,31.701060882839325
SC4001E0-PSG.edf,SC,Wake,0.832923830975642,0.07498898345789086,0.054923744639717186,0.012032986866663238,0.031449639903660405,245.90525030525032,28.335501606459236,17.95608208792241
SC4001E0-PSG.edf,SC,Wake,0.6616142139128984,0.23481316320798604,0.05217012473534152,0.01685736878437216,0.033773384624110565,206.974358974359,19.035134455034342,16.997579482550464
SC4001E0-PSG.edf,SC,Wake,0.7585477684593713,0.18952995534432088,0.01995188949785149,0.008715093242033355,0.016734878930954343,529.7557997557998,60.840828161439894,28.816812024720537
SC4001E0-PSG.edf,SC,Wake,0.7737442578918771,0.10827045202095523,0.02972889640592794,0.02205513544800125,0.07777522345915674,634.7213675213675,105.83970965895384,33.11951336241772
SC4001E0-PSG.edf,SC,Wake,0.8580542457301914,0.10419227524576409,0.013130989744746009,0.007326260528858031,0.018092193867836066,671.1882783882784,94.52495057892631,34.703122660684194
SC4001E0-PSG.edf,SC,Wake,0.7206533131830385,0.2041399322260615,0.02772603081033217,0.013324453061467052,0.025528498515754793,622.4014652014653,70.50521367197058,21.29500014923903
SC4001E0-PSG.edf,SC,Wake,0.8210268446102525,0.1032180157159594,0.021519504448419685,0.01373710823509421,0.046130119404339955,780.5890109890111,122.22136508992497,27.779314895674503
SC4001E0-PSG.edf,SC,Wake,0.8935929581779707,0.059627909279031,0.018430861012901235,0.009255693134438435,0.02250736958026189,565.7299145299146,86.44389861212706,32.12409254888341
SC4001E0-PSG.edf,SC,Wake,0.8598348232489839,0.09289223356247722,0.015509813797245794,0.008936042278506043,0.024282039279467933,611.067155067155,80.98636017183811,34.99586887663266
SC4001E0-PSG.edf,SC,Wake,0.8626994266432431,0.08838957668343195,0.01792442001126241,0.009557391751399592,0.02349494064082674,596.2832722832724,89.68609907792995,32.70017920311717
SC4001E0-PSG.edf,SC,Wake,0.7770578649051786,0.1411852371737916,0.025842269802726962,0.017570831558570605,0.041972509869022415,691.3929181929182,97.8148935104587,27.66373893851826
SC4001E0-PSG.edf,SC,Wake,0.8509055319022981,0.08994801070452775,0.018475393818333297,0.014800363613707748,0.03610157005466065,544.5396825396826,67.57155745227593,18.156455749641943
SC4001E0-PSG.edf,SC,Wake,0.8416345314328186,0.08811341909543839,0.026015678704619828,0.01376691816254724,0.03799800616816199,662.8107448107448,93.71946456850534,23.703719551514386
SC4001E0-PSG.edf,SC,Wake,0.7771444670611141,0.1364860188442468,0.03143678650683657,0.016685409620034508,0.04629073143092498,502.1592185592186,77.08525123521814,20.578733935959363
SC4001E0-PSG.edf,SC,Wake,0.7945244314901322,0.11955339867331875,0.02878226038017202,0.015689426000729815,0.04828658611684415,687.9433455433456,103.58162586311359,27.09286507875539
SC4001E0-PSG.edf,SC,Wake,0.8282759358074159,0.1053016898408326,0.023691805933237404,0.014957443248060864,0.03183013782177729,563.7587301587303,86.6494504485749,25.392365017509505
SC4001E0-PSG.edf,SC,Wake,0.737048403677341,0.1112466950115645,0.04224383112373274,0.027878576576647694,0.10166568082254271,375.5106227106227,49.16632782754395,17.88548470677594
SC4001E0-PSG.edf,SC,Wake,0.8269694071241515,0.08456742101717891,0.027598238503510716,0.01695769402296503,0.049077866511314044,548.4820512820513,63.777830121812315,20.036664742985696
SC4001E0-PSG.edf,SC,Wake,0.7301171409734944,0.14059112204558402,0.0509228976470005,0.0322497281107368,0.07226113023935768,471.60586080586086,53.50235048923131,14.216828636768225
SC4001E0-PSG.edf,SC,Wake,0.723342620003004,0.09918253302620639,0.06113026127103903,0.043191299613644846,0.10710899430339993,342.0004884004884,44.59498665888298,14.268860347526523
SC4001E0-PSG.edf,SC,Wake,0.668287307414357,0.15484898195565244,0.05820303939757117,0.038918172799566365,0.11154029193866319,356.78437118437125,48.05404446310148,12.847572262649326
SC4001E0-PSG.edf,SC,Wake,0.8038944109350378,0.10400573819393974,0.03089149960476602,0.021509888931514464,0.05552636190001538,604.6608058608058,82.5832858544083,18.057026351198683
SC4001E0-PSG.edf,SC,Wake,0.8646219604449199,0.07193930956053585,0.02127363127510414,0.01086188378977543,0.034857717470256906,565.2371184371184,91.94321941395407,27.49183292822381
SC4001E0-PSG.edf,SC,Wake,0.837975156984948,0.09115882600143092,0.024330938029333532,0.017913616573421217,0.03800034332712101,518.4214896214896,86.51008061436842,23.970551922992676
SC4001E0-PSG.edf,SC,Wake,0.6321342212184876,0.16007766249563404,0.06456438163930613,0.04552322098848509,0.1345566944826319,530.741391941392,81.47514947111239,15.408480775991157
SC4001E0-PSG.edf,SC,Wake,0.7722495817589389,0.11407441740715918,0.043805560727196775,0.02345574870969567,0.06346504294727631,605.153601953602,77.55681881497026,22.555707140748375
SC4001E0-PSG.edf,SC,Wake,0.8702735487180839,0.07697347880146937,0.019655397118927477,0.012308623521080066,0.029865088169083426,517.4358974358975,83.76724401025406,26.14156094867218
SC4001E0-PSG.edf,SC,Wake,0.7963590762314477,0.1103975585276615,0.03165514521164912,0.025108263965814705,0.055633968993497304,571.6434676434677,68.32286094860416,22.027608849743906
SC4001E0-PSG.edf,SC,Wake,0.6283550140517086,0.21258878317258012,0.05097567299292011,0.03169073229959825,0.09695768408421178,342.0004884004884,46.50952735358825,13.242159804777096
SC4001E0-PSG.edf,SC,Wake,0.849237420989151,0.07321773418704734,0.02595905407720891,0.015512855440075694,0.04237084580335261,454.85079365079366,57.94643310999972,17.985972568596864
SC4001E0-PSG.edf,SC,Wake,0.7523805796579127,0.13351041125451973,0.03691509440842507,0.024097871411240947,0.07164777747059567,579.0354090354091,59.508143452232524,18.392015928571322
SC4001E0-PSG.edf,SC,Wake,0.7264979188596179,0.16037412979532714,0.04226875760818295,0.02066368474549427,0.06034199745774359,544.5396825396825,68.53281994751175,17.51982467131281
SC4001E0-PSG.edf,SC,Wake,0.8362373566523511,0.09493609571827648,0.025808244392749372,0.01446430238683736,0.035301376118650966,556.8595848595849,91.85902910661765,26.333308276814545
SC4001E0-PSG.edf,SC,Wake,0.7788143212650521,0.09893238825805299,0.03653918535581422,0.02251144608447219,0.08119865059791066,582.4849816849817,69.52546173369203,22.889942983793773
SC4001E0-PSG.edf,SC,Wake,0.8329313580308165,0.10015673034453501,0.025076193303801075,0.013677646990406422,0.03355642056729524,608.1103785103785,82.32792305804192,19.6152865398195
SC4001E0-PSG.edf,SC,Wake,0.6596413894879215,0.18180146743941616,0.04658748767983747,0.0343119750485761,0.10143231852794093,358.2627594627595,45.940026307396366,14.147837927595965
SC4001E0-PSG.edf,SC,Wake,0.820091753439622,0.09859946000893349,0.027290242661223037,0.016517021601113187,0.051149180856383425,536.6549450549451,70.37346212238918,19.113698092179323
SC4001E0-PSG.edf,SC,Wake,0.8765105558326386,0.06705614314442009,0.021331115947100663,0.01224531357259749,0.02978917800685764,631.2717948717949,76.39343044380664,28.0842603016141
SC4001E0-PSG.edf,SC,Wake,0.8881338317825154,0.06549488053641958,0.016784747219498013,0.007656239033100523,0.023169587229653628,544.0468864468864,81.56791906690476,21.948548337889967
SC4001E0-PSG.edf,SC,Wake,0.8731012701828756,0.07539216585248433,0.01755255969666677,0.011402481726093221,0.029812781943334307,466.1851037851038,77.22487474461678,28.920677811381164
SC4001E0-PSG.edf,SC,Wake,0.8229136408292349,0.08042799176920183,0.028288185948953173,0.0200755309817136,0.06224306163440084,485.40415140415143,67.72780880996608,20.893036359175035
SC4001E0-PSG.edf,SC,Wake,0.6542008705898288,0.14794034799454187,0.06919289951652179,0.039285874194582564,0.12091731669255315,428.2398046398047,57.524465205440485,18.07673229434122
SC4001E0-PSG.edf,SC,Wake,0.7337915628519781,0.14419453074058228,0.038317133492684216,0.023913746878819413,0.07714537568231665,407.04957264957267,61.69171908596623,20.394777254268067
SC4001E0-PSG.edf,SC,Wake,0.7070348760947334,0.13745421759798876,0.05520360452242196,0.0373432577418001,0.09422679676301265,454.3579975579976,44.2806595258935,17.21407242595088
SC4001E0-PSG.edf,SC,Wake,0.6662160187554476,0.14457029452783235,0.057528414467917684,0.04009237764102417,0.12346280836547655,384.3809523809524,46.415738194463486,19.277445450457893
SC4001E0-PSG.edf,SC,Wake,0.8725894691055782,0.06798015044129373,0.021612203653659335,0.014417068969241944,0.033646571638177185,542.5684981684982,77.89821029678423,25.626569781573092
SC4001E0-PSG.edf,SC,Wake,0.8266538443540734,0.09742569249995355,0.030729244813853418,0.018362088831915663,0.035817193253146966,461.74993894993895,73.35880180044897,21.293823429901394
SC4001E0-PSG.edf,SC,N1,0.508139884310144,0.28563469198863356,0.13709676593700534,0.03935230425290895,0.04477138094280956,133.54774114774116,23.248978801719964,8.876441940836047
SC4001E0-PSG.edf,SC,N1,0.6149762366810992,0.26413395620512403,0.046927483020407765,0.036126765662411735,0.05511978627352809,115.80708180708183,16.969740003429628,9.846788367481018
SC4001E0-PSG.edf,SC,N1,0.6827023008443949,0.22423063927281336,0.04196392007001777,0.016158037855019715,0.029821394768002166,164.593894993895,26.808063746640546,10.393293919930102
SC4001E0-PSG.edf,SC,N1,0.7587147224325036,0.19339147787247923,0.02036060520447165,0.008161524583997753,0.01559461592481425,147.34603174603177,24.12923968033209,16.331943904837058
SC4001E0-PSG.edf,SC,N1,0.587187053370529,0.23916813279966864,0.07264730783614122,0.03630320594499106,0.0911125389507016,776.6466422466423,102.55182994973488,17.70707488770119
SC4001E0-PSG.edf,SC,N1,0.7330101978589378,0.1865617533009043,0.033314690648891525,0.01277028065099266,0.039298839588219135,371.0754578754579,40.55636280907104,22.344440549151148
SC4001E0-PSG.edf,SC,N1,0.43074888118652077,0.40537975469779935,0.05404539504077699,0.030864042611475063,0.1042372039018272,312.43272283272285,34.17684353579474,13.363865178772908
SC4001E0-PSG.edf,SC,N1,0.7259779169758658,0.20481334984206376,0.027170197035736327,0.016920693769418144,0.03255499385492545,293.21367521367523,23.10925779371616,19.781083541497356
SC4001E0-PSG.edf,SC,N1,0.5886134325058812,0.2652879080936681,0.07619041849608763,0.019218081271138717,0.05429638166902992,280.4009768009768,27.889347585284366,15.943059430299435
SC4001E0-PSG.edf,SC,N1,0.8236412095675935,0.11802938010423047,0.029086899663556428,0.013209788115891765,0.02386485739105535,83.28253968253969,12.90654030543725,9.76875705767527
SC4001E0-PSG.edf,SC,N1,0.816565824391201,0.11977483146706426,0.028406295275718845,0.016308518292157608,0.027628151826394425,119.25665445665447,17.213821830826053,10.80594620654198
SC4001E0-PSG.edf,SC,N1,0.8020366270668793,0.1126756118704416,0.043627392173405354,0.03048963010387748,0.028744457043339732,58.64273504273505,8.592901167774405,10.467551040895275
SC4001E0-PSG.edf,SC,N1,0.6946382715874094,0.2235211085703375,0.03039691656216278,0.018390297411580634,0.038549983979649705,242.94847374847376,24.688649797253678,15.089809835050543
SC4001E0-PSG.edf,SC,N1,0.6087908119202149,0.2932077699752139,0.050593451149744506,0.020267767868873823,0.0354052938607241,103.97997557997559,15.91764568024067,10.918847240141943
SC4001E0-PSG.edf,SC,N1,0.5137550557647705,0.3972861504630321,0.04223908655908345,0.018660027973023022,0.03330212078687855,87.22490842490842,13.81323161057961,11.86382055871656
SC4001E0-PSG.edf,SC,N1,0.7669506726462167,0.15824256249398264,0.035137224920857246,0.021012812475488585,0.03157142770217881,112.35750915750916,18.974575654099695,10.328028625502313
SC4001E0-PSG.edf,SC,N1,0.5437233398407105,0.31957367727606173,0.08199685826601107,0.028354968476421584,0.04429922333198419,81.80415140415141,13.299564298397865,8.740408290226412
SC4001E0-PSG.edf,SC,N1,0.8103265433383952,0.14432055125875035,0.022958523764022788,0.007819575206437524,0.01548568472499039,239.49890109890111,31.087602573370912,20.064397434969155
SC4001E0-PSG.edf,SC,N1,0.8409176995440402,0.0837259174943827,0.023880823118012505,0.01941593561582055,0.04685788813044034,307.50476190476195,40.636535616816566,25.227753656379292
SC4001E0-PSG.edf,SC,N1,0.8399143367527587,0.1287946375465534,0.019052097372424612,0.008527824611666483,0.009684108001681548,138.96849816849817,20.612648562561073,17.380426341181018
SC4001E0-PSG.edf,SC,N1,0.7349991361990055,0.20129618713896855,0.03367268544999489,0.014050494186231895,0.020194561284473903,112.85030525030525,14.50557664802449,18.42348329619501
SC4001E0-PSG.edf,SC,N1,0.38509563100010485,0.33864831559603614,0.18202665228355597,0.033496933990633894,0.08040373451529156,515.4647130647131,42.306349402832886,15.659007717899515
SC4001E0-PSG.edf,SC,N1,0.7192077050687983,0.19597927375958304,0.043038084592533436,0.019776975972572868,0.027450341287626998,131.0837606837607,21.96273540496758,9.42537657982404
SC4001E0-PSG.edf,SC,N1,0.4714567016524973,0.3448338407617513,0.12074634416537623,0.027288591903294423,0.04198716903891961,139.46129426129426,28.05765500881434,8.721492768600209
SC4001E0-PSG.edf,SC,N1,0.38960327350922247,0.38108795388677336,0.15849684332984348,0.02397035678280096,0.04490086141564818,164.593894993895,28.423695836104635,8.543035426900069
SC4001E0-PSG.edf,SC,N1,0.6762001643237509,0.17425003948860793,0.07257338151249303,0.028896982147856805,0.06618803939142764,120.73504273504274,21.406802671726545,7.731014431541858
SC4001E0-PSG.edf,SC,N1,0.8207296409456892,0.10832961227248437,0.03685687344240205,0.018433176803070765,0.02553241048768372,137.4901098901099,18.2854055036625,12.924379012794164
SC4001E0-PSG.edf,SC,N1,0.6375861988052095,0.21713170233098214,0.052269887881176334,0.02682866543347721,0.08852968997727777,400.6432234432235,31.363771276302497,13.43148159198053
SC4001E0-PSG.edf,SC,N1,0.5672527168235015,0.29226823419361897,0.08986408033993215,0.02851087142049201,0.04050913747661738,106.93675213675215,15.57083257077473,11.443043370312367
SC4001E0-PSG.edf,SC,N1,0.4152604948856505,0.3918688784449159,0.10418894848646919,0.037217256975350166,0.07519629180679065,236.54212454212455,23.34842869597603,9.263148252692787
SC4001E0-PSG.edf,SC,N1,0.4351348197805658,0.2882094047472185,0.19778937897348708,0.03238364026382392,0.05718897251984717,114.32869352869353,20.49431930702251,8.442125523077245
SC4001E0-PSG.edf,SC,N1,0.5001402390802777,0.3043587952081604,0.1350315208646477,0.028154287030016673,0.05050994326129854,108.41514041514043,18.579889430371466,8.22356452436796
SC4001E0-PSG.edf,SC,N1,0.4978800457929176,0.3111508516843389,0.10095157823619884,0.04069374059052315,0.0707372876986619,77.86178266178267,12.281329812211407,7.775189796115242
SC4001E0-PSG.edf,SC,N1,0.8022618901037138,0.07182309660923906,0.05003652067195998,0.022848702510386436,0.06798275901418963,691.8857142857144,86.19993621934124,35.06602895229521
SC4001E0-PSG.edf,SC,N1,0.4586471289628147,0.32860308877370653,0.11328285051423116,0.03191256331245872,0.06927116512775958,139.46129426129426,22.524064522242202,7.399831647160524
SC4001E0-PSG.edf,SC,N1,0.4228057103705346,0.385344507436952,0.10608144105385503,0.035276130136014945,0.05725179621032892,89.6888888888889,16.638533825146023,8.396115895535068
SC4001E0-PSG.edf,SC,N1,0.5556777230637714,0.17271567445299546,0.1278709085782141,0.0478924022852432,0.13402123242748984,231.61416361416363,21.30328187163885,8.016649454252885
SC4001E0-PSG.edf,SC,N1,0.5186064588344537,0.22999975636187114,0.180455048011222,0.021923337597317984,0.04231539901671115,74.90500610500611,12.683385135514571,7.528472291645438
SC4001E0-PSG.edf,SC,N1,0.5607606512650511,0.2611645933218812,0.0937355267744931,0.023660408259514307,0.046630432276247046,112.35750915750916,15.284791004404383,8.156976258960881
SC4001E0-PSG.edf,SC,N1,0.5668991397044155,0.24874300270855224,0.11349159744483844,0.02181009048112542,0.05531111931547297,79.83296703296705,14.523915929078566,8.676306477596768
SC4001E0-PSG.edf,SC,N1,0.8016390320670651,0.13437807465666107,0.031294041752960695,0.013754071470668029,0.024867674525576155,59.62832722832724,8.709233057587866,10.413807290385531
SC4001E0-PSG.edf,SC,N1,0.8028311619533602,0.1231161904223795,0.03833038015762714,0.017250795038430848,0.029919332600400157,113.34310134310135,17.05166731779924,11.332155934425362
SC4001E0-PSG.edf,SC,N1,0.5801482430584293,0.2156231590965043,0.10348862542952153,0.04271707638508035,0.0955338032361954,513.9863247863249,58.547900314755914,10.616013334030274
SC4001E0-PSG.edf,SC,N1,0.6347530155526664,0.25419338925122065,0.06353329884582083,0.02453778754460365,0.03507146884018389,110.87912087912088,13.253513520296881,9.674470930164292
SC4001E0-PSG.edf,SC,N1,0.6256434637857876,0.22009281093581154,0.07088433854480938,0.042208135883713846,0.06989999204577675,102.5015873015873,17.113827301140873,7.601619516856199
SC4001E0-PSG.edf,SC,N1,0.6670009497803417,0.2055983091075022,0.05411337658995365,0.04042968951479169,0.06114966757285874,78.84737484737485,15.174776208821248,7.475349600293501
SC4001E0-PSG.edf,SC,N1,0.6539633928641168,0.2239094276430531,0.07150598516539247,0.02417021678046047,0.039393074254000515,86.23931623931624,13.875747150578952,8.689009525451059
SC4001E0-PSG.edf,SC,N1,0.6019705277911649,0.2658022585438462,0.06908623343340607,0.0242377998347703,0.04977350715842659,65.04908424908425,11.087152497632639,8.160754211805841
SC4001E0-PSG.edf,SC,N1,0.6536854481345084,0.20520534242942529,0.08231771369824999,0.02548301168623254,0.0364248187734711,425.28302808302806,34.63145503124118,8.062426821050579
SC4001E0-PSG.edf,SC,N1,0.5019569723390964,0.23460457284634115,0.12395644405687775,0.03763497053460713,0.11417987942173602,121.22783882783884,18.551900313010574,8.185496827567572
SC4001E0-PSG.edf,SC,N2,0.779095914354011,0.16017737868339518,0.02219780406296393,0.01370104778211739,0.021892106191139567,146.36043956043957,24.95718239263933,16.623832938436454
SC4001E0-PSG.edf,SC,N2,0.7435391962461452,0.2103022523727742,0.015367163439524356,0.008340630953693286,0.011125749744684226,98.06642246642247,16.86759904449945,17.96949143148987
SC4001E0-PSG.edf,SC,N2,0.8139333143881394,0.13792251100938627,0.017959940082196927,0.016743638322004827,0.018276507496507822,89.19609279609281,14.257745261054056,18.57161264040231
SC4001E0-PSG.edf,SC,N2,0.7531800089852282,0.16587635178879975,0.03491860160959561,0.03124576342924797,0.03184770011714937,90.67448107448108,15.032658557494587,17.739893775323132
SC4001E0-PSG.edf,SC,N2,0.8046388855792515,0.13646142966786196,0.024439316246247764,0.022347431567895704,0.023818559556406896,88.7032967032967,13.9578030957701,17.114995182845878
SC4001E0-PSG.edf,SC,N2,0.8419759917472368,0.10591458724297267,0.022418956209062372,0.01451209262563376,0.017688374302123833,76.87619047619049,12.535895403776998,14.557821303674903
SC4001E0-PSG.edf,SC,N2,0.8224409967408793,0.11208266727611778,0.030118342930339728,0.03395883860141255,0.024012040077051364,105.45836385836387,16.11370531031017,20.11923405073967
SC4001E0-PSG.edf,SC,N2,0.8513867940637861,0.1070897920814167,0.02178686469765033,0.013718038466954558,0.012259617507965554,189.72649572649573,17.184974351192903,17.940295659747036
SC4001E0-PSG.edf,SC,N2,0.770993211829585,0.12662748369274757,0.04887307874166478,0.05525993094940158,0.03606600639959505,95.1096459096459,15.333344210095625,18.1296675703581
SC4001E0-PSG.edf,SC,N2,0.7975575095723303,0.14331817608209751,0.026518886292584132,0.027808320925557416,0.02128999741494906,96.58803418803419,15.723945875486534,19.035110655204676
SC4001E0-PSG.edf,SC,N2,0.8149574916590974,0.10522507779680926,0.03901262446042383,0.028555085285187683,0.01593026598697523,79.34017094017095,15.570483065883844,19.908708136521003
SC4001E0-PSG.edf,SC,N2,0.8342069122493118,0.10851664104659292,0.03529737459661155,0.029664049526261026,0.017178018477967495,88.7032967032967,15.387804903034638,20.76500776406414
SC4001E0-PSG.edf,SC,N2,0.8443031468180006,0.10668835521946536,0.023524965098928725,0.021559199993909275,0.016024340128833126,107.92234432234433,15.858014387064502,19.087954412456515
SC4001E0-PSG.edf,SC,N2,0.831758450204755,0.12346950788102432,0.02482015951113107,0.020455721631151013,0.014496025907549061,95.1096459096459,14.303286906039308,19.937491590509794
SC4001E0-PSG.edf,SC,N2,0.8783063265787142,0.07395175150108323,0.027552089621588213,0.02074636528314101,0.013186957631673846,149.81001221001222,22.713432380422272,20.74025717343325
SC4001E0-PSG.edf,SC,N2,0.8583947430705846,0.10304333434159048,0.0225790885794237,0.018268532098360758,0.01049391783780155,114.82148962148963,21.93640846818087,21.64186810580079
SC4001E0-PSG.edf,SC,N2,0.7872712367677306,0.1492775209116629,0.033006942830875644,0.015236494984916344,0.02612102606864072,464.70671550671557,42.79139793185894,23.04561103979615
SC4001E0-PSG.edf,SC,N2,0.9027816678358619,0.06989720274163579,0.014833146251394968,0.008293709856745567,0.007176192643084244,163.60830280830282,20.26858812224642,25.55984158034832
SC4001E0-PSG.edf,SC,N2,0.8083774772343562,0.12974227931863963,0.040930028224995384,0.02156821851828189,0.01590217239894029,141.92527472527473,20.473298166231267,23.030432179787482
SC4001E0-PSG.edf,SC,N2,0.8819304063303653,0.07827229137983178,0.017859441954269046,0.017434196657159444,0.013528939454305793,122.70622710622712,18.192129151531734,22.435623307856467
SC4001E0-PSG.edf,SC,N2,0.6371064763676993,0.3011889599669799,0.03725975047434332,0.018409550315340775,0.019869640944712632,138.4757020757021,25.899818442214784,20.748092175585867
SC4001E0-PSG.edf,SC,N2,0.9023905086526274,0.07286498681177622,0.012921608825141399,0.006123354841195755,0.009570992121694114,144.8820512820513,20.879669612029613,19.79172978635925
SC4001E0-PSG.edf,SC,N2,0.7460181767331018,0.15725330055327905,0.05092422295320662,0.04696633759873627,0.034780141117213115,94.12405372405374,16.532236672891496,16.958566250362146
SC4001E0-PSG.edf,SC,N2,0.8137265891375693,0.1329491023270875,0.027241045505581124,0.029744846352905068,0.018192671852276507,84.76092796092797,13.56027559242098,21.991386684581926
SC4001E0-PSG.edf,SC,N2,0.824736410325269,0.09199695300511608,0.04471292829929716,0.04602588857589766,0.023912296337940075,89.6888888888889,14.034956189512966,19.02555137242863
SC4001E0-PSG.edf,SC,N2,0.8417110802979881,0.10695781323295324,0.020160602899402667,0.015319742634261545,0.025724755503609316,135.51892551892553,23.193130353384962,14.872578317457455
SC4001E0-PSG.edf,SC,N2,0.9020924480128942,0.0682240687687813,0.014304470445618852,0.008948184579133493,0.011022347544744448,138.96849816849817,20.75520284601174,16.263738633676553
SC4001E0-PSG.edf,SC,N2,0.855336118923742,0.09321771420104037,0.026946907156412726,0.023984364012648397,0.014236339897788301,157.20195360195362,22.635603153319085,21.510518969925624
SC4001E0-PSG.edf,SC,N2,0.8471649119396386,0.09333090730022314,0.03721400041291744,0.028209048842418448,0.015013426261651395,101.51599511599512,17.707363141965626,19.86333613472383
SC4001E0-PSG.edf,SC,N2,0.8626361183968345,0.08703991783587481,0.03277816222464693,0.02704941402527573,0.010972805717261322,111.37191697191697,18.945290081041005,21.685668698113133
SC4001E0-PSG.edf,SC,N2,0.8513634501876972,0.0991263275619903,0.02545949012393779,0.028947486705879343,0.016920093292911425,101.51599511599511,15.013692655146874,21.380861579668
SC4001E0-PSG.edf,SC,N2,0.841822957874447,0.11646446100322545,0.029070474875323427,0.020623958019294432,0.007238635210725733,114.32869352869353,14.594030715994194,24.341350394050625
SC4001E0-PSG.edf,SC,N2,0.9420664203706988,0.04350016918979478,0.008071656414332114,0.005453052541914101,0.005330891437673221,158.1875457875458,23.32268304453959,27.041233263927957
SC4001E0-PSG.edf,SC,N2,0.828030766524377,0.12169916182378061,0.027762362815172352,0.01762746823380571,0.011381357000954126,86.23931623931625,11.71824246372971,17.75837033014516
SC4001E0-PSG.edf,SC,N2,0.8529094706174681,0.10266116048831216,0.0213684282286045,0.01632932339169259,0.013086093503933072,89.1960927960928,12.360040334703552,20.741499657170635
SC4001E0-PSG.edf,SC,N2,0.7309418179545247,0.2323336201940728,0.02275560633209921,0.009027043670074104,0.009457315791269879,111.37191697191699,14.906994541643531,21.8129007419693
SC4001E0-PSG.edf,SC,N2,0.7589150884848831,0.19560317514618003,0.028355771905761915,0.02193959357603719,0.012892725280944133,82.2969474969475,12.262036979067316,18.249704805132755
SC4001E0-PSG.edf,SC,N2,0.7733918064804082,0.1905472625890979,0.017762445081459733,0.009172062851320956,0.013052829038082147,181.34896214896216,17.16127421067706,19.633846152854684
SC4001E0-PSG.edf,SC,N2,0.5238713961292942,0.38112794369787417,0.03973890786520214,0.027183264309281783,0.04410391333854645,295.6776556776557,25.948169873788583,18.82941511939034
SC4001E0-PSG.edf,SC,N2,0.8445816231716498,0.1245659306224648,0.016922035292106112,0.01091025203730335,0.011344101324527813,76.87619047619049,11.954071962569126,15.972009535541865
SC4001E0-PSG.edf,SC,N2,0.8315694022502255,0.10330155720126208,0.039397787703807016,0.024006414330794635,0.01923119217189895,88.7032967032967,14.576503194355585,16.48724406066807
SC4001E0-PSG.edf,SC,N2,0.7607524746734319,0.14298204452897711,0.044476388893829516,0.03188607460007199,0.04087033932386411,64.06349206349206,8.772455723799117,10.607423736369382
SC4001E0-PSG.edf,SC,N2,0.7995656319621126,0.08118390429805158,0.08162268925701067,0.07091068464631943,0.027880579991719785,59.13553113553114,7.972472017180545,11.7640439670381
SC4001E0-PSG.edf,SC,N2,0.7854579200736374,0.11565741945705453,0.055562162982766825,0.04313866360977099,0.02665722503025411,55.685958485958494,7.592241067730636,11.317197390453194
SC4001E0-PSG.edf,SC,N2,0.8343478468361831,0.09938376420946876,0.04309672406744114,0.02477258848189998,0.017674935279253238,55.68595848595849,8.2257068745707,13.342631655525569
SC4001E0-PSG.edf,SC,N2,0.7677749542950325,0.15764973880798816,0.039617719966605035,0.029884249295452036,0.021898147850814984,53.221978021978025,8.07751358230256,11.620388768565238
SC4001E0-PSG.edf,SC,N2,0.7794179562529812,0.12467059806882923,0.06258860989457976,0.05216290035866158,0.020528601622133026,58.14993894993895,8.321056149906092,12.287183177202065
SC4001E0-PSG.edf,SC,N2,0.8177031792681416,0.12338358036627849,0.039640420994693275,0.026437957650980004,0.011930030295441344,68.4986568986569,9.609667787738974,17.19042821131498
SC4001E0-PSG.edf,SC,N2,0.8444367897244233,0.10217118262361867,0.026675834972017302,0.013009853715079652,0.023059058494535545,97.57362637362638,15.585410611276167,16.892908108691994
SC4001E0-PSG.edf,SC,N2,0.7886318669277845,0.14034849202434777,0.04128483215678507,0.024630336164887603,0.020484143140654578,96.0952380952381,14.831317113561331,15.50992159973171
SC4001E0-PSG.edf,SC,N3,0.8561093081996057,0.10391306670101877,0.020100413520274172,0.01395830326712785,0.008579191987382438,99.54481074481075,15.679103386311127,24.00281644310243
SC4001E0-PSG.edf,SC,N3,0.8087465128975146,0.12961002894951756,0.04350702944600029,0.0305155110637087,0.013492849251963243,134.53333333333336,18.814987359773657,24.18264324088462
SC4001E0-PSG.edf,SC,N3,0.8910006082208124,0.0772666801432425,0.018224225290636147,0.01164511654194366,0.006553794240498936,101.02319902319903,16.745076996416195,26.85417002504389
SC4001E0-PSG.edf,SC,N3,0.9007783225730311,0.07156006365822404,0.01832674705532484,0.008956546819998181,0.006267863249894101,110.38632478632479,18.338155010321312,23.91107936976166
SC4001E0-PSG.edf,SC,N3,0.8863917129437946,0.08185956324765632,0.02242775919384937,0.013094604924527773,0.006645903451024065,129.11257631257632,21.14007778125995,26.83602636700635
SC4001E0-PSG.edf,SC,N3,0.8914823491095324,0.07906643643618522,0.017132302036795184,0.011797269409252109,0.007558679395918567,124.1846153846154,19.018367981174418,26.323108282320444
SC4001E0-PSG.edf,SC,N3,0.9198141664410421,0.05825264645686834,0.012847003701972882,0.01039453388295334,0.006313599421335162,98.55921855921856,17.742317186674494,29.929131599603434
SC4001E0-PSG.edf,SC,N3,0.9098320525316661,0.059115606454547866,0.019151981355212,0.012594540656966375,0.007232674181973933,120.24224664224664,18.67518382672605,25.581741934561137
SC4001E0-PSG.edf,SC,N3,0.8620903612171877,0.10270495343934713,0.02325657946438155,0.013724834879269199,0.006071083160988485,128.61978021978024,17.079964361154474,26.818995359661734
SC4001E0-PSG.edf,SC,N3,0.8916039603550958,0.07243185033598061,0.018709587880418873,0.010874330586087442,0.0050870626416990965,122.21343101343102,19.718060716868152,31.84164205756951
SC4001E0-PSG.edf,SC,N3,0.9284490554631601,0.04887863895947748,0.014999839828598358,0.006314027748792429,0.004481868897600248,108.41514041514043,18.128296360442032,30.972537094299145
SC4001E0-PSG.edf,SC,N3,0.9046863934573363,0.06776510309197199,0.018806663971177064,0.007662948212551526,0.004010285600839292,139.46129426129426,21.513748452185233,30.765972717770747
SC4001E0-PSG.edf,SC,N3,0.9063543093764247,0.06516898546048493,0.017348414862525512,0.01060307706288457,0.006932496930897754,137.982905982906,19.94649911941614,30.091461355928313
SC4001E0-PSG.edf,SC,N3,0.9228221577231475,0.05727998166353325,0.012427287930230306,0.006975287646118172,0.0035974757573650038,113.83589743589744,20.96404046733,30.756309673600402
SC4001E0-PSG.edf,SC,N3,0.9099619782299256,0.06889963123107698,0.013178255088716817,0.007412296995303405,0.003979716748927419,112.85030525030524,18.503060555078694,28.880174625736554
SC4001E0-PSG.edf,SC,N3,0.9375651687574206,0.041993272436805486,0.013193088916523014,0.006313086367793285,0.002930921462420341,138.96849816849817,21.086363067225502,34.315619841784525
SC4001E0-PSG.edf,SC,N3,0.8955710799471163,0.07655358028663767,0.01585662146834983,0.007835975209000826,0.0053221329136879676,120.24224664224664,18.312397438935804,27.401025584463543
SC4001E0-PSG.edf,SC,N3,0.9416642747270495,0.04257897432239103,0.008777111353809448,0.004699112604388812,0.0035126873955407616,144.3892551892552,23.651864734118192,34.957160100905305
SC4001E0-PSG.edf,SC,N3,0.9019634946197792,0.07358379973602319,0.013545755055809577,0.009291006502500223,0.004683744034437263,128.12698412698413,20.101929974446815,30.51982798144191
SC4001E0-PSG.edf,SC,N3,0.9198781819983229,0.062145741609419936,0.0120442070741501,0.0044150613256748565,0.002972422108931436,162.62271062271066,25.276544832301546,37.05412069495191
SC4001E0-PSG.edf,SC,N3,0.9386672722047147,0.03984408350519849,0.013902580060066927,0.0074598569716628265,0.002604500317780988,398.6720390720391,43.49067867626541,36.35424598081285
SC4001E0-PSG.edf,SC,N3,0.8825002397688329,0.0850892552403019,0.014890760845672209,0.008472990975874017,0.009657139115839698,186.27692307692308,29.950647056675113,24.600257217809855
SC4001E0-PSG.edf,SC,N3,0.913428464179527,0.06109632311398584,0.015443399605943528,0.008883158485612093,0.007965615731822279,143.403663003663,24.266299685536097,25.426809733577304
SC4001E0-PSG.edf,SC,N3,0.8752784684274165,0.08845256507750138,0.02041434251317892,0.01128910219330494,0.006951974408672583,149.31721611721613,25.424190512945735,24.49436922815494
SC4001E0-PSG.edf,SC,N3,0.8629639930069279,0.08667643925158593,0.03212156516793847,0.021344465786454322,0.007552704719769838,156.21636141636142,25.771686461274978,24.583253347498083
SC4001E0-PSG.edf,SC,N3,0.9013891888551389,0.07033596641694399,0.014661142873927538,0.009424773904107514,0.005610570534560928,177.4065934065934,30.165827624592804,27.435104223468358
SC4001E0-PSG.edf,SC,N3,0.9163485573818831,0.05519256294863999,0.017784281189792816,0.011600341252897294,0.0057547294115990215,169.52185592185594,30.720043081543167,27.62763522636316
SC4001E0-PSG.edf,SC,N3,0.9177884796414111,0.060594327958701504,0.013061128830323699,0.008021908431529468,0.004748603649538503,158.1875457875458,26.87380519177947,27.141110383892013
SC4001E0-PSG.edf,SC,N3,0.88718299149933,0.08548830020250535,0.016884053293850038,0.007278785551689487,0.003938580308153193,168.53626373626375,30.077165398064327,29.397645569831607
SC4001E0-PSG.edf,SC,N3,0.900274170239149,0.07336170485277779,0.01807420139791045,0.007959462359675465,0.0042380796311527365,182.33455433455435,29.00033704430577,31.504000122974805
SC4001E0-PSG.edf,SC,N3,0.8969624105425661,0.08004304969887885,0.012236847308309541,0.006897388344395062,0.004311143880895679,190.71208791208792,36.22400520942672,28.78510344924335
SC4001E0-PSG.edf,SC,N3,0.903923652102889,0.07262240392596249,0.013022937102419167,0.009910044218147236,0.00724398392610475,183.32014652014652,29.993667505053033,29.310799224610694
SC4001E0-PSG.edf,SC,N3,0.9305601901214702,0.049658481681793105,0.011566373758248493,0.007563313637501323,0.00437978605683621,213.8735042735043,36.97180844154198,36.052689806138815
SC4001E0-PSG.edf,SC,N3,0.8138712551351173,0.12906009726518972,0.03051152186428853,0.029345549686972464,0.015714793149278188,95.10964590964592,15.775312496051553,24.70538992614449
SC4001E0-PSG.edf,SC,N3,0.8608510186893962,0.09209027678515712,0.026541259220617765,0.021151249494244413,0.014693860898222524,130.5909645909646,18.75549095890897,23.51816145366056
SC4001E0-PSG.edf,SC,N3,0.8872501829994208,0.07871658340954439,0.01966771527873499,0.017469963951060225,0.010073657083396265,111.37191697191699,15.492342867840705,22.722512482731226
SC4001E0-PSG.edf,SC,N3,0.8746097503819232,0.08717240139527248,0.019593320954660175,0.01333109203438188,0.012481150595672869,104.47277167277167,15.763199276604311,25.22449222861302
SC4001E0-PSG.edf,SC,N3,0.8503522934101848,0.1097960629268194,0.0213877105398009,0.010071848665530134,0.007601217184983976,213.3807081807082,24.2813618416392,21.129416229906298
SC4001E0-PSG.edf,SC,N3,0.8858513640555645,0.0730145252458922,0.02212378040093492,0.018571575629797922,0.013119367077479507,116.29987789987791,17.825450700888915,20.288101882040625
SC4001E0-PSG.edf,SC,N3,0.8441625947959148,0.08297976800917035,0.05478821883835747,0.023764293915961927,0.01110407798616078,171.4930402930403,23.029442795245625,25.06631384072428
SC4001E0-PSG.edf,SC,N3,0.9116955909438224,0.05366341357623202,0.02190980898089407,0.018514144731038643,0.009138532119921657,90.67448107448108,13.910403414225176,24.78252684453334
SC4001E0-PSG.edf,SC,N3,0.9315542216586216,0.047103664447255604,0.012846759783653133,0.008375141647694631,0.004190584409386478,129.6053724053724,15.710721125677235,30.037731925581795
SC4001E0-PSG.edf,SC,N3,0.9088908650822844,0.06456935866938028,0.017573940043198472,0.0107395708045609,0.004874279112184397,110.87912087912088,17.28448744199935,25.36207006325739
SC4001E0-PSG.edf,SC,N3,0.8908828311544513,0.07980886858104397,0.018530842789373295,0.011125327224182541,0.005514946346277413,98.06642246642247,14.591342769444962,27.08017608195935
SC4001E0-PSG.edf,SC,N3,0.8760143437587002,0.09546175066615473,0.020501737057313382,0.012481424275266079,0.0050111340765144246,124.67741147741148,17.706308235366006,25.295989195328836
SC4001E0-PSG.edf,SC,N3,0.9272877333249288,0.050271905963880724,0.016485203638830045,0.009667341501304438,0.003982169549469275,103.97997557997559,15.584525067412017,29.46410988619467
SC4001E0-PSG.edf,SC,N3,0.9358479656591799,0.04582048267335022,0.011747675671549267,0.006795713742579486,0.003730231673359676,119.74945054945056,17.381548711466543,30.018476366165622
SC4001E0-PSG.edf,SC,N3,0.943683886620229,0.04281181365006993,0.008804471781397292,0.005067342015249365,0.0026210838432676976,101.02319902319903,14.70004119848306,31.670396510067842
SC4001E0-PSG.edf,SC,N3,0.9435435384234812,0.04108887676511673,0.009554624780258637,0.003902039785446372,0.002297844764966498,147.83882783882785,19.81924348428176,36.70706320508191
SC4001E0-PSG.edf,SC,N3,0.9197733697916229,0.060516989117120494,0.012584900282050431,0.0066799586364048435,0.0033143976646541214,122.70622710622712,16.873805289330313,32.644988649213836
SC4001E0-PSG.edf,SC,REM,0.5586233486324401,0.38483997864665037,0.031917548537533945,0.014472216643854993,0.015279976371592344,80.32576312576313,12.133648035385063,15.274447629357576
SC4001E0-PSG.edf,SC,REM,0.5595756671931419,0.3721445027422941,0.03649335348988061,0.014438970723589305,0.018569768827788467,332.1445665445666,32.45227566410783,14.43620941628095
SC4001E0-PSG.edf,SC,REM,0.6233948876354392,0.332036355937666,0.02497473549314568,0.008551318263185788,0.011275625774055994,82.2969474969475,10.434210933073665,15.017729462723112
SC4001E0-PSG.edf,SC,REM,0.6087080321932017,0.2870634466277733,0.06870716555416453,0.01479980837111655,0.023566526958150914,112.35750915750916,14.675425497776057,11.905401397546452
SC4001E0-PSG.edf,SC,REM,0.6001088110053183,0.3273064437258769,0.042311133875839194,0.017405532896291858,0.022275226355249488,154.73797313797314,19.816556970493888,10.908648717468822
SC4001E0-PSG.edf,SC,REM,0.6094054580284421,0.2606492753795259,0.08496950988504468,0.018454177850954715,0.026672720042248233,91.16727716727718,10.970305297564025,10.1305734810166
SC4001E0-PSG.edf,SC,REM,0.5154968597605153,0.42231608851136143,0.031964316276897255,0.012381677795097083,0.014591643292911936,78.35457875457877,12.799898188809204,15.241602793404285
SC4001E0-PSG.edf,SC,REM,0.5175599061751256,0.34997545495320204,0.08083049596788655,0.025840939578326234,0.03880532813600182,169.02905982905986,15.989367948121668,10.631121586978892
SC4001E0-PSG.edf,SC,REM,0.5297687160667041,0.31621172879974613,0.09907790110944674,0.02221858936887737,0.03741116044413975,251.81880341880344,22.946470247375704,11.881745463964997
SC4001E0-PSG.edf,SC,REM,0.6285259661572573,0.24728710685957206,0.07038785778239307,0.02485985642724133,0.035799787432393336,255.76117216117217,27.34052664954198,9.865510201081984
SC4001E0-PSG.edf,SC,REM,0.7153700980807745,0.19069954073418854,0.05800946141690571,0.016155552847677127,0.026179285334236097,186.27692307692308,22.61691518459712,12.855358008185858
SC4001E0-PSG.edf,SC,REM,0.53584846120995,0.3331689456638219,0.07529384732874157,0.02713658451509552,0.04134381254677863,124.1846153846154,16.703079406099068,9.653681617384379
SC4001E0-PSG.edf,SC,REM,0.4734609182168937,0.4315461153580892,0.053771629790625504,0.019233540002899632,0.030798338377366865,244.91965811965815,24.1722121336092,10.546932949280714
SC4001E0-PSG.edf,SC,REM,0.6291192603512809,0.2432052376613648,0.08536961419431023,0.022943704275164147,0.03074117738129672,186.76971916971917,19.373660616288895,11.855267105234836
SC4001E0-PSG.edf,SC,REM,0.5827114065762002,0.25368464893972725,0.10838648815950326,0.021003696721814232,0.04163667746150975,73.91941391941393,11.290326990754684,8.868772989445667
SC4001E0-PSG.edf,SC,REM,0.6550743188120568,0.20374978510535216,0.07628804678397037,0.030252600853585835,0.047362866269550614,88.21050061050062,12.031600179068967,9.439672474783336
SC4001E0-PSG.edf,SC,REM,0.5728195672300442,0.27427505519255757,0.08804306938067566,0.025325785973177233,0.04187533455970708,270.54505494505497,30.30095408258847,8.77590837836425
SC4001E0-PSG.edf,SC,REM,0.6012659375558573,0.2529266735326464,0.1028783076554835,0.01958657712282797,0.033431893298260185,114.82148962148963,14.22624368152124,9.072144596211626
SC4001E0-PSG.edf,SC,REM,0.6559516930595957,0.20777376183710303,0.0852236199817126,0.015217110556509365,0.028797263996456587,159.17313797313798,15.559257743001114,9.663869263199055
SC4001E0-PSG.edf,SC,REM,0.5722922701359026,0.3095968694905895,0.06626211814269395,0.028175145854580544,0.03908497767989968,108.90793650793651,15.302001363700361,7.957292522495572
SC4001E0-PSG.edf,SC,REM,0.6124339246864845,0.2636655584858149,0.07310614111690546,0.027482545703654618,0.04249462646397677,162.12991452991452,20.240567792174247,8.402585469093454
SC4001E0-PSG.edf,SC,REM,0.6307101511083048,0.2700011667273878,0.04875594013877749,0.019806743716380932,0.03732222511895771,87.71770451770453,13.046588150230303,12.62382271070637
SC4001E0-PSG.edf,SC,REM,0.6289654070788684,0.2626485790943239,0.058213329488132536,0.029587662332554693,0.03809474090764219,65.54188034188034,9.69231854198646,11.393752650648288
SC4001E0-PSG.edf,SC,REM,0.577653882416499,0.2684539143109862,0.09656710682104368,0.027795882529663134,0.04020386653326089,91.16727716727718,10.83597227796254,9.903958755563826
SC4001E0-PSG.edf,SC,REM,0.597904247739136,0.26720260105918764,0.0931162026704872,0.020654854172989654,0.029933555724030208,356.2915750915751,33.87920976409341,10.945929272905847
SC4001E0-PSG.edf,SC,REM,0.5060432645035519,0.35149822641974715,0.07675024789301692,0.03647444049572587,0.05477030276553087,363.1907203907204,41.77952973698052,8.406510752356638
SC4001E0-PSG.edf,SC,REM,0.6764086031460104,0.22065627484128467,0.06362463792215965,0.01919467155659624,0.029546765538734057,60.12112332112332,7.955648186982837,11.161016064960283
SC4001E0-PSG.edf,SC,REM,0.5441891036941457,0.36998167082605976,0.046838020836213676,0.017067180515210608,0.025944995473473495,58.64273504273505,9.385494796571706,11.895843342091736
SC4001E0-PSG.edf,SC,REM,0.6241552483588241,0.2619090360170676,0.05556181127406294,0.029765540649129292,0.04531937056893391,58.14993894993896,9.065206268721873,8.647233591651487
SC4001E0-PSG.edf,SC,REM,0.5341687125317472,0.3832795402356258,0.046127916373663286,0.018783122885361717,0.025833703820744305,163.11550671550674,25.144396209526654,12.030366786936925
SC4001E0-PSG.edf,SC,REM,0.6580260234081735,0.2845937411856584,0.03210361271917295,0.012032728280148959,0.016993228481038986,103.97997557997559,17.9893384127886,12.258866592532558
SC4001E0-PSG.edf,SC,REM,0.6452225721401854,0.22399295136443387,0.0889177616147874,0.016595670226676237,0.029010966795790842,198.5968253968254,19.54070189822197,10.074460775747879
SC4001E0-PSG.edf,SC,REM,0.5401729234669184,0.33579695338970594,0.0654235585799976,0.02560827440834114,0.05075356612834644,213.8735042735043,27.159549765254866,8.985942971934259
SC4001E0-PSG.edf,SC,REM,0.6618405343157889,0.2512792514546815,0.04573354224039519,0.01700836249659753,0.029943145858459797,84.26813186813187,10.73876621415097,10.60642365448517
SC4001E0-PSG.edf,SC,REM,0.5271071211970615,0.3184756334319857,0.10198314562735317,0.026999614209770043,0.0352693023792602,306.02637362637364,25.933201460484895,8.870407208161032
SC4001E0-PSG.edf,SC,REM,0.5413300804600161,0.27898074039710025,0.11775146156039025,0.02324060569759906,0.046000105950975985,332.1445665445666,25.891654285036566,8.8673980558096
SC4001E0-PSG.edf,SC,REM,0.6150422184921615,0.22121496590468726,0.08966280297055135,0.027435734581639774,0.04590863929634948,158.1875457875458,23.947777920187452,8.8727281944778
SC4001E0-PSG.edf,SC,REM,0.5848193931692469,0.2708566477935237,0.09829326386230713,0.01974415784095707,0.03321755290269378,249.35482295482296,32.51684459320318,9.534412309653485
SC4001E0-PSG.edf,SC,REM,0.7504202477621363,0.15670353223897548,0.0582700393192774,0.012906865055200577,0.022736033149937312,239.49890109890111,27.67631982488929,13.6274937624092
SC4001E0-PSG.edf,SC,REM,0.6397969522589375,0.23022985599142523,0.07673299182522521,0.02660200798903329,0.044820378465151,187.26251526251528,15.987523086773017,9.478492356885742
SC4001E0-PSG.edf,SC,REM,0.6226455802339005,0.23853433551106903,0.0830919191415917,0.02304450251565267,0.045907481943598866,214.36630036630038,21.340839233826905,9.217221403980217
SC4001E0-PSG.edf,SC,REM,0.6684819877033931,0.20049794066620324,0.07078597572658842,0.025166306421826948,0.045659989859675364,206.4815628815629,26.275825990771583,9.69829812392135
SC4001E0-PSG.edf,SC,REM,0.5654209063135317,0.2701380854698208,0.10598578551430494,0.03951382747306283,0.04419102117197737,94.12405372405374,13.796154732938561,8.41418757167053
SC4001E0-PSG.edf,SC,REM,0.6764324218409806,0.18946183122132482,0.08918853153178288,0.01651397995112319,0.031242443022143903,581.0065934065934,66.05443657186485,11.139441311664811
SC4001E0-PSG.edf,SC,REM,0.668284298845551,0.17956166299857257,0.0980064571030627,0.023444253137376126,0.04093201624616425,447.4588522588523,41.45438143875139,9.255266372109014
SC4001E0-PSG.edf,SC,REM,0.7546217596667937,0.125403541296469,0.06976459332823383,0.022615628500181766,0.033054219202721474,353.33479853479855,37.49143962777483,10.161018284299102
SC4001E0-PSG.edf,SC,REM,0.5167653393055014,0.34519383453530095,0.07884152690855807,0.029215024564411406,0.04362593470935302,268.5738705738706,25.687702116350973,9.958142756716182
SC4001E0-PSG.edf,SC,REM,0.6387012045232473,0.22560533895202975,0.0749301130716483,0.027934704951146454,0.048338157045159036,69.97704517704517,8.835054687292537,8.486139280682256
SC4001E0-PSG.edf,SC,REM,0.5496279592031543,0.2944067521912087,0.10463692254228153,0.026834835100979827,0.03944259127239967,182.33455433455435,18.026091161559247,8.73155596197066
SC4001E0-PSG.edf,SC,REM,0.6044201238647186,0.2601404973740541,0.08737858437796596,0.02023761928779488,0.03581904257875581,250.83321123321124,29.822310529681992,8.087231162337421
SC4002E0-PSG.edf,SC,Wake,0.7418232053975935,0.1388978152457021,0.033386458935814045,0.02128761794620961,0.07794284946821448,453.3577533577534,58.85394039166208,30.81640875595034
SC4002E0-PSG.edf,SC,Wake,0.8643602935864094,0.05841916035242931,0.030079638727826524,0.012524624103923923,0.04277868059456785,704.6336996336997,122.06165563495179,42.781063948331564
SC4002E0-PSG.edf,SC,Wake,0.7146345870024393,0.16615458472348493,0.06887178941112376,0.016841407336395373,0.04028449801471679,355.9340659340659,50.34158175626215,34.91861310175187
SC4002E0-PSG.edf,SC,Wake,0.815936160372516,0.10615306994851648,0.023033936173384114,0.017997015450726985,0.04662486047672457,779.3894993894994,108.40273062792413,48.89954725592474
SC4002E0-PSG.edf,SC,Wake,0.799990372160376,0.11872747781052262,0.02399335149861072,0.015094503513082627,0.05274524411708752,866.6849816849817,114.94590677417315,37.561470062716786
SC4002E0-PSG.edf,SC,Wake,0.8295750005801374,0.09500811553774824,0.026183996398156235,0.0162135756703264,0.042740890712984085,640.9706959706959,104.37415409078388,37.63516618315613
SC4002E0-PSG.edf,SC,Wake,0.7207845003356871,0.13756545354536912,0.04260206996432083,0.029916428950905235,0.08760929896213263,773.1196581196582,101.9298494779557,30.99441808024773
SC4002E0-PSG.edf,SC,Wake,0.8089438493413448,0.10415885678725594,0.027486153975012945,0.017016217889343353,0.0519530784548666,642.899877899878,87.75373937392878,41.670923102826144
SC4002E0-PSG.edf,SC,Wake,0.7873789088590349,0.11205341056319723,0.03067652024282698,0.016687020660154164,0.0643936904424054,858.4859584859585,131.5156176941309,37.10512498838763
SC4002E0-PSG.edf,SC,Wake,0.7206916360648062,0.12733929357062895,0.04343419325839301,0.03372972786598027,0.10108220156686074,587.918192918193,100.32716931928434,30.17911985263589
SC4002E0-PSG.edf,SC,Wake,0.7373299929251015,0.10013982785682864,0.04560361539071401,0.027052397154213224,0.11052324583271475,733.0891330891332,109.93207501555771,32.313817020833
SC4002E0-PSG.edf,SC,Wake,0.7811210901944196,0.06897891179415801,0.042528078493875535,0.03682287310087489,0.10373327728266041,481.33089133089135,66.23936708860855,28.91490611800473
SC4002E0-PSG.edf,SC,Wake,0.7128831114351344,0.11732645960708128,0.05632951334527373,0.03477298541081419,0.1069515167044401,646.2759462759462,84.29885609693213,26.85274135505927
SC4002E0-PSG.edf,SC,Wake,0.7023323749288791,0.12169930331257887,0.0567530806513903,0.04404391428637694,0.11154310808191716,487.6007326007326,56.78046102415129,26.82477754412241
SC4002E0-PSG.edf,SC,Wake,0.7307974910000212,0.15048504920853278,0.037569035922587375,0.0281560999197414,0.07237521426670777,544.993894993895,65.98512964636768,25.907822786779672
SC4002E0-PSG.edf,SC,Wake,0.6550425725620211,0.1389057040928736,0.05892294391397691,0.0412094581112475,0.14223505781336604,427.3137973137973,60.9679858817056,20.868682334944964
SC4002E0-PSG.edf,SC,Wake,0.733420271822477,0.10712783399097564,0.049499314773262276,0.032276784985673844,0.10276712078564201,493.8705738705739,55.678638605781295,20.80043472012874
SC4002E0-PSG.edf,SC,Wake,0.788715008300895,0.09678570284130239,0.035364923305592044,0.02393992010757995,0.07599595683140736,450.4639804639805,65.22072790590718,27.063342019147456
SC4002E0-PSG.edf,SC,Wake,0.8282872372380848,0.07380110757492418,0.030066590494164342,0.020546985102074488,0.05791894991418269,608.1746031746031,87.02510994099138,33.12283646073232
SC4002E0-PSG.edf,SC,Wake,0.7032443695329712,0.12081225212453746,0.05666080229357142,0.032514030371246956,0.10895506479192188,510.75091575091574,57.469865124235454,20.97372092167718
SC4002E0-PSG.edf,SC,Wake,0.7901137404488845,0.08256023036449422,0.035775915402841876,0.027591394530331707,0.08642885930859334,580.6837606837607,69.63280162419274,23.99685086641989
SC4002E0-PSG.edf,SC,Wake,0.6805088182220845,0.1365653785159412,0.052069934332214136,0.03446580269360526,0.12333296342102971,643.8644688644689,75.23827170788157,26.55688722132641
SC4002E0-PSG.edf,SC,Wake,0.6838038557961379,0.11273142383002577,0.04876179896777286,0.03898153890286726,0.14814761448475516,633.2539682539682,87.65514301425813,32.39604035366217
SC4002E0-PSG.edf,SC,Wake,0.7797413596677031,0.08341841371258253,0.039044283150551105,0.030175159702733663,0.09250743325355358,670.8730158730159,90.50221430574587,30.62912981382297
SC4002E0-PSG.edf,SC,Wake,0.597916834599604,0.11340549638943653,0.06980626530021017,0.06735503451960909,0.209255471484165,448.0525030525031,52.90647975950327,23.020428312821828
SC4002E0-PSG.edf,SC,Wake,0.7367203465635335,0.07053388376096696,0.04191555637034408,0.03345279309999167,0.14469890261606108,609.1391941391942,93.12829610161394,37.02488767351306
SC4002E0-PSG.edf,SC,Wake,0.642482019311198,0.1103804290123596,0.06517014492498313,0.05573388212749281,0.1753559152368062,524.2551892551893,73.06829932454315,27.94724281540551
SC4002E0-PSG.edf,SC,Wake,0.7159985634580855,0.10472946950105344,0.04860740932641256,0.03482966858282695,0.1255872181549879,398.37606837606836,59.152094198420755,22.157012496298144
SC4002E0-PSG.edf,SC,Wake,0.5480515053289778,0.16385857496232714,0.09060036995002482,0.059554467638193075,0.18437032773877393,368.47374847374846,38.20845216826655,18.497999554173905
SC4002E0-PSG.edf,SC,Wake,0.7076419584084749,0.15358056105788684,0.038787085867833436,0.032515465716272354,0.09071201704018951,585.02442002442,89.05341097695256,23.287431226051115
SC4002E0-PSG.edf,SC,Wake,0.8069113154788524,0.09147472184993626,0.031226518682472445,0.022854748903911277,0.06357660310385398,622.1611721611721,83.49035245140276,31.565445946617537
SC4002E0-PSG.edf,SC,Wake,0.7829537340397683,0.09729930624561327,0.033936140275441555,0.02778468260904945,0.08221345851996158,771.1904761904761,124.03070380605035,35.72387445532298
SC4002E0-PSG.edf,SC,Wake,0.7977873161723023,0.107029607437972,0.03168335396130894,0.023462270194277116,0.056786683213178646,721.031746031746,117.44190901223254,36.25209731443658
SC4002E0-PSG.edf,SC,Wake,0.8160729503722073,0.10771171623781212,0.025303435206013466,0.017334101434891426,0.044944928738889285,568.1440781440781,80.1591933549445,37.03600021992712
SC4002E0-PSG.edf,SC,Wake,0.7356281884973381,0.1512413646280118,0.034874259419230946,0.02545647743998289,0.06626875620060713,836.3003663003664,124.12704857803875,43.78056213712201
SC4002E0-PSG.edf,SC,Wake,0.808983924204731,0.10616177657732472,0.03463901611981439,0.01879558744355172,0.044221809625777764,619.2673992673992,78.56707312900807,42.666404042226425
SC4002E0-PSG.edf,SC,Wake,0.7653185734132608,0.14261366564021286,0.029885210561434818,0.019176224090304724,0.05084321770878489,788.0708180708181,108.58535937011689,41.06004458368987
SC4002E0-PSG.edf,SC,Wake,0.7664141006816028,0.1223081118063954,0.03607453568920976,0.029170106296387048,0.06742933993741651,809.7741147741148,141.11917102263254,37.61364741682041
SC4002E0-PSG.edf,SC,Wake,0.8090646870934621,0.08353611787564302,0.02823831238189943,0.021336018785098648,0.0742361771123561,806.3980463980465,123.34081865151067,34.26934983503324
SC4002E0-PSG.edf,SC,Wake,0.8242233735201969,0.10309797574667717,0.022886026087767027,0.014628581970067394,0.042333158466075514,797.7167277167277,132.70800076869367,32.10317564888245
SC4002E0-PSG.edf,SC,Wake,0.8553678531426644,0.07746808083552843,0.022686976872823165,0.015682929858344324,0.0381063275624358,822.7960927960928,145.42314322706935,34.8044846366451
SC4002E0-PSG.edf,SC,Wake,0.8050335954654017,0.08974831007529276,0.029241723556743947,0.02388074460930674,0.06884964189322239,848.3577533577534,128.93531867532502,32.172207172276615
SC4002E0-PSG.edf,SC,Wake,0.7934048729622912,0.09743252910539503,0.03627055911503437,0.02305202840988191,0.06430601777520306,875.8485958485959,132.09596907649154,27.04883839569128
SC4002E0-PSG.edf,SC,Wake,0.7439024355245194,0.1288001732538592,0.03947066890449983,0.02617302777145155,0.07920809349423537,608.1746031746031,68.95818474428295,21.675384646081465
SC4002E0-PSG.edf,SC,Wake,0.8171984119407192,0.09218109540603533,0.028011057190686996,0.022268563783183766,0.05686069688979489,771.1904761904761,123.37521802243378,32.25718162785888
SC4002E0-PSG.edf,SC,Wake,0.7743740308771675,0.1281586341846811,0.02897309891944681,0.024550792660508587,0.06330170561550574,698.3638583638583,94.37347918172199,29.80793905421218
SC4002E0-PSG.edf,SC,Wake,0.6874535202292572,0.16453550389405244,0.042625212738143826,0.03268246019194505,0.08812359680749439,640.006105006105,56.325247488984985,22.203306036078928
SC4002E0-PSG.edf,SC,Wake,0.7574622854415201,0.0920131263170981,0.042581136036085585,0.03339780226260789,0.10314133649981824,804.95115995116,95.80507776838677,25.81118504763919
SC4002E0-PSG.edf,SC,Wake,0.6327317601392694,0.1880297931748352,0.07418384583349937,0.04443375880930753,0.09392218260451976,689.2002442002442,68.77090651119266,22.654309743703003
SC4002E0-PSG.edf,SC,Wake,0.6819388015936811,0.11294161808639402,0.07142555022124494,0.04834156902082397,0.12817395177898003,632.7716727716728,86.60821424335211,19.768636930520834
SC4002E0-PSG.edf,SC,N1,0.5731888535409033,0.2904831223065552,0.04800333797368157,0.0251553397621035,0.05312351288935297,166.3919413919414,24.46097640935765,14.547673618192588
SC4002E0-PSG.edf,SC,N1,0.648784041393886,0.22669445149231063,0.057469436349500844,0.0339584709954818,0.05306138238308946,148.54700854700855,18.627859851471708,13.319663121684414
SC4002E0-PSG.edf,SC,N1,0.6182897356637561,0.2705873091304426,0.05032229520199193,0.02532233408871007,0.04781901472551142,122.98534798534799,20.03232767655348,12.441383186035388
SC4002E0-PSG.edf,SC,N1,0.7967800992868773,0.14618466295492352,0.025837381498353407,0.012072564961341403,0.025182524625483645,242.11233211233213,43.931142811209924,18.37726498209027
SC4002E0-PSG.edf,SC,N1,0.792424388499301,0.13776889504238213,0.036973615574336316,0.013598815880801526,0.025833303213278244,192.91819291819291,30.97704918208879,17.881576086704023
SC4002E0-PSG.edf,SC,N1,0.7239488310207668,0.16573995143746076,0.05212982890192789,0.026545213387206616,0.046263094256529046,80.06105006105005,12.025294968615908,13.03398490642665
SC4002E0-PSG.edf,SC,N1,0.568028043494664,0.34126198423640247,0.042711986318830185,0.019312090131188595,0.03685633998840061,86.33089133089133,10.345642374868213,12.709341219316846
SC4002E0-PSG.edf,SC,N1,0.5718100871314457,0.30879426270672855,0.06373847401210699,0.027097907103352303,0.048594259635859303,159.63980463980465,17.792237821057924,11.282095901921332
SC4002E0-PSG.edf,SC,N1,0.7107036952359136,0.14649158936143553,0.06234751960906308,0.0351294513211324,0.06925863523515875,136.00732600732601,18.499551668566966,12.259168502575077
SC4002E0-PSG.edf,SC,N1,0.5766890012168269,0.25010244525702013,0.08366928706019346,0.043990208060724206,0.06726313346517225,140.83028083028083,16.538325170451202,12.107926189645605
SC4002E0-PSG.edf,SC,N1,0.4738036098291322,0.3033844499383887,0.11471492476467235,0.03210320486832279,0.07238861832086355,143.72405372405373,24.23398046497775,10.685684134909085
SC4002E0-PSG.edf,SC,N1,0.43969161593159223,0.37902567544342786,0.09687274457177536,0.026808990077395806,0.054321696217552735,147.10012210012212,23.44991128436153,11.292083423712514
SC4002E0-PSG.edf,SC,N1,0.5531352954598846,0.2919597497845499,0.07686662959866308,0.025269392269974513,0.06321037509493753,127.32600732600733,21.267444263351123,10.19374552131967
SC4002E0-PSG.edf,SC,N1,0.6103197566757613,0.08101260044050174,0.0830667849861986,0.07010303462212605,0.2195589252865678,830.9951159951161,117.44076060935251,35.32702888524049
SC4002E0-PSG.edf,SC,N1,0.8278061157242405,0.10587949096109615,0.03040639704295124,0.016358484917744727,0.0313938175926114,169.28571428571428,27.100346650061482,16.53195764859463
SC4002E0-PSG.edf,SC,N1,0.6983488886570361,0.12907216137069802,0.08338132209778724,0.03671329103459007,0.07619965054382288,97.42368742368743,12.413541995955462,12.735514920206537
SC4002E0-PSG.edf,SC,N1,0.5684077617357198,0.2040028869113411,0.1067299669787284,0.057875644792717486,0.09922799794753981,100.31746031746033,10.487219843284098,10.023162511014664
SC4002E0-PSG.edf,SC,N1,0.7926721142564012,0.10464857454421278,0.04117331791023902,0.031032740152012166,0.04736411220971157,110.44566544566544,10.735069162445779,12.47590251973792
SC4002E0-PSG.edf,SC,N1,0.682703427145833,0.22937590156426382,0.043727699127314855,0.01817892988715081,0.03793318003841326,85.36630036630036,12.407369510705038,14.444394055949669
SC4002E0-PSG.edf,SC,N1,0.35834519467331416,0.44471590072252004,0.09633798395144026,0.03466013558318398,0.08204233406560098,116.23321123321124,15.841710475848055,8.757004117638644
SC4002E0-PSG.edf,SC,N1,0.52144018357015,0.2703062202370401,0.1258063982143786,0.030121657825782844,0.05722388304632793,103.2112332112332,14.245452293532097,9.291813525595549
SC4002E0-PSG.edf,SC,N1,0.6312438623441614,0.19895529514481308,0.07437700223454448,0.03190098588473619,0.06641183114307525,114.3040293040293,15.59826770488587,10.9391017673338
SC4002E0-PSG.edf,SC,N1,0.7577678377027403,0.1583119189326931,0.03737637891891657,0.022183192345159024,0.03240802754511256,116.23321123321124,15.646846261023152,13.581725519363951
SC4002E0-PSG.edf,SC,N1,0.7574605808193563,0.06989562396147259,0.049448393954534556,0.03084718486771342,0.11891276111552719,546.4407814407815,59.73213456093399,48.39511045716764
SC4002E0-PSG.edf,SC,N1,0.7476299990918883,0.18909309596216234,0.024002099736471834,0.020290997349906435,0.021714803059529716,124.91452991452992,13.892763354979145,21.971905495407803
SC4002E0-PSG.edf,SC,N1,0.663453555231206,0.24604843659226225,0.04601570323844448,0.03351541456999401,0.03659790052157271,96.94139194139194,10.978585174773414,17.089663979981108
SC4002E0-PSG.edf,SC,N1,0.5769051176757903,0.23326244482758315,0.09153897957581311,0.044433391194875556,0.0874638489255669,155.2991452991453,19.62664708846724,10.80359031381287
SC4002E0-PSG.edf,SC,N1,0.5538671742686618,0.3050290233130544,0.07225115468610192,0.029732744574197337,0.0573295669315044,130.70207570207572,13.920101847078937,10.000181046946068
SC4002E0-PSG.edf,SC,N1,0.6689401082254408,0.19704285700931864,0.06398743018869354,0.02852692698525695,0.05516697687534232,91.15384615384616,10.930418138727084,9.903521637372226
SC4002E0-PSG.edf,SC,N1,0.6419362988506442,0.21183148758663078,0.06361102121497465,0.03697677262865718,0.07176768403059054,195.81196581196582,16.025750333008233,17.855864625279256
SC4002E0-PSG.edf,SC,N1,0.3070581962961972,0.43820583258131585,0.11220964533572093,0.050392551984823133,0.11982067105827068,95.01221001221002,11.814837794001939,10.606525146451995
SC4002E0-PSG.edf,SC,N1,0.6469003810437923,0.2025916128482192,0.06695471863829679,0.03365204807620934,0.06351351401317841,85.36630036630036,9.896569476299403,10.068631464752173
SC4002E0-PSG.edf,SC,N1,0.584543309908486,0.24439604159110936,0.08955687934155708,0.03508459250382826,0.06652603108302832,80.54334554334555,8.849537608200933,9.791678619143495
SC4002E0-PSG.edf,SC,N1,0.6203041010581439,0.2432763268682424,0.062481088686715286,0.02783826500034694,0.0555582322525709,72.34432234432234,8.206682557425022,10.426288864215048
SC4002E0-PSG.edf,SC,N1,0.5893213891493413,0.23055084214430643,0.0663433127444534,0.04630075857848175,0.09170149534404586,113.82173382173383,16.047454837198732,9.790930279812594
SC4002E0-PSG.edf,SC,N1,0.6242459539098456,0.24965373642471367,0.04946975778310633,0.034402288197615656,0.06231934972099833,82.47252747252747,10.436949374257928,10.866330321034631
SC4002E0-PSG.edf,SC,N1,0.675634519455088,0.20299916760098843,0.05241739072948676,0.030919617488966957,0.06027801998945991,91.15384615384616,9.5795295607384,11.24338994462042
SC4002E0-PSG.edf,SC,N1,0.4053941145560343,0.43324495196512375,0.07003206424051252,0.03809797215246155,0.0841500852598345,89.22466422466422,10.294687136356076,10.113542469068953
SC4002E0-PSG.edf,SC,N1,0.6435170936581641,0.21038365553057567,0.0709620388504585,0.032216709010116154,0.0639678313622079,88.74236874236874,9.957730576895846,9.177253281318542
SC4002E0-PSG.edf,SC,N1,0.5551147438309398,0.28702463451736215,0.07881770398847836,0.034824428839960224,0.06044284794235938,81.5079365079365,9.116068240051733,9.238930075699841
SC4002E0-PSG.edf,SC,N1,0.5493248835521362,0.23666726212804542,0.10483870541459463,0.040951836048169,0.08797115600730149,131.66666666666666,13.174229290576497,9.580151962158238
SC4002E0-PSG.edf,SC,N1,0.6653313019639738,0.2133199978892309,0.052271144934482386,0.027949082110873887,0.05532154880264436,116.23321123321122,13.508365123309716,10.139875055967806
SC4002E0-PSG.edf,SC,N1,0.632284766618247,0.2270996657228537,0.06251635622729793,0.03762647537487412,0.06809890552632007,84.40170940170941,9.437683264510508,10.460863806010465
SC4002E0-PSG.edf,SC,N1,0.6463644567286684,0.2121634095188646,0.05462168625939209,0.05955968359292973,0.07388057364491886,85.84859584859585,10.165584690524192,12.033419556886598
SC4002E0-PSG.edf,SC,N1,0.7353295635521417,0.15171643018716544,0.04959849718731421,0.02873616948335622,0.053886653463336216,100.31746031746032,15.910322927764373,12.96032386088233
SC4002E0-PSG.edf,SC,N1,0.8110611985038453,0.10444515588553548,0.03526785349394552,0.01765575264874072,0.03916057958789425,257.06349206349205,45.63746884947281,13.215654574830792
SC4002E0-PSG.edf,SC,N1,0.7864475469013258,0.13806608077508997,0.03844271205540048,0.015755369789920252,0.025847080503013473,137.93650793650795,23.583498764212603,17.585620164968038
SC4002E0-PSG.edf,SC,N1,0.6173708092819142,0.2784435070462721,0.05314341415129183,0.02450451404024377,0.043554311295104786,122.98534798534797,15.921792587160118,12.06144290657677
SC4002E0-PSG.edf,SC,N1,0.7229586407409097,0.2133391751034891,0.03026587776721656,0.015518137292510496,0.027629123638573696,104.65811965811966,14.598739270873969,14.145696269988594
SC4002E0-PSG.edf,SC,N1,0.5719430431745239,0.2793716203820933,0.08484027178881283,0.02366466666153108,0.0473828838435513,111.8925518925519,17.545571525413482,11.638135838354632
SC4002E0-PSG.edf,SC,N2,0.7811306223565938,0.16298580012015057,0.02248306833998757,0.010706923918704078,0.016111549070159326,130.21978021978023,17.617815834100742,20.69734753380724
SC4002E0-PSG.edf,SC,N2,0.7790267329055328,0.16234237919777122,0.01977581829564145,0.01291310084288479,0.017294659393739947,121.53846153846153,14.491813778884287,21.538726284752286
SC4002E0-PSG.edf,SC,N2,0.7491746950095336,0.1652015405202952,0.030806054684417446,0.024376616855431237,0.030916440020055704,93.0830280830281,12.280301230615256,20.523677761952573
SC4002E0-PSG.edf,SC,N2,0.8065885595191374,0.12926153841881705,0.02456238819254257,0.01669496918343751,0.024092445921280067,93.0830280830281,11.967944075991582,16.81780094999084
SC4002E0-PSG.edf,SC,N2,0.6672715288527061,0.22574813105342914,0.03757492854338697,0.05589660619266688,0.05513377637189426,95.49450549450549,11.976700598942685,18.486130999913883
SC4002E0-PSG.edf,SC,N2,0.8065880598033186,0.10998314018287686,0.02744846958138978,0.035978308849211105,0.031243986512749997,109.48107448107447,12.342644738849007,21.039815145728404
SC4002E0-PSG.edf,SC,N2,0.6817749070149859,0.1881643562992727,0.05417470005956324,0.06442602155246206,0.049812189192659416,110.44566544566544,12.354742619483238,20.09919227664656
SC4002E0-PSG.edf,SC,N2,0.7567988032716635,0.15219497871248266,0.04526338179422142,0.04121449023328236,0.033826624621318024,101.28205128205127,11.08645915568812,19.250672572116002
SC4002E0-PSG.edf,SC,N2,0.7514525108567532,0.15572630901108847,0.03522346049093252,0.0548572768368512,0.04517295865611099,96.45909645909646,11.609253854231147,20.02175681680077
SC4002E0-PSG.edf,SC,N2,0.7957982466186551,0.1385824259372776,0.03429694349656845,0.02476642354111585,0.024613909015374413,102.72893772893772,12.184435867228945,22.266177744749353
SC4002E0-PSG.edf,SC,N2,0.825504031007931,0.09989027442065605,0.050049129372240764,0.03640305320834118,0.018096295804443434,107.06959706959708,11.360156798958592,23.316852006311617
SC4002E0-PSG.edf,SC,N2,0.787160341444153,0.118951277854334,0.043376064811092796,0.04313900615719451,0.03474831937789561,113.82173382173383,13.46132177181655,21.579155754500825
SC4002E0-PSG.edf,SC,N2,0.766465184014263,0.1612530926200355,0.04489658954664505,0.0355442788004466,0.022448471519613995,93.56532356532357,12.763900384023094,22.98230965405493
SC4002E0-PSG.edf,SC,N2,0.7689084094699782,0.14829949724316852,0.04458460214270132,0.03159197952658612,0.019808617240017673,111.8925518925519,13.254232517858926,25.628950497371633
SC4002E0-PSG.edf,SC,N2,0.8511632222972976,0.09124614843604671,0.03403141584493877,0.019010623237504666,0.012686435136027813,100.31746031746032,13.459243665682523,28.32898110310156
SC4002E0-PSG.edf,SC,N2,0.8576572735788429,0.09319320014534685,0.03601197235071083,0.02134198347457087,0.009964853762056268,122.02075702075703,15.254870586607986,30.956172431849687
SC4002E0-PSG.edf,SC,N2,0.8471997560450883,0.0968459375665282,0.03716795101261992,0.026734858598636953,0.011703303035496125,136.97191697191698,15.270200273435563,32.373764577681456
SC4002E0-PSG.edf,SC,N2,0.8351841165553039,0.12421343383980779,0.013913239324370193,0.0089285105064747,0.022226566434686155,136.97191697191698,23.905820443565112,26.255643712283717
SC4002E0-PSG.edf,SC,N2,0.8933884548489575,0.07581434796003644,0.011365378766812107,0.008734732303804994,0.01056761454150199,165.42735042735043,22.44833636590753,28.92901042616735
SC4002E0-PSG.edf,SC,N2,0.8319878717684762,0.12646130547791007,0.02412285569730752,0.0119870863935659,0.012056804170563559,105.62271062271063,13.739345189693841,26.418113014518266
SC4002E0-PSG.edf,SC,N2,0.8641241701510965,0.10093725385530593,0.020993936773508255,0.012149037936152216,0.01024604252070989,136.4896214896215,14.963311887523968,27.158370792327172
SC4002E0-PSG.edf,SC,N2,0.9146421588950645,0.060693767788138044,0.01325771926235029,0.007481963819936981,0.008472723429585292,115.75091575091575,13.932418236300249,32.214940950024676
SC4002E0-PSG.edf,SC,N2,0.8671412042737379,0.07373776204435087,0.03396449160764795,0.033013848001454835,0.018070641760736632,108.998778998779,13.188358537250917,26.8610120080383
SC4002E0-PSG.edf,SC,N2,0.8362531930562415,0.11797836091130723,0.03157451941601094,0.023788033137748972,0.011536834797486913,99.35286935286936,11.912471837976,26.369543296155225
SC4002E0-PSG.edf,SC,N2,0.8895513634697162,0.08462877091623205,0.01701823570581588,0.007416474440624091,0.005105217526784531,138.90109890109892,18.336960828709362,36.9203580615391
SC4002E0-PSG.edf,SC,N2,0.8799837687142407,0.09034310915346766,0.01598714095478306,0.010800573978678745,0.010221011544608822,132.63125763125763,17.089550071432736,32.269005255203425
SC4002E0-PSG.edf,SC,N2,0.8763629404577946,0.09405339218578275,0.013869506560542949,0.009863210874504914,0.011035468447810965,107.06959706959708,14.75557820920421,32.25794374157734
SC4002E0-PSG.edf,SC,N2,0.862231471379501,0.10181385047404845,0.017268726384327453,0.01184630775741131,0.010878676385034564,104.65811965811966,14.313141662437639,26.054217248400825
SC4002E0-PSG.edf,SC,N2,0.8028954003273826,0.12361482756816285,0.048348414443133834,0.03783382117990967,0.019935047067971966,96.94139194139194,11.303400395796297,21.273844702374298
SC4002E0-PSG.edf,SC,N2,0.8441446499164592,0.10637169313183407,0.03266911661052191,0.024498408358993324,0.012734541597827408,117.68009768009767,11.659467630756609,31.75176922752242
SC4002E0-PSG.edf,SC,N2,0.7242606751004265,0.23457573871145032,0.025021250095105176,0.013429004834703719,0.01084060813643283,100.31746031746032,13.21237927288836,28.300681544121264
SC4002E0-PSG.edf,SC,N2,0.7550288166383289,0.20003678517100185,0.024994536951638828,0.01599181022020442,0.012872863099618126,116.71550671550672,17.78313509547544,27.997737556645266
SC4002E0-PSG.edf,SC,N2,0.6484874292032738,0.2972931007430858,0.031739049667045396,0.016946345009198904,0.015947415935136242,95.49450549450549,12.71819191766926,22.64572865541008
SC4002E0-PSG.edf,SC,N2,0.6950639381042045,0.23712283945125343,0.036154204072534,0.025381574136859094,0.02258408948944487,109.96336996336997,12.162740399395187,25.329481306737886
SC4002E0-PSG.edf,SC,N2,0.6369126542683455,0.2909293880199104,0.04097749100540201,0.017595813360924844,0.018004053544842788,124.43223443223442,13.450133644289593,20.450979175332428
SC4002E0-PSG.edf,SC,N2,0.763319068404913,0.1899332549292462,0.021390733124034417,0.011971084290655406,0.013638970821711645,121.05616605616606,16.311382281180283,23.226082992276194
SC4002E0-PSG.edf,SC,N2,0.6518138700862444,0.28342280148821325,0.03858007882658002,0.01824033418327589,0.01854693015480439,126.84371184371184,12.471917655533131,22.42077697903993
SC4002E0-PSG.edf,SC,N2,0.6782517819048997,0.24043022337965142,0.04113773391385358,0.03778499263758612,0.029498354626862344,94.52991452991454,10.020230161663422,18.51816433341995
SC4002E0-PSG.edf,SC,N2,0.7477369160435409,0.18868801992617767,0.027007214225377916,0.01952052945102985,0.025688499366550852,94.52991452991452,12.30465244032494,19.094502295599398
SC4002E0-PSG.edf,SC,N2,0.6682452150643763,0.263734324559415,0.03580395241346662,0.026882072990883656,0.024700458644045332,94.04761904761905,10.465118443664867,18.658702602224402
SC4002E0-PSG.edf,SC,N2,0.7380641080551191,0.16538856694782575,0.04044860782923205,0.045104610558398366,0.04971320039130564,102.72893772893772,11.075760352837463,16.933707271129958
SC4002E0-PSG.edf,SC,N2,0.6966540303266865,0.22989012633105052,0.03101047266230377,0.031124942326873916,0.034470807671254496,82.95482295482296,10.367897943523053,17.1660496783269
SC4002E0-PSG.edf,SC,N2,0.7644991984708762,0.17025068810330002,0.03080156660566682,0.028642188568594715,0.027277045855751112,96.94139194139194,11.744110485456774,18.002681178003947
SC4002E0-PSG.edf,SC,N2,0.7906470763958651,0.13235044880658295,0.04139091963144606,0.029340290851043664,0.027557819529362676,99.83516483516483,11.413694738077442,16.934061845135346
SC4002E0-PSG.edf,SC,N2,0.7789000376857882,0.14337765678540007,0.04388446420167184,0.024929376461183907,0.02889600657684337,90.67155067155068,10.30641198829345,19.71104599115123
SC4002E0-PSG.edf,SC,N2,0.6592095231663229,0.24198122763721522,0.038198926524170104,0.03721637068694723,0.04647364610915884,86.8131868131868,11.028437022729905,13.822962758869664
SC4002E0-PSG.edf,SC,N2,0.7945528876751007,0.09777076440200208,0.06887143359372401,0.05998069221289981,0.031488205704906146,96.94139194139194,10.339610072283868,16.194031700759485
SC4002E0-PSG.edf,SC,N2,0.7106453711307799,0.15026138390914195,0.09528902592829909,0.07387831297449544,0.030916977304856156,90.18925518925519,9.456645025168758,16.39319036355726
SC4002E0-PSG.edf,SC,N2,0.6533193106991888,0.1576434785287383,0.14335585979169327,0.10665734101434042,0.0362896021189427,88.74236874236874,9.758839073496528,14.316946121038551
SC4002E0-PSG.edf,SC,N2,0.7512830161352613,0.15764582591194595,0.05391804989119855,0.032893986839400875,0.02262903993895766,89.22466422466422,10.362594131943972,17.142742727467173
SC4002E0-PSG.edf,SC,N3,0.8733619859500418,0.08225936610253057,0.030046528776523786,0.01580817634635467,0.009095486040487294,97.42368742368743,13.33310728142252,31.018660118826954
SC4002E0-PSG.edf,SC,N3,0.9052409661322344,0.06460273230438524,0.01757514535414824,0.011105264525038452,0.007242702636063311,118.64468864468864,15.344439837470148,31.20570049789694
SC4002E0-PSG.edf,SC,N3,0.8956168026853712,0.06640399089502215,0.02417063542212093,0.01422372736431473,0.007198728213927823,109.48107448107449,15.76122558609629,33.26695471231344
SC4002E0-PSG.edf,SC,N3,0.8979535346530715,0.07121267893711433,0.02056033615893751,0.010713217401977969,0.007165533765135542,107.06959706959708,15.137157324875552,32.03761749884272
SC4002E0-PSG.edf,SC,N3,0.9103399055747524,0.0607863320359458,0.01856910913913495,0.006488593166573581,0.005443049432994564,126.84371184371184,16.969915889734317,34.44854489059837
SC4002E0-PSG.edf,SC,N3,0.8815537981675111,0.07970652089105638,0.02435091244791289,0.016284855647603277,0.010112732606615613,134.07814407814408,16.34130202723236,32.78175542534005
SC4002E0-PSG.edf,SC,N3,0.8960722328667194,0.07518943295211147,0.018179161641610684,0.007747721696565254,0.005533471740941754,116.71550671550672,15.637070957053288,33.60640274126084
SC4002E0-PSG.edf,SC,N3,0.889425693476969,0.0756741506023145,0.026655481860144405,0.010287874084895336,0.0065199861694529735,113.82173382173383,15.435585612387591,32.583701738279615
SC4002E0-PSG.edf,SC,N3,0.8807161611083029,0.0885827998387915,0.02165555437528976,0.00804121839114854,0.005895660907263019,149.993894993895,17.61375464719027,36.65634840207277
SC4002E0-PSG.edf,SC,N3,0.9081340706369132,0.06465686315909501,0.015717045224792357,0.006803101304799973,0.005671181781512903,126.36141636141636,16.531939143057098,37.429640411408144
SC4002E0-PSG.edf,SC,N3,0.9105018430507253,0.06405807024336241,0.01688743730312919,0.008447296125267205,0.0054872446808125796,128.2905982905983,20.419008250154036,39.07394747623556
SC4002E0-PSG.edf,SC,N3,0.9007483192335463,0.06628888865540038,0.020959920404250848,0.014077912841343139,0.008294903200758836,118.16239316239316,16.337025448310257,34.153350737288065
SC4002E0-PSG.edf,SC,N3,0.9247453906168834,0.05092855798050607,0.01547661622199183,0.009352212685824998,0.0048462122061851565,116.23321123321125,17.753029560047985,37.893818439606385
SC4002E0-PSG.edf,SC,N3,0.9249312980882572,0.053534477368999196,0.013667400801931523,0.007703681224388552,0.005453844376485334,117.68009768009767,18.586095039508695,39.63360484239027
SC4002E0-PSG.edf,SC,N3,0.9316579844841175,0.044351905226264934,0.017507800316778472,0.009250208091488183,0.005100130012968479,119.12698412698413,16.78101684707879,38.58240461196979
SC4002E0-PSG.edf,SC,N3,0.9099484380563491,0.06453301478011678,0.016888696557779335,0.007703440335397879,0.004927067705219812,140.83028083028086,15.945621538371274,37.372488653190416
SC4002E0-PSG.edf,SC,N3,0.8946038594553902,0.07495351533179491,0.020968782913940765,0.009130805285845651,0.005781756699076833,120.57387057387058,16.96204794065515,35.29421667954325
SC4002E0-PSG.edf,SC,N3,0.9433460727947338,0.04106012675968544,0.009808760726963923,0.0038224205313116947,0.002611842913217752,150.95848595848597,20.045904513902382,42.73280292935687
SC4002E0-PSG.edf,SC,N3,0.9269649889395593,0.044388438362291276,0.021297585737132606,0.009989640828135261,0.004760945730701438,138.90109890109892,20.348079775493105,39.090219832522216
SC4002E0-PSG.edf,SC,N3,0.9130119701501287,0.061755153050406554,0.014488363053408695,0.007909616830551152,0.004847355788301299,146.6178266178266,18.64075601275199,38.38552755418357
SC4002E0-PSG.edf,SC,N3,0.9346891137248315,0.044451688331108734,0.014520953984538752,0.00689220906593837,0.0036340452763499167,142.75946275946276,18.341260257955415,40.035901493668476
SC4002E0-PSG.edf,SC,N3,0.9301225700471389,0.05010912443731634,0.011931788899519133,0.0059158830552813345,0.0037119190037928594,132.14896214896214,18.1224648740186,43.399202116310384
SC4002E0-PSG.edf,SC,N3,0.9096564519497974,0.06467267203551619,0.01691801733555312,0.008143112837039168,0.005264306695336965,115.26862026862028,17.75898490392391,40.92447629859227
SC4002E0-PSG.edf,SC,N3,0.9273171171411256,0.05136890701893471,0.016507023916467415,0.005252231980613426,0.0031490429104424245,146.6178266178266,19.95263346747436,43.07511526293638
SC4002E0-PSG.edf,SC,N3,0.9435051367972316,0.03756381765877628,0.012849871151780231,0.006162747288388383,0.004170705166088668,154.8168498168498,22.718773651601722,41.48947261016808
SC4002E0-PSG.edf,SC,N3,0.9199178582317324,0.05462417376491647,0.018021479747402737,0.007543653254985253,0.004708163012927896,117.1978021978022,16.682841231798527,38.96260381552914
SC4002E0-PSG.edf,SC,N3,0.9047416635473735,0.0689652363395797,0.01894484320027037,0.005666152740421204,0.004478180444629681,128.77289377289378,18.047475723361316,40.33163817752394
SC4002E0-PSG.edf,SC,N3,0.9351573250115631,0.042244265939058556,0.014070551525794287,0.005553264033386254,0.003881766063704416,135.52503052503053,19.89814956884818,41.04046599093287
SC4002E0-PSG.edf,SC,N3,0.9177823944129415,0.06118070253927825,0.014811604924848643,0.005859793810055048,0.0035917520690582658,120.57387057387058,17.305293687400685,39.669082573387236
SC4002E0-PSG.edf,SC,N3,0.9279550939272475,0.04975407432819982,0.01580424314445467,0.005568585554238307,0.0033424764209315483,125.39682539682539,18.286941762054628,45.04962840423498
SC4002E0-PSG.edf,SC,N3,0.9306700436931564,0.044556539360671145,0.019022389624586276,0.005883188180826702,0.003418067610980131,124.43223443223442,19.063440148448247,42.32249291746618
SC4002E0-PSG.edf,SC,N3,0.9202282843117618,0.054807766107820226,0.01705787962823654,0.00550071065523706,0.0036078161796119558,172.17948717948718,20.42032859561087,42.29407098555364
SC4002E0-PSG.edf,SC,N3,0.937188838179803,0.04185995690221804,0.013465109793301575,0.007214036030711824,0.0035229526095202205,125.39682539682539,20.001837770709997,45.86701705718434
SC4002E0-PSG.edf,SC,N3,0.907185907499802,0.06730470619432657,0.018147194860696613,0.007645705855646012,0.00344272345913198,164.46275946275946,19.804842464828088,39.73062830939021
SC4002E0-PSG.edf,SC,N3,0.9325344517577172,0.04839128800676093,0.012887728678141785,0.004613051014009339,0.0027169083834670234,127.32600732600733,18.744626726769997,46.488294388126086
SC4002E0-PSG.edf,SC,N3,0.9271648807563487,0.047490182564837724,0.019095294007786902,0.006299552992146014,0.0034585772950485997,136.00732600732601,17.28464074940212,39.01105661335272
SC4002E0-PSG.edf,SC,N3,0.9061938138822424,0.06598883918278305,0.0187822281664638,0.00688784188094304,0.003599359501334519,131.66666666666669,19.67346301082977,39.32618182857686
SC4002E0-PSG.edf,SC,N3,0.9254516352650869,0.04955531655278854,0.018318147574516504,0.004890052303688941,0.0033071643546326406,135.04273504273505,20.29641196125144,42.655153928151506
SC4002E0-PSG.edf,SC,N3,0.9539862711072609,0.032413259195318664,0.009254594431249069,0.002638014669957245,0.0020033218860027796,149.993894993895,18.7857007211321,45.03851613282197
SC4002E0-PSG.edf,SC,N3,0.9362802158426377,0.042626026289977234,0.014323560767716709,0.005069724140102077,0.0029191555983511925,164.46275946275946,20.472651879359606,39.100509142998014
SC4002E0-PSG.edf,SC,N3,0.927879091142129,0.04400628325176245,0.015798549372864363,0.007900524843315654,0.005260312082404159,126.84371184371184,21.229980534578242,43.7197362804181
SC4002E0-PSG.edf,SC,N3,0.9334462799236978,0.04126984681529064,0.01814622993138001,0.003609110124201867,0.00264209878644784,128.2905982905983,19.47308878928891,45.375744515441475
SC4002E0-PSG.edf,SC,N3,0.9545641771403894,0.028708756487478535,0.010438037722342516,0.0036148060589180167,0.002408757907060812,159.15750915750914,22.15406012700257,46.40272449590707
SC4002E0-PSG.edf,SC,N3,0.9313602080365346,0.051384897216609104,0.013129204339681686,0.0040064785190978645,0.0024457044655491053,132.63125763125763,19.22112241633513,39.88768715923598
SC4002E0-PSG.edf,SC,N3,0.953666282549488,0.03097446554085348,0.010270920897509188,0.004083004784784896,0.002685013454295087,152.40537240537242,19.73920120329196,45.02109228599133
SC4002E0-PSG.edf,SC,N3,0.9199727972518967,0.05548451316556277,0.015147144815534417,0.004921305089612943,0.0029420887287649614,134.07814407814408,22.919148444070103,44.28716837548775
SC4002E0-PSG.edf,SC,N3,0.942372073160734,0.03983989190604286,0.012566281145125683,0.0036547508292483133,0.0026712687182181044,129.25518925518924,18.77806975146002,47.53716908998199
SC4002E0-PSG.edf,SC,N3,0.9493217062551335,0.0364045382908984,0.006814921445812073,0.003388753911775183,0.003596501185608055,183.75457875457874,28.202742770592522,35.67862193849373
SC4002E0-PSG.edf,SC,N3,0.9270561334518708,0.05329003120940595,0.011797261208737982,0.006420465382060757,0.006260081767514407,137.45421245421244,18.003788208802753,33.8362490872679
SC4002E0-PSG.edf,SC,N3,0.9305619622116755,0.04770342431500591,0.010750613065311427,0.008667845179941245,0.007453486463666267,122.5030525030525,17.832316192148884,34.64461904019337
SC4002E0-PSG.edf,SC,REM,0.4761274635728793,0.4433877590831681,0.037478128592922724,0.02367963105725833,0.025425918706018125,198.70573870573872,21.034973488006464,21.41982500081431
SC4002E0-PSG.edf,SC,REM,0.6642114231486056,0.2649854363117753,0.04049579641333979,0.015950361520816636,0.02440691797899292,119.60927960927961,15.006790021981159,17.268306296598553
SC4002E0-PSG.edf,SC,REM,0.5833964084946199,0.3449786235609145,0.03754381381886311,0.016965329610319668,0.027659542013177378,108.03418803418803,12.890247858921525,19.13511059946573
SC4002E0-PSG.edf,SC,REM,0.4604994544273464,0.39990124315384346,0.09415207815743844,0.022835759385416654,0.026936805173261042,239.21855921855922,18.418496474759703,15.799665001470537
SC4002E0-PSG.edf,SC,REM,0.5495897138860087,0.29481661395064573,0.08758082291174032,0.027407363605311562,0.05659611238937335,313.4920634920635,32.838849300603755,13.042038991882475
SC4002E0-PSG.edf,SC,REM,0.6097860556186522,0.26884211292585913,0.07241862811114787,0.02682959660737736,0.043053455729356496,96.45909645909646,12.214674542022534,13.65775825229775
SC4002E0-PSG.edf,SC,REM,0.5418179855739497,0.29911166901852426,0.07892235399766274,0.030774982719419617,0.05379117429967812,377.1550671550672,48.86490577294708,12.76598683066097
SC4002E0-PSG.edf,SC,REM,0.5509311591598243,0.32531012418626964,0.06879388091602325,0.033277917391234146,0.04247103924365417,295.64713064713067,29.037290075269546,15.623011205960237
SC4002E0-PSG.edf,SC,REM,0.5277222106190235,0.3528751945153488,0.0611553781027059,0.023066695781655242,0.04610178636548561,90.18925518925519,10.803431194530004,13.66571977223592
SC4002E0-PSG.edf,SC,REM,0.48718112507077843,0.29063459960381277,0.14899025053785112,0.034980897811045464,0.05489697058378809,248.3821733821734,23.23753824518663,11.165802150232137
SC4002E0-PSG.edf,SC,REM,0.6277774460831594,0.2415839589514192,0.07239468035557546,0.029393464693515527,0.043142301865332904,185.20146520146523,24.990636121677618,12.431164982228331
SC4002E0-PSG.edf,SC,REM,0.5481776442803872,0.32146506461054675,0.06887051894327006,0.024253976901723987,0.04267972842156171,191.95360195360195,18.216907566377184,12.466484994498096
SC4002E0-PSG.edf,SC,REM,0.6092503994623856,0.28574400433437186,0.05653197830420729,0.016424963408759763,0.031913248982805426,87.29548229548229,9.671866904565666,14.235821753311024
SC4002E0-PSG.edf,SC,REM,0.5625673257153879,0.3452111815198746,0.045935377174642446,0.027511220014248494,0.03924316313052756,83.43711843711844,9.9006661518827,14.11994347755928
SC4002E0-PSG.edf,SC,REM,0.6783754606678635,0.24058598589474114,0.0400145117469998,0.021092417757080227,0.03573694256467643,81.5079365079365,9.735629235488071,13.070591638782433
SC4002E0-PSG.edf,SC,REM,0.6004048250247372,0.2146333779046869,0.10717891732024373,0.026896237260471228,0.05925424916544054,256.5811965811966,32.66620534288448,15.874452065383
SC4002E0-PSG.edf,SC,REM,0.4730422173841966,0.3958282147628482,0.056802924304495205,0.04109423724003686,0.0659714173103408,114.7863247863248,11.909689262758645,12.211523613734272
SC4002E0-PSG.edf,SC,REM,0.5156467735551479,0.3546586635347096,0.05966572524876002,0.02701364020773289,0.06118014410778384,96.94139194139194,11.760577302108425,18.7454142847618
SC4002E0-PSG.edf,SC,REM,0.7422950863409898,0.183461916513706,0.027655862528405104,0.019658061420219093,0.030939620937499406,99.35286935286936,11.293613632645464,16.520783813474644
SC4002E0-PSG.edf,SC,REM,0.7410982247151159,0.1856834421207283,0.033288689689730123,0.015268418787976579,0.024006165334145676,93.56532356532357,9.508701083362054,17.189846891349912
SC4002E0-PSG.edf,SC,REM,0.7248467114853235,0.22267617114756236,0.025893274750343052,0.013943118273461678,0.01974736829991735,88.26007326007326,11.749243471631557,20.04286881847473
SC4002E0-PSG.edf,SC,REM,0.696629601393525,0.21392184072681608,0.04005311272514708,0.04300617209190152,0.040375345730699626,96.45909645909646,10.871493005257033,17.19725808688248
SC4002E0-PSG.edf,SC,REM,0.6234581430693437,0.32120738325086146,0.029686773713926005,0.02495757064083713,0.022209557496136026,143.24175824175825,15.408229854482595,20.135559902398615
SC4002E0-PSG.edf,SC,REM,0.6808535826848935,0.27202282290011026,0.023226291866206627,0.01392262499758647,0.01986645534452583,84.8840048840049,10.187913387607093,20.311997394881022
SC4002E0-PSG.edf,SC,REM,0.5817984591150495,0.3034446649919421,0.07231030208511195,0.03796569625658029,0.033198968517854824,237.28937728937728,19.590848021184346,16.309294743758823
SC4002E0-PSG.edf,SC,REM,0.5515038998539432,0.2638032124371223,0.10898563464592907,0.03010060684033727,0.05694545908128777,128.77289377289378,15.95452647914554,10.312386432660547
SC4002E0-PSG.edf,SC,REM,0.6585468549795466,0.21600809781823027,0.06673488820068191,0.02815621591538839,0.049838071337398294,302.3992673992674,33.302207791211465,13.191514500117906
SC4002E0-PSG.edf,SC,REM,0.5474395973345321,0.29550472521485505,0.10324093155259496,0.022949878714110354,0.04471943495759624,275.8730158730159,27.75866421733513,11.937952237798193
SC4002E0-PSG.edf,SC,REM,0.37650747334722817,0.3258672834983036,0.1202607952778841,0.0666050052201689,0.16663785586362792,352.55799755799757,41.53691629768347,13.855025960105998
SC4002E0-PSG.edf,SC,REM,0.5936114139476658,0.24659020860263173,0.08786514818586326,0.02770473070749025,0.053515344972100934,100.7997557997558,10.115604611140352,10.278776140956
SC4002E0-PSG.edf,SC,REM,0.5520669502520702,0.23860395245708613,0.12605202899071916,0.03267795862433957,0.06417992274753423,179.41391941391942,16.542855214646817,13.084048723066452
SC4002E0-PSG.edf,SC,REM,0.5181963710916576,0.36297303882284815,0.06523311176132181,0.03054253223140676,0.04616573839589862,90.67155067155068,11.669052826704313,11.764726060138862
SC4002E0-PSG.edf,SC,REM,0.480921664485964,0.2683219884874197,0.15623584552121836,0.024469420670344487,0.05615895039715249,167.83882783882785,15.294322147992382,11.41179218453367
SC4002E0-PSG.edf,SC,REM,0.5207498881290774,0.2817082106664805,0.0974960700219598,0.041194743200661216,0.08089171794175204,157.22832722832723,21.45026865641708,11.070996272776167
SC4002E0-PSG.edf,SC,REM,0.6082905713405842,0.21106247380580082,0.10753986981724571,0.026768442165183724,0.058879997622915285,448.5347985347986,47.862390232958795,10.704955717478876
SC4002E0-PSG.edf,SC,REM,0.5819800776504397,0.25574969276904347,0.08307770798969012,0.031572118894470355,0.059428899690329336,255.13431013431014,31.71338926193088,10.862114247477015
SC4002E0-PSG.edf,SC,REM,0.7351333535109218,0.13549101902055635,0.0732118721359122,0.0171165162830274,0.039778684306042464,198.2234432234432,24.284054161680952,13.172221193886646
SC4002E0-PSG.edf,SC,REM,0.5090361522598614,0.2509697752341824,0.1431261450247813,0.03406988775505543,0.07683866761483847,275.8730158730159,30.20632651244442,9.860840573581575
SC4002E0-PSG.edf,SC,REM,0.5672615596285892,0.28114388630397535,0.07779762537236465,0.03245546263005395,0.06298566736706336,245.006105006105,29.14488893128845,11.018571549459544
SC4002E0-PSG.edf,SC,REM,0.5097382327732282,0.28780586602489017,0.11406340116671307,0.034434821973325404,0.07416347418191428,258.0280830280831,37.10826828314405,10.714548843839006
SC4002E0-PSG.edf,SC,REM,0.5350854567874178,0.2873735608581624,0.0847354332006393,0.044404781816579586,0.07463563880566611,86.8131868131868,10.534184230531295,10.50475655621993
SC4002E0-PSG.edf,SC,REM,0.586077086272723,0.26358861995260313,0.07279215539145342,0.03817699963717511,0.06078749185590515,294.2002442002442,21.169381304753433,10.454013317590494
SC4002E0-PSG.edf,SC,REM,0.5669799634027687,0.2628854488818913,0.09740286803581975,0.03061648931490856,0.060174069256554795,243.55921855921855,29.888128713820272,10.11154930724514
SC4002E0-PSG.edf,SC,REM,0.6635289769630441,0.1930944386971643,0.0818962563066913,0.028373216603047473,0.04924064537291206,315.42124542124543,41.165305130401165,12.925999150750677
SC4002E0-PSG.edf,SC,REM,0.707705864359075,0.16408629431826938,0.07048049890080162,0.024520298597490116,0.04920117557058573,599.97557997558,75.36139377406414,14.712795826969167
SC4002E0-PSG.edf,SC,REM,0.6043638566196746,0.23406049570386056,0.0729519629820009,0.03440397020614561,0.08226832967458494,94.04761904761905,11.41978500078925,10.87977222986013
SC4002E0-PSG.edf,SC,REM,0.47017449056381805,0.2877708965390291,0.13262603932507896,0.05378992539593243,0.1009467809193084,87.29548229548229,9.80546172424646,9.307142592026146
SC4002E0-PSG.edf,SC,REM,0.6890348275885402,0.1974078762832967,0.06816655267448618,0.02211984291037497,0.03560507268124169,327.4786324786325,38.76483974476882,16.25455549970071
SC4002E0-PSG.edf,SC,REM,0.5553138976532251,0.2515757112599725,0.07496033277868515,0.06093851951636257,0.11168681745509851,188.09523809523807,23.849089013678686,16.934364425738373
SC4002E0-PSG.edf,SC,REM,0.311074293655336,0.17949601713894467,0.17126563944899603,0.08057139678202486,0.325180858689469,718.1379731379732,73.47132722190584,16.426260303745902
SC4051E0-PSG.edf,SC,Wake,0.8928155782392363,0.0713279514684366,0.01588450694139937,0.006648948895387221,0.009541067237075256,530.8442002442002,71.7332922433071,34.10505024606549
SC4051E0-PSG.edf,SC,Wake,0.8738623893084763,0.09060025195722354,0.012796276078277439,0.007522651023321927,0.017248651867012126,857.179242979243,136.5046847419214,51.03045950006126
SC4051E0-PSG.edf,SC,Wake,0.9125007476165932,0.06788214750340887,0.009186183083478273,0.004384570295336659,0.005287505289073172,787.2503052503052,113.66093215156307,55.20260057399667
SC4051E0-PSG.edf,SC,Wake,0.8881633751701868,0.07887535906201959,0.010841538229096124,0.005007764677093189,0.01040577772906123,646.073015873016,103.61044412739096,53.39555696391811
SC4051E0-PSG.edf,SC,Wake,0.8770474951157031,0.08546194758194328,0.014292936929754559,0.007867723761330828,0.014253528756503537,651.3506715506714,84.14808392629116,38.414909992369324
SC4051E0-PSG.edf,SC,Wake,0.9049060363764514,0.0664642452807865,0.012397945057132457,0.005250425766659159,0.00690373533427842,519.4092796092796,78.252643002116,40.0236588421454
SC4051E0-PSG.edf,SC,Wake,0.9678256467037298,0.021810252178841714,0.004334051825290142,0.0017332002101330542,0.003398038018150936,932.3858363858365,213.84740387826912,71.4493250372243
SC4051E0-PSG.edf,SC,Wake,0.9783823997304043,0.014281108755017136,0.003729177568940782,0.0012690546168578046,0.002355537178291746,1026.0642246642246,243.5825756391127,60.3696405448557
SC4051E0-PSG.edf,SC,Wake,0.6644976689241684,0.13546528226701496,0.14775717996997303,0.02513065705712387,0.03684130502851196,167.12576312576311,22.30764416135283,16.548395174410583
SC4051E0-PSG.edf,SC,Wake,0.8910150252715513,0.08188941388560712,0.011650243890159208,0.006556823661120597,0.009651519072306994,343.48742368742364,44.748611089571895,50.199407145445264
SC4051E0-PSG.edf,SC,Wake,0.9451003399405999,0.036459279881823126,0.006935270919721958,0.00430871786576261,0.008656150566833647,840.4666666666667,111.46533944394204,49.733073880520706
SC4051E0-PSG.edf,SC,Wake,0.8886158552473709,0.07949486476314357,0.013274780562849635,0.00678193117533193,0.009757802134849891,686.0952380952381,98.33402288212356,45.986751316787895
SC4051E0-PSG.edf,SC,Wake,0.8882490008629915,0.07922550012747756,0.014998713392216869,0.007320572618467404,0.01078564838114431,800.4444444444443,104.1809207495018,47.82184906675452
SC4051E0-PSG.edf,SC,Wake,0.8873402595411154,0.08138595075839525,0.013280470350386106,0.008450997357462799,0.012171232937020122,714.242735042735,102.17544486147293,48.79410641766935
SC4051E0-PSG.edf,SC,Wake,0.9052072318375303,0.06493385228868809,0.015882009318860146,0.007230969859383185,0.012477714633235413,758.223199023199,121.85973145634618,52.32797731923844
SC4051E0-PSG.edf,SC,Wake,0.9155641998990152,0.05611855068707249,0.01219146357639717,0.007290687221430503,0.012010007358918391,765.2600732600732,132.89114176551408,51.389282637054876
SC4051E0-PSG.edf,SC,Wake,0.8304614806550078,0.10996737938256747,0.022674184121598075,0.012062378135430802,0.020345233955934225,742.8300366300366,117.22108842256272,58.24642222085963
SC4051E0-PSG.edf,SC,Wake,0.8978779910370356,0.06893523163015575,0.018422829112882795,0.008154771790197244,0.01051829616481683,663.6652014652014,121.25131049360807,53.2784980290425
SC4051E0-PSG.edf,SC,Wake,0.9247770089802458,0.05003653803200785,0.012913982966586694,0.005808325140185297,0.008536973653269938,763.0610500610501,143.34264091591626,44.84744013928346
SC4051E0-PSG.edf,SC,Wake,0.8380956806669217,0.1071910855264768,0.024640590841690128,0.010650510934330962,0.015765746864942583,523.3675213675214,96.36201045376501,47.89657952084171
SC4051E0-PSG.edf,SC,Wake,0.8837993481639073,0.07482904193835933,0.021524664874059202,0.010664821309006506,0.014384398334148965,683.4564102564102,94.54759776231641,49.61689551904237
SC4051E0-PSG.edf,SC,Wake,0.8767992470652345,0.08200325510450977,0.02269905863258943,0.008261617582697086,0.01107538344736788,746.7882783882784,125.52810054178072,55.117389573811174
SC4051E0-PSG.edf,SC,Wake,0.8626290849695775,0.10022859071999377,0.01774655411855691,0.008204585927844427,0.010009686308007264,773.6163614163613,127.05119110762575,51.334844607501964
SC4051E0-PSG.edf,SC,Wake,0.8287522726514788,0.12066333403800322,0.017329847494676812,0.010237577531498853,0.023643126146849835,824.6336996336996,126.8969636341576,44.50608900002352
SC4051E0-PSG.edf,SC,Wake,0.7935159234555119,0.153089277337007,0.021819489841192783,0.014644678878532626,0.02111090074662306,757.7833943833944,107.34903772645866,42.66537993747026
SC4051E0-PSG.edf,SC,Wake,0.8339846939813006,0.11551062421788684,0.021175253895594985,0.00955221741638646,0.018616844780365613,657.5079365079365,107.75272765487719,42.511112574260686
SC4051E0-PSG.edf,SC,Wake,0.840323216051626,0.11719889885876904,0.015389220534641392,0.01032972720280256,0.01820381750302516,820.6754578754578,145.38777838884545,48.761673137587586
SC4051E0-PSG.edf,SC,Wake,0.8617239171728942,0.10463342373702696,0.014171396993360168,0.008726840867683078,0.014456843385192972,853.2210012210012,154.0130727599168,49.025724635533074
SC4051E0-PSG.edf,SC,Wake,0.8754243724922885,0.0875562272563528,0.019411868760839123,0.00887040360165688,0.013986292997497644,927.9877899877899,168.82453994133368,50.08687360608515
SC4051E0-PSG.edf,SC,Wake,0.8739715268359849,0.08815778700305318,0.018520684237050784,0.010525765376142296,0.01280313582573797,795.6065934065934,111.39258904441346,49.90458513501845
SC4051E0-PSG.edf,SC,Wake,0.8471643578625743,0.10579333138342922,0.01828202118240561,0.01021351899550619,0.019509318244934338,790.3289377289377,152.96382704535407,48.48733198032647
SC4051E0-PSG.edf,SC,Wake,0.851295177626663,0.10664660205799187,0.01588617698950671,0.009228059204663555,0.016900723297822554,846.6239316239316,120.80532678006298,46.88112530573294
SC4051E0-PSG.edf,SC,Wake,0.844640436356289,0.10821355430408967,0.02048878369069625,0.009643450994194001,0.015793199170837192,653.9894993894993,108.79336890994281,53.20109260615006
SC4051E0-PSG.edf,SC,Wake,0.8596414808561912,0.10293219414404717,0.0137740717392692,0.007701670064296529,0.017257195398485563,688.2942612942613,109.38893351249835,47.91891299420761
SC4051E0-PSG.edf,SC,Wake,0.883378984875651,0.08254528414205278,0.018156737187458912,0.009232784187027181,0.01183336515509428,716.8815628815628,125.23486576724464,58.50765575586324
SC4051E0-PSG.edf,SC,Wake,0.8303268934677507,0.10023231831668668,0.024461756781331945,0.013165638557039092,0.03647483712669998,733.1543345543346,94.8237647376908,44.190945001694026
SC4051E0-PSG.edf,SC,Wake,0.8973942071195204,0.07028648695151614,0.014332328140455838,0.007292974621947484,0.009095970781931013,737.5523809523809,109.16424955590003,47.814474328644906
SC4051E0-PSG.edf,SC,Wake,0.8995151914193046,0.06358355832536784,0.02018144432879487,0.007155892063536593,0.008693278820494463,707.6456654456654,124.14919880826417,54.65518667411214
SC4051E0-PSG.edf,SC,Wake,0.8940952852792602,0.07011546614719555,0.016316434310367244,0.007415893502144346,0.009486608048109267,639.4759462759463,99.04002848579881,60.180083761309426
SC4051E0-PSG.edf,SC,Wake,0.8400456360332952,0.11311289488172277,0.02127641972408557,0.011011794513064594,0.01224696934521836,569.1072039072039,66.49600187324258,45.35921984756945
SC4051E0-PSG.edf,SC,Wake,0.9146254197438848,0.0554125627886271,0.015571284857521708,0.007021340073400135,0.009838255682851096,716.4417582417582,86.71761421030511,47.87711735356792
SC4051E0-PSG.edf,SC,Wake,0.9045799416786562,0.06818762411122765,0.01341534209159766,0.006467936811389415,0.009551794676356825,583.620757020757,71.72638359929388,47.19377242917461
SC4051E0-PSG.edf,SC,Wake,0.9159502837335676,0.05913510270152757,0.011619020769597635,0.005292959255432302,0.006844282173793522,632.8788766788766,86.988809003493,48.24440256076545
SC4051E0-PSG.edf,SC,Wake,0.9314414896111269,0.04376688979582298,0.011719328560219813,0.004995568452343209,0.0068942311847264804,506.21514041514035,83.19458226336288,52.552780781108936
SC4051E0-PSG.edf,SC,Wake,0.9346541434002891,0.04310992598907825,0.011512140444052375,0.005031265332021594,0.006460137274025005,500.0578754578754,70.3776290566308,50.33692721650665
SC4051E0-PSG.edf,SC,Wake,0.9134213749656148,0.06262731622113109,0.011939484394421464,0.005642486238169946,0.007772706579645031,657.9477411477412,88.01493600884271,47.56078116227606
SC4051E0-PSG.edf,SC,Wake,0.90830435381842,0.06263624883154884,0.014532735013005373,0.006241631567450735,0.008063713558568405,563.3897435897436,90.02379873597334,50.8834111973307
SC4051E0-PSG.edf,SC,Wake,0.853697229452538,0.10515338935480453,0.016943010078381716,0.011486769889476051,0.017358804727278358,534.802442002442,61.316587938827396,45.86548032566393
SC4051E0-PSG.edf,SC,Wake,0.8559932459374253,0.10476569159107205,0.019573374367305014,0.008964269211410044,0.017093031708227888,534.8024420024419,77.27390654450629,42.86742231998579
SC4051E0-PSG.edf,SC,Wake,0.9209123909229187,0.05369032534065077,0.011091681766950965,0.005328394932587411,0.009412369816462797,468.3919413919414,77.06019808451238,47.559373061463816
SC4051E0-PSG.edf,SC,N1,0.4923199054363076,0.26544635017673635,0.16221780854879894,0.03873320540245789,0.06725112084716504,288.9516483516484,49.00499377195267,14.629398074028966
SC4051E0-PSG.edf,SC,N1,0.48083785114593364,0.2811688035638618,0.17163084120107985,0.029556355813169576,0.058736262724772816,324.57582417582415,60.82355233738211,12.833314639698731
SC4051E0-PSG.edf,SC,N1,0.5664221360832474,0.2500892097183127,0.11698830402618836,0.027819314931778128,0.05254711234554334,160.5286935286935,31.872443371694757,11.599966872124924
SC4051E0-PSG.edf,SC,N1,0.5967573069763016,0.2648405671694517,0.08335854602976477,0.02208422172712034,0.030657018226927207,189.1159951159951,33.39716996830507,12.847325794662547
SC4051E0-PSG.edf,SC,N1,0.4811061987512382,0.28065959922869915,0.15877192128734777,0.0369609679540919,0.060925797714876835,216.38388278388277,40.94896701502534,12.797504971689811
SC4051E0-PSG.edf,SC,N1,0.5430305483626643,0.36741410347429015,0.04853098517271098,0.01725380664320967,0.02766662177880319,167.12576312576311,32.59168278904118,16.067820676988667
SC4051E0-PSG.edf,SC,N1,0.8087805887595808,0.1123380219143579,0.04380489507957879,0.023883171012469204,0.024623782341419664,138.53846153846155,26.186087877339727,23.17344336625532
SC4051E0-PSG.edf,SC,N1,0.5965076046491828,0.25573703942964704,0.05037439333945048,0.09350039361429856,0.07930113332117325,195.7130647130647,17.707490753670754,19.56401469148676
SC4051E0-PSG.edf,SC,N1,0.4106561874350154,0.4889175929554284,0.05686818635637755,0.02098343859332287,0.030626791592373623,127.98315018315017,19.006207331228367,13.91195796861183
SC4051E0-PSG.edf,SC,N1,0.5988793604011357,0.29278826300448413,0.06531522408013972,0.023260012715037377,0.03147147619002976,105.11330891330891,13.23566583626845,11.454745804270496
SC4051E0-PSG.edf,SC,N1,0.3806935961330832,0.1447663499445471,0.3975030859776038,0.016493049840934075,0.06626519257422955,220.78192918192917,42.17073450288306,14.12576229843109
SC4051E0-PSG.edf,SC,N1,0.27281546606079043,0.2074634529766355,0.4359895954223008,0.021186965810652835,0.06452716871562003,177.24126984126983,40.271094729993315,11.55090780598436
SC4051E0-PSG.edf,SC,N1,0.4322760363656741,0.27074662518057985,0.22916648836857195,0.02191329792705462,0.051500343245977666,130.621978021978,28.44000083303136,9.421461572399677
SC4051E0-PSG.edf,SC,N1,0.2573166318237407,0.20558136065563065,0.4699933215984683,0.018386026137731194,0.04817153165936168,109.51135531135532,22.080264966654745,11.143010568638882
SC4051E0-PSG.edf,SC,N1,0.44079506326535617,0.26678247106623537,0.22891416613932064,0.02313756890664415,0.04038435681815678,149.97338217338216,24.9215457022511,11.66384562290146
SC4051E0-PSG.edf,SC,N1,0.6238551646810803,0.20286914659545616,0.11712785380385012,0.02516939113507029,0.0379244578536376,205.82857142857142,36.55232439013216,10.948626744164422
SC4051E0-PSG.edf,SC,N1,0.5899981229031869,0.2013052546429111,0.13962128475282767,0.025437949794725415,0.04315038502085422,183.83833943833943,28.22088813344412,9.372679183939809
SC4051E0-PSG.edf,SC,N1,0.6463234799061048,0.19910106967124236,0.08652344757779862,0.032090714010362904,0.056304938975114405,164.9267399267399,27.018461398963076,8.50342429659509
SC4051E0-PSG.edf,SC,N1,0.50599335813212,0.21615968874427208,0.2148190235308537,0.02118533495790791,0.0439770257730974,181.63931623931623,36.56237672167827,10.2710623728375
SC4051E0-PSG.edf,SC,N1,0.4817961323888423,0.1997627197693946,0.2646366885706944,0.02175787105441985,0.04069241575303674,136.33943833943835,23.668745774113905,8.91944465926722
SC4051E0-PSG.edf,SC,N1,0.4137219911543137,0.20445332552344117,0.3199642112198997,0.02743412297837781,0.04634593687585026,127.1035409035409,24.31636943667325,12.52757709622395
SC4051E0-PSG.edf,SC,N1,0.32675106402784065,0.2632604466159049,0.34404609098925476,0.0198951721498068,0.039687988042933144,143.81611721611722,24.329506831121687,10.521843893490427
SC4051E0-PSG.edf,SC,N1,0.472525557199217,0.2561644329608584,0.19261452042759608,0.021802025409309818,0.04782706887289434,219.46251526251524,32.031634987381,11.675045934947097
SC4051E0-PSG.edf,SC,N1,0.5793368739215571,0.12598358301128823,0.24733135288842048,0.02038766530635751,0.04059020410477305,235.2954822954823,46.22052519586403,10.770427353352586
SC4051E0-PSG.edf,SC,N1,0.5427765995939394,0.24264297252560177,0.15497511698057514,0.027402291401254854,0.045189250754474636,132.38119658119658,28.131268515940366,9.412112503001689
SC4051E0-PSG.edf,SC,N1,0.260493543960612,0.23511184179688863,0.447989181417549,0.01859904504960075,0.03302937767889802,219.46251526251524,44.795764102885435,13.548717262567795
SC4051E0-PSG.edf,SC,N1,0.34943689196527794,0.16865986335344194,0.4316634337444461,0.020602879957413778,0.036080616345133446,133.70061050061048,19.873541506930025,9.83061278097267
SC4051E0-PSG.edf,SC,N1,0.4844048608276008,0.2553387289516411,0.19807189365573946,0.017565531739568284,0.04326285348616912,69.92893772893773,13.222854477062661,9.387194165284972
SC4051E0-PSG.edf,SC,N1,0.5403639890349697,0.24640154421400845,0.15864815350256387,0.030324022510396648,0.042286783885994834,104.67350427350428,20.06979893132494,10.43355857201061
SC4051E0-PSG.edf,SC,N1,0.6438259783994577,0.17565346323511527,0.12458886887929571,0.027284589230127144,0.037672005844337476,139.41807081807082,21.721523765785168,11.860688936044475
SC4051E0-PSG.edf,SC,N1,0.6134622964301669,0.25711479744280596,0.07372747595043588,0.030138204241877863,0.03925642277639664,123.58510378510378,22.28338482219553,12.9488584232292
SC4051E0-PSG.edf,SC,N1,0.612553336487479,0.15585167325937657,0.11342585360521967,0.03364993523260582,0.11155949346554556,309.18266178266174,33.10191853868229,18.57676345927593
SC4051E0-PSG.edf,SC,N1,0.4650736539924161,0.130196722484267,0.3245345827376945,0.02534292748038982,0.06571295458294844,181.1995115995116,29.965508716808326,10.822984978346355
SC4051E0-PSG.edf,SC,N1,0.5661182128115398,0.25465410093852975,0.12714979959593195,0.025756837556509354,0.04192559217024526,123.58510378510378,19.352522395136802,8.222897107912043
SC4051E0-PSG.edf,SC,N1,0.6140256174043962,0.27561676763672605,0.06379101500414697,0.02363020026517316,0.0329849595005302,65.53089133089134,10.437408871370813,11.227990734962281
SC4051E0-PSG.edf,SC,N1,0.7179783495418354,0.16096818540447907,0.07152677617580207,0.022536290431730877,0.03445938790201871,153.4918192918193,23.07655427999002,11.51618942522938
SC4051E0-PSG.edf,SC,N1,0.6792099078035767,0.1534952623085188,0.08229597512886358,0.06031694528082726,0.055860384598543505,109.07155067155067,16.813431222880343,15.987824819122812
SC4051E0-PSG.edf,SC,N1,0.6635438176828181,0.17258891904735135,0.11939208253919231,0.015448934469883335,0.023697668835350676,178.56068376068376,22.601951721188097,25.323446023670368
SC4051E0-PSG.edf,SC,N1,0.5725463483319844,0.26696001170570816,0.08501783007916246,0.037198774953104724,0.04836274048106287,195.27326007326008,22.06618984375235,18.76776820583739
SC4051E0-PSG.edf,SC,N1,0.4920482141923973,0.16620213625202598,0.27588349253993694,0.024574681417217165,0.051509875639500505,141.61709401709402,22.976684720933807,10.671161483923886
SC4051E0-PSG.edf,SC,N1,0.4740778349127335,0.28003762841275925,0.1779787221625281,0.019332276696999155,0.045263908878565136,99.83565323565324,18.14458699918843,10.536037591688526
SC4051E0-PSG.edf,SC,N1,0.4383152577455918,0.2714559328301404,0.23444717510484403,0.02034218634989257,0.039063655629396406,139.85787545787545,28.687994997460066,11.73066512786682
SC4051E0-PSG.edf,SC,N1,0.7457271294299886,0.12811752457095069,0.07357174321603228,0.019020759897162686,0.04024866206923222,149.53357753357753,21.012266438199934,15.357218884239193
SC4051E0-PSG.edf,SC,N1,0.48172676453602997,0.14203074234348975,0.28640418106654136,0.03910375464226907,0.08319771071282504,161.84810744810744,27.79930216805114,12.106786616221783
SC4051E0-PSG.edf,SC,N2,0.7126480430704637,0.17843418106495673,0.04694857115898249,0.020407644267671284,0.026718181968745366,170.2043956043956,35.126896225703405,16.397788056343938
SC4051E0-PSG.edf,SC,N2,0.6844012481452416,0.20592504201777298,0.05031020279849655,0.02402797083776011,0.04767803666444947,282.7943833943834,49.52753080302194,14.25447865761572
SC4051E0-PSG.edf,SC,N2,0.43023323468513885,0.4242618262018783,0.09455295531323263,0.02005586174442221,0.041052707405777204,175.48205128205126,32.07218174701425,14.194043577442198
SC4051E0-PSG.edf,SC,N2,0.6607982200632757,0.24522688266861448,0.03806208420760693,0.03543664760730628,0.044029641721915126,250.24884004884007,39.54674376875689,20.003325358547162
SC4051E0-PSG.edf,SC,N2,0.5004014659701,0.2549967268715477,0.1746504114931339,0.038020312128502605,0.06009406873889376,126.66373626373627,22.146094669289553,13.257827157210775
SC4051E0-PSG.edf,SC,N2,0.6658122668382849,0.2186113422709479,0.046241227442574674,0.049972264300266675,0.05375981912497458,92.35897435897436,14.679891768212519,15.588826252522207
SC4051E0-PSG.edf,SC,N2,0.6757404151712539,0.19299920702851758,0.044081191616343926,0.07494770899495579,0.07527523603800543,123.58510378510377,19.437760484088813,18.1071462155936
SC4051E0-PSG.edf,SC,N2,0.6165604423996617,0.2512025029811419,0.07355350940461446,0.047018518492715745,0.04425362599035083,178.12087912087912,23.696125716137296,14.985671163156443
SC4051E0-PSG.edf,SC,N2,0.6501924202030934,0.23886670560022452,0.04993691803042689,0.04791486029932518,0.04209446088489982,93.23858363858363,16.63968561491424,18.059897054519002
SC4051E0-PSG.edf,SC,N2,0.657474765848449,0.26276134842719834,0.04432400104779778,0.03035949354286417,0.02607754086294786,150.4131868131868,24.320898105597244,17.81620860441443
SC4051E0-PSG.edf,SC,N2,0.7051875925596901,0.19386638544229853,0.048796541612025054,0.047177705415989556,0.04187735940956685,108.19194139194138,20.06225800382756,17.571595655978122
SC4051E0-PSG.edf,SC,N2,0.7052654632266759,0.16688585053195804,0.06451583060923732,0.07228800403500286,0.055211359819781744,128.4229548229548,13.298358331548258,17.276536086071484
SC4051E0-PSG.edf,SC,N2,0.683224474974484,0.1945216278634693,0.04703013777401742,0.0737020993958488,0.06051989489451986,124.9045177045177,16.02857209943571,20.543897050582043
SC4051E0-PSG.edf,SC,N2,0.6698436814193549,0.141767283161648,0.08074172270160083,0.11851291969113627,0.09879243618063561,205.3887667887668,24.744035614455004,15.232454520266073
SC4051E0-PSG.edf,SC,N2,0.6952125540852953,0.20801661089601237,0.037879740153576986,0.030228668865331248,0.03492078048531839,145.13553113553112,20.463568869794628,21.118044288966697
SC4051E0-PSG.edf,SC,N2,0.5175338079209616,0.297508150434099,0.07591671877582022,0.1006936168071677,0.0930886997038223,113.9094017094017,15.88255770363406,17.949632327040298
SC4051E0-PSG.edf,SC,N2,0.7516219323307939,0.1745087024119009,0.030438076215736756,0.03594362076898397,0.03254065092422077,98.07643467643467,14.043639526964226,20.334603166851192
SC4051E0-PSG.edf,SC,N2,0.6918473772154349,0.19436638977250487,0.049540546731851876,0.049223571993561394,0.04500843916856069,137.65885225885228,17.883065462360637,17.679125240099847
SC4051E0-PSG.edf,SC,N2,0.7338790989006644,0.1697406273760554,0.03738494142177175,0.051275703212930825,0.04919754746310022,107.75213675213675,14.012166283108328,18.33316257708219
SC4051E0-PSG.edf,SC,N2,0.6840778696559365,0.20855107749877624,0.04456068942933105,0.047474439557999064,0.04569513481608287,83.12307692307692,11.809177245016345,18.951539741434452
SC4051E0-PSG.edf,SC,N2,0.6839356736909654,0.1983894433100592,0.05250040458390716,0.05005136504309336,0.04584859443873856,84.00268620268619,13.212338443732413,18.221628355525613
SC4051E0-PSG.edf,SC,N2,0.6366782036177144,0.21967106137364376,0.07735327311952692,0.06709188188732419,0.05615457984618594,76.52600732600732,11.931777591337625,17.030773585846944
SC4051E0-PSG.edf,SC,N2,0.7193977979141717,0.15642471166474536,0.060363250074374895,0.05042149461941203,0.04859896207302066,70.80854700854701,10.82186286303846,20.949114904511447
SC4051E0-PSG.edf,SC,N2,0.720992850398051,0.17392638192389095,0.04875267186343064,0.05033519657372694,0.03900833796949278,99.39584859584859,12.424697709892635,21.449064137063935
SC4051E0-PSG.edf,SC,N2,0.6170821751079599,0.2161121423236417,0.0901747577633738,0.09403654398643561,0.06476648600207546,75.64639804639805,10.848928719735909,22.306539244229395
SC4051E0-PSG.edf,SC,N2,0.6464503781576945,0.21645000968376318,0.06699906940158397,0.07075337753815479,0.06113184426136318,95.87741147741147,12.884456794553836,20.220308440882672
SC4051E0-PSG.edf,SC,N2,0.8113435877293788,0.12864860118544547,0.033726086821207556,0.021985532426615384,0.018221203701795922,105.99291819291818,14.10218408356261,22.393200768557865
SC4051E0-PSG.edf,SC,N2,0.7531266840582873,0.18456496622889274,0.03401231219443275,0.022204886414303984,0.018219638332760392,110.83076923076922,15.454484724338199,24.132096961287534
SC4051E0-PSG.edf,SC,N2,0.766409054079795,0.13655311428285963,0.049764239119853754,0.037925662428406226,0.03172652128309532,89.72014652014653,12.232041567371175,20.61404409096683
SC4051E0-PSG.edf,SC,N2,0.8024770684755108,0.13725299056539653,0.032729260220558234,0.020041695234843643,0.019661896905881708,92.35897435897436,12.785921538712358,19.676024087722503
SC4051E0-PSG.edf,SC,N2,0.6941690669919688,0.19027938727332003,0.07185782863799522,0.04509776052014798,0.03420394167251027,72.56776556776556,11.991216038372766,18.554086443467554
SC4051E0-PSG.edf,SC,N2,0.7845500929476549,0.1588433238952406,0.034779539516829654,0.022253942763507714,0.01710261030910642,78.28522588522588,12.019418739265156,22.109135100292885
SC4051E0-PSG.edf,SC,N2,0.7513578151360208,0.1381038965357439,0.07029532848955244,0.04873354754536307,0.03267339205113213,95.43760683760684,13.578746756019891,23.654246635030958
SC4051E0-PSG.edf,SC,N2,0.8259630220212714,0.10582872314257978,0.03818223724527959,0.0237145886322653,0.01944788972656383,76.08620268620268,11.07886946577983,22.693660788975293
SC4051E0-PSG.edf,SC,N2,0.746223963149075,0.17426021685350698,0.04431284226867086,0.03451600407405396,0.02897455265949226,83.12307692307692,12.543304348706924,23.496864475318006
SC4051E0-PSG.edf,SC,N2,0.865258041113257,0.09636057694699952,0.0236239304215558,0.011384114651505512,0.008824990230287981,139.41807081807082,19.77616764219296,25.46838089934996
SC4051E0-PSG.edf,SC,N2,0.8368565967054238,0.10102772991815118,0.03581017327708103,0.023368342604215206,0.01725461784584723,91.47936507936507,14.562058182151631,22.7820081776975
SC4051E0-PSG.edf,SC,N2,0.8341357985239726,0.11073063895046424,0.030728197329477715,0.023771737998007244,0.01845655215263536,111.71037851037852,15.695252533203366,24.075631218666867
SC4051E0-PSG.edf,SC,N2,0.8541676956172479,0.09832539177589901,0.026372106842348003,0.021946140805052937,0.015488904415129684,96.75702075702075,14.182237890954296,24.00412775436105
SC4051E0-PSG.edf,SC,N2,0.8087759697689418,0.11401262353097452,0.05486584398110844,0.022763411925171333,0.015727735372741747,85.32210012210012,12.10688251736822,21.727963921656936
SC4051E0-PSG.edf,SC,N2,0.8293946750003185,0.10499455047679672,0.04358887725372493,0.029284334353356905,0.017368086080985185,135.89963369963368,16.57463437004246,23.27636548864049
SC4051E0-PSG.edf,SC,N2,0.7728077239496034,0.15354850356109603,0.04923293611525866,0.030384609642607203,0.01630750967747801,116.98803418803419,16.209724041528496,26.091770890550247
SC4051E0-PSG.edf,SC,N2,0.8818450718801087,0.07032682826636932,0.029808260869289425,0.015952772165959323,0.011632383441910168,127.1035409035409,15.88821464762249,27.467563030076676
SC4051E0-PSG.edf,SC,N2,0.8627993117582474,0.08728399964191749,0.03255820354130575,0.020332019999060938,0.010446157840278882,124.9045177045177,18.392848065116794,26.243417842985263
SC4051E0-PSG.edf,SC,N2,0.8590086707039258,0.09610849198978848,0.02180395865779275,0.01096537378124507,0.01937368676867892,370.7553113553114,47.401325898071015,34.66987360253726
SC4051E0-PSG.edf,SC,N2,0.7989167049392142,0.1345483704568066,0.031049033257956715,0.02117567374063791,0.02446350458054675,146.8947496947497,16.16352321360885,24.76138932613954
SC4051E0-PSG.edf,SC,N2,0.8670601854936124,0.07943268515757665,0.0283253226764929,0.030429112510620294,0.02065798131180069,164.4869352869353,16.375998673836516,20.959782376722938
SC4051E0-PSG.edf,SC,N2,0.8929117179200802,0.055875160531765646,0.02688022098444741,0.027696220196840357,0.018495569205978432,270.47985347985343,21.72205190734379,25.79798887085626
SC4051E0-PSG.edf,SC,N2,0.779412497215306,0.1487480606645922,0.03891053925414864,0.025061078259191738,0.024021194597963196,105.55311355311355,14.676170094514442,22.125671008908434
SC4051E0-PSG.edf,SC,N2,0.6551372204451782,0.2000203901653524,0.06678431181710695,0.07916169697462658,0.06289328740852611,117.42783882783883,12.399010009055829,17.19539563328014
SC4051E0-PSG.edf,SC,N3,0.7551525843867866,0.16309114879392617,0.03712974240389435,0.03961749139196939,0.03338768000489724,126.22393162393163,14.222788290757682,23.81553672785888
SC4051E0-PSG.edf,SC,N3,0.8068074446539213,0.13979557050498767,0.02645710412113896,0.01613307338834652,0.011555734715364863,118.74725274725276,14.5844799450115,26.564584836810546
SC4051E0-PSG.edf,SC,N3,0.7645854401085564,0.1408400047893243,0.04763387596884946,0.04041571016307324,0.02933136409215824,87.96092796092796,12.935288650231143,23.196625020324802
SC4051E0-PSG.edf,SC,N3,0.8364834820158903,0.1207104395263889,0.02884636208925812,0.012030728592810517,0.008492079590790055,105.55311355311355,13.959375710595483,24.17541928282787
SC4051E0-PSG.edf,SC,N3,0.8410688899568995,0.1070768051481539,0.030910290049757656,0.017756387158006457,0.013141827616629562,152.61221001221003,17.427040501838345,26.319309163934133
SC4051E0-PSG.edf,SC,N3,0.8748167541219932,0.08576809117973576,0.025058561725268595,0.013842395869314078,0.010645226490741316,110.39096459096459,15.021509258384881,30.114131411385525
SC4051E0-PSG.edf,SC,N3,0.8640875285256067,0.08726124684910522,0.02753223862575099,0.015677897331175552,0.01110067819767977,110.39096459096459,14.854479404039397,30.154203766776565
SC4051E0-PSG.edf,SC,N3,0.8879339086031532,0.07137890652264288,0.026076170277702093,0.014566233480497343,0.010981657263939988,168.44517704517705,19.129590747819254,33.831194814646985
SC4051E0-PSG.edf,SC,N3,0.8180751143883596,0.11764064670120519,0.032481605408846544,0.02379914776172578,0.021483781737717436,266.96141636141635,28.00604666659418,26.96913486715908
SC4051E0-PSG.edf,SC,N3,0.8493464092756985,0.10483595252450144,0.023654001378596287,0.015378179352393061,0.014981977005696595,198.35189255189255,22.463890938353913,26.428815373029824
SC4051E0-PSG.edf,SC,N3,0.8069689581557455,0.126616064246744,0.03841463860903143,0.03142416276654953,0.02014955536128373,109.07155067155068,13.027327034277743,24.301808601110363
SC4051E0-PSG.edf,SC,N3,0.8035133765533944,0.12530636691858457,0.040437632659157424,0.03188975404087761,0.02077686718764719,136.77924297924298,15.210951743177311,24.04652587467882
SC4051E0-PSG.edf,SC,N3,0.8401673127676237,0.09834642840851836,0.039514480291526974,0.026104063835629257,0.014190242338657259,95.43760683760684,15.113079527418877,27.69566936362384
SC4051E0-PSG.edf,SC,N3,0.9004835951378635,0.06625733535716959,0.020041623576507385,0.012085395209991141,0.008677156853244886,120.94627594627595,17.05856263433611,33.16339213231496
SC4051E0-PSG.edf,SC,N3,0.8501976358527215,0.10230703606481352,0.03025859092446867,0.01824708364382596,0.011983016745450938,121.38608058608058,15.733911048988427,27.957137341545753
SC4051E0-PSG.edf,SC,N3,0.9082593932323072,0.05659285865281173,0.023731856442581738,0.012233985214861737,0.00740874341899291,102.47448107448108,17.008043853970683,31.76127088724203
SC4051E0-PSG.edf,SC,N3,0.8805240012194309,0.0811580579123289,0.024111761243873056,0.01708563737989036,0.01017265087896305,117.42783882783883,16.7003984846084,29.6099676622357
SC4051E0-PSG.edf,SC,N3,0.8621611350738715,0.09724294249390027,0.02225839236962157,0.015075702446168468,0.012453504506519658,89.28034188034187,12.725544904524813,29.435283030226493
SC4051E0-PSG.edf,SC,N3,0.9126774810474549,0.058819147734654305,0.01947428063981905,0.009107465591504807,0.005728687147547908,102.91428571428571,16.6939600159279,30.840999253693848
SC4051E0-PSG.edf,SC,N3,0.9145069921766241,0.05442653877227136,0.021496945427721768,0.008784131294143658,0.005559331712246653,98.07643467643467,14.622372506920039,28.984696621664376
SC4051E0-PSG.edf,SC,N3,0.8935553998703052,0.06659687781329099,0.024518832577043903,0.012115663105623238,0.00905298229906015,110.83076923076922,16.91128387850023,29.631221799779276
SC4051E0-PSG.edf,SC,N3,0.8689680054639302,0.08373552316745762,0.030713450242434024,0.013909659898515453,0.007802461788432555,117.42783882783883,14.784613264154068,31.17293994276519
SC4051E0-PSG.edf,SC,N3,0.8913665883700093,0.07079413952336398,0.021514080035595226,0.014226393979341832,0.010282921388584136,120.94627594627595,15.292518375153483,29.79598986130959
SC4051E0-PSG.edf,SC,N3,0.8937849331499687,0.06530938343799154,0.026485219806477917,0.011929909572659226,0.008218897031939352,125.34432234432234,16.071831953735654,27.093200070856096
SC4051E0-PSG.edf,SC,N3,0.8900920496118176,0.07812232076890101,0.01887549355250232,0.011874754148094389,0.009206223495261893,130.18217338217337,16.582458704301537,36.04398351768735
SC4051E0-PSG.edf,SC,N3,0.9252751099470089,0.043314427192402784,0.02123244677089551,0.012322393271913121,0.007563319431946047,122.26568986568986,16.818341505679392,34.850211935821555
SC4051E0-PSG.edf,SC,N3,0.9040765385182253,0.06770577643543658,0.018463480840509746,0.008814590681062006,0.0054893489107038585,97.1968253968254,14.583509631982617,27.74827538666845
SC4051E0-PSG.edf,SC,N3,0.8938210626192551,0.06556490571164136,0.025230911568854823,0.010654148644522863,0.007170879358588989,152.61221001221003,17.449139078240226,30.122231853426207
SC4051E0-PSG.edf,SC,N3,0.8990745962296702,0.0674219101423282,0.024082056478414163,0.012622367076335218,0.007211710622789587,111.27057387057387,15.735417079179534,28.389466775347493
SC4051E0-PSG.edf,SC,N3,0.8892445003070103,0.07831719681752969,0.02055187722282107,0.011465065914420125,0.008543418848078846,93.23858363858363,14.361650726978722,31.852518977695638
SC4051E0-PSG.edf,SC,N3,0.8679663912368687,0.07841270678464643,0.0349656581611611,0.023669071030960775,0.012737313420124486,108.63174603174602,17.34375585659015,28.53524125334308
SC4051E0-PSG.edf,SC,N3,0.9044135289373515,0.0623745129331992,0.02103061393291419,0.011577983437435949,0.007731910119639833,149.0937728937729,18.812903704866386,29.57231800257881
SC4051E0-PSG.edf,SC,N3,0.9014067047942136,0.06569373598371661,0.021647892346381876,0.011245351084632742,0.006379916337919623,143.37631257631259,15.82402764581385,30.503656820431345
SC4051E0-PSG.edf,SC,N3,0.9235619661698349,0.04831663488758824,0.0172511988600935,0.008296674767838356,0.005205219260315245,135.0200244200244,17.85558237208752,32.034958496349155
SC4051E0-PSG.edf,SC,N3,0.8996183880819579,0.06221500643924012,0.02582491902195221,0.009736550764532685,0.006391960723298422,149.53357753357753,20.529729337641513,33.79307088545731
SC4051E0-PSG.edf,SC,N3,0.9010304322530645,0.05954162901435379,0.020371165128001762,0.012669659761696287,0.009496402256734739,118.74725274725274,15.95345614734794,30.840698564016563
SC4051E0-PSG.edf,SC,N3,0.8725067487190283,0.07939263777748325,0.032028897090023066,0.018422775865772276,0.01167414600289496,116.10842490842491,15.445507518492834,30.760030295922782
SC4051E0-PSG.edf,SC,N3,0.8951641436965403,0.07103033619046586,0.021655774407328174,0.010916276930049519,0.006862309174446779,166.68595848595848,19.42146812659646,31.81205935500248
SC4051E0-PSG.edf,SC,N3,0.8569322541120562,0.08677534816877429,0.03245880101129407,0.02124973822687644,0.014617020284608111,120.94627594627595,14.664367118782858,26.253833355482183
SC4051E0-PSG.edf,SC,N3,0.8955309865452151,0.07537314921494181,0.018393908613284,0.009637376518509128,0.006758483764994561,105.55311355311355,16.43370726147691,31.79049413174088
SC4051E0-PSG.edf,SC,N3,0.9025422966059579,0.06495990833963469,0.022623469577051636,0.00889454652805816,0.005906108701423745,122.7054945054945,16.638844566479825,30.576991972671838
SC4051E0-PSG.edf,SC,N3,0.9274063622152383,0.050458712189976294,0.013939563811228501,0.00808817502180879,0.006313587850838304,118.3074481074481,16.386412955939278,32.685536100682974
SC4051E0-PSG.edf,SC,N3,0.9085371419130186,0.0695306451810171,0.012574795956596782,0.009747559564286037,0.006309181657765373,88.84053724053723,16.16950611265541,30.650474568131166
SC4051E0-PSG.edf,SC,N3,0.9215881971940093,0.05310794204446074,0.017234473801734974,0.008134020737037097,0.005343592790636254,189.9956043956044,19.53196847833554,32.37282075047679
SC4051E0-PSG.edf,SC,N3,0.8575192219095323,0.10300547592340184,0.024284441160247507,0.0118594615195404,0.009830517396630507,113.02979242979242,16.142150023610927,29.047714274179288
SC4051E0-PSG.edf,SC,N3,0.8705731623002939,0.08503361312774646,0.031382847442487816,0.014712861648210401,0.00939937758275898,104.23369963369964,15.895434137743978,30.378695455974803
SC4051E0-PSG.edf,SC,N3,0.8679148355484821,0.07626941463649209,0.03020318465355626,0.023721678223691395,0.015006267941247226,94.9978021978022,14.247465476952422,27.381115019825405
SC4051E0-PSG.edf,SC,N3,0.8988204636533313,0.06495671733240704,0.023791746234830043,0.010203864778238035,0.007098476036774118,123.58510378510377,17.040209503889702,27.898877024199535
SC4051E0-PSG.edf,SC,N3,0.9324424228263289,0.042878366628897706,0.014766284763973007,0.008140815090093798,0.005499486530895218,138.97826617826618,19.041119121665577,33.88509372433172
SC4051E0-PSG.edf,SC,N3,0.9273347317005028,0.0469886561232101,0.0181032935006701,0.006338023166474095,0.004370539361842404,117.86764346764346,17.17710466083456,35.54222188078647
SC4051E0-PSG.edf,SC,REM,0.648542648174015,0.2692871513769103,0.04453800850301915,0.02508413101132041,0.02404823020883461,157.0102564102564,25.624728347215164,16.27452592455639
SC4051E0-PSG.edf,SC,REM,0.5721887342969467,0.2708334223757255,0.10875039451467283,0.018838616239914528,0.025911232532456318,94.55799755799755,12.318579464599846,13.578737019727738
SC4051E0-PSG.edf,SC,REM,0.585569188516743,0.3129682105072578,0.06821952627002784,0.02070339117246182,0.024274681114185393,52.33675213675214,7.893180718565731,11.634202185919913
SC4051E0-PSG.edf,SC,REM,0.5453157517527568,0.23475321473375504,0.15865506137739163,0.021408274007364253,0.03941921401643067,136.77924297924295,18.804146538374237,11.915997326920143
SC4051E0-PSG.edf,SC,REM,0.5943164837033951,0.2757445386756639,0.08502704822401526,0.02021826145037871,0.03003418384833721,257.72551892551894,24.568706171111323,10.52540408371694
SC4051E0-PSG.edf,SC,REM,0.6759607293507766,0.22363549989094988,0.05951032397320338,0.023314747444445852,0.029919342150537723,496.0996336996337,55.251912729857246,12.532563092282258
SC4051E0-PSG.edf,SC,REM,0.5522315252449613,0.27776007600494435,0.11713259750150691,0.03006795033622123,0.037750113438795696,171.96361416361415,24.868576437096824,12.510737040053472
SC4051E0-PSG.edf,SC,REM,0.5582378308992746,0.24392382306688384,0.1506089378250832,0.022083337035234074,0.03010584068423628,148.65396825396823,15.211312883855642,11.620332359754274
SC4051E0-PSG.edf,SC,REM,0.6324935212688577,0.25736022373897055,0.06183647591681403,0.02038999689371802,0.03312149894616203,77.84542124542125,10.957532036527024,8.95749348970072
SC4051E0-PSG.edf,SC,REM,0.5215854174872822,0.36141669920733055,0.06095191846950066,0.024463436188667607,0.032761295502779904,398.9028083028083,52.490258764744176,12.312020184561
SC4051E0-PSG.edf,SC,REM,0.6129907877950287,0.2681047325715004,0.056844617089601514,0.0260504114008961,0.03772152782434927,289.83125763125764,36.94879540252602,13.194927511082374
SC4051E0-PSG.edf,SC,REM,0.5719417183641675,0.26853361485869626,0.10360135575101895,0.028574659861108874,0.03803971016230334,131.5015873015873,20.42495139987784,10.444451907943746
SC4051E0-PSG.edf,SC,REM,0.6322094910848627,0.25434223488013324,0.06813866783254446,0.027021048988269833,0.03687104753644997,136.33943833943835,19.413049602867204,9.962656807559856
SC4051E0-PSG.edf,SC,REM,0.509540214891552,0.28534382206043735,0.13825852928313118,0.029356741134595393,0.03931331534454818,72.12796092796093,10.049498460170978,14.492916898686945
SC4051E0-PSG.edf,SC,REM,0.3744708136428199,0.3317753196049743,0.20367585286094675,0.02392431834095187,0.03661415771076537,175.92185592185592,22.883954925258088,11.481590511650301
SC4051E0-PSG.edf,SC,REM,0.46338252921521145,0.36768193392054865,0.1217449413781593,0.02761308438055405,0.03150379261801008,84.00268620268619,12.974940740521312,11.473718938852109
SC4051E0-PSG.edf,SC,REM,0.6501259886072192,0.23028724962556274,0.06881957116394488,0.02690265984851035,0.03261223991688519,408.1387057387057,58.226049029841626,13.37644173414996
SC4051E0-PSG.edf,SC,REM,0.648881596654835,0.2206994734047949,0.07325517309519411,0.025854438780186666,0.04190717338113519,113.02979242979242,13.866514007679001,10.41233773906373
SC4051E0-PSG.edf,SC,REM,0.5888580201148816,0.2557600277563775,0.07029950518456832,0.03252002233243969,0.07826100824617845,108.19194139194138,15.127562054780505,11.16038691852204
SC4051E0-PSG.edf,SC,REM,0.5309627192316994,0.3094338634218498,0.10009821879326446,0.03482198865726542,0.035546575459799626,218.14310134310134,28.903511142647854,11.674121788152187
SC4051E0-PSG.edf,SC,REM,0.8051542903369566,0.11378711239450084,0.04553912715028132,0.020406264813012723,0.02508818143127519,644.7536019536019,89.65957118654165,16.903345045035508
SC4051E0-PSG.edf,SC,REM,0.5896607616845184,0.26933080120509634,0.08888721433056423,0.021042628386801987,0.03177338322128863,183.3985347985348,15.342834690932243,10.2500281678391
SC4051E0-PSG.edf,SC,REM,0.6515753515140932,0.2393736672353187,0.0615306577147566,0.025773185040821125,0.03806651714481609,189.55579975579974,22.617888770301413,9.432644035749702
SC4051E0-PSG.edf,SC,REM,0.608971571620933,0.2763861748576832,0.0686478047618004,0.03298444124897951,0.03688834411379913,382.19023199023195,36.73796589169174,12.570506006448765
SC4051E0-PSG.edf,SC,REM,0.4770426895708373,0.28714114995405593,0.1805291891719688,0.027587426499497428,0.04621515535475009,155.25103785103784,25.300451928847558,10.883738168620503
SC4051E0-PSG.edf,SC,REM,0.6020185385781157,0.2673368168761599,0.08285512852499516,0.040234107154946436,0.03664184279225948,399.78241758241757,43.146733638250915,10.292396044723372
SC4051E0-PSG.edf,SC,REM,0.6694433962962009,0.22750908791452035,0.059712687602656335,0.02666971789140101,0.03688663500543112,62.892063492063485,10.783464638024071,9.10043505795111
SC4051E0-PSG.edf,SC,REM,0.8382797631999919,0.10728596817739611,0.029967486655694865,0.013371049968505308,0.020017311528498283,470.1511599511599,59.305809875486794,16.95946723577956
SC4051E0-PSG.edf,SC,REM,0.5002047004447254,0.32113229081137273,0.10445645851389303,0.03651614656211484,0.06307552548306937,90.5997557997558,13.972805344277878,9.727851972879309
SC4051E0-PSG.edf,SC,REM,0.6045874247817469,0.23563154439263012,0.10833739207589076,0.026409584136060732,0.03392009946989512,52.776556776556774,8.05031688609501,10.2278675717503
SC4051E0-PSG.edf,SC,REM,0.44158835592735823,0.2889508757921439,0.2069538780947496,0.024869617227010945,0.04521304286448268,214.62466422466423,17.389176101168434,11.985710128539036
SC4051E0-PSG.edf,SC,REM,0.7754266823515736,0.11890898934862953,0.06469140564822198,0.021210812926691573,0.03431816076869159,476.7482295482296,66.87102650009128,13.70967129826272
SC4051E0-PSG.edf,SC,REM,0.6789556637257669,0.19940691399500698,0.07213961725159264,0.03195830163928177,0.041360082413694745,409.8979242979243,48.77979747576995,13.467360832753474
SC4051E0-PSG.edf,SC,REM,0.6304561137457819,0.24967194179893457,0.06710895330919535,0.03485923590664682,0.04636398150309407,77.84542124542125,11.066330270582048,8.73396725106207
SC4051E0-PSG.edf,SC,REM,0.44537835060245423,0.34105194390628263,0.16306710865190174,0.02783921580521598,0.04512810394949348,50.13772893772894,8.371339252970062,9.360921747161164
SC4051E0-PSG.edf,SC,REM,0.5045376170597408,0.33090787028942564,0.10493715799591592,0.030865025794190055,0.04435413019120426,49.258119658119654,6.905858705466836,9.64338109193901
SC4051E0-PSG.edf,SC,REM,0.5610597505178543,0.3148218664490554,0.06883689539044158,0.030128357798668508,0.034000067196016254,37.823199023199024,6.452121102612744,9.941822667268003
SC4051E0-PSG.edf,SC,REM,0.6506081702224734,0.2544441249496116,0.052464604023336546,0.024402079727980974,0.02869431044248799,46.61929181929182,6.438837633659605,11.371238606156243
SC4051E0-PSG.edf,SC,REM,0.6600534184085223,0.2438170839509637,0.05067645255088373,0.02240788954119411,0.028534797093615265,60.25323565323565,9.03819663246816,12.26617625628918
SC4051E0-PSG.edf,SC,REM,0.4510952316367082,0.2562782836384418,0.20915319590166764,0.031358454615324334,0.04745709251149249,86.2017094017094,11.812184883404647,12.082499706086319
SC4051E0-PSG.edf,SC,REM,0.3935729799075136,0.26285308663239243,0.21346406415854283,0.03466970310179289,0.08242756223849888,177.68107448107446,16.88068887363802,11.985057289947196
SC4051E0-PSG.edf,SC,REM,0.6549096630067697,0.22742850305390255,0.06874632968724585,0.026120924524415983,0.03784982931258083,84.44249084249084,12.311926540396932,12.012907382287713
SC4051E0-PSG.edf,SC,REM,0.5125941950000619,0.2751724862508861,0.16104971143536845,0.03015101420550937,0.03106109336543429,46.17948717948718,7.9489222983513566,13.035575895279829
SC4051E0-PSG.edf,SC,REM,0.7360636008720515,0.17166744577709603,0.048797274091618034,0.026142965867233997,0.030906375988495625,87.08131868131868,8.985899711439442,12.976919356295774
SC4051E0-PSG.edf,SC,REM,0.6353528772864625,0.2696732940525082,0.053601610859669226,0.02617137887888662,0.029228177813059742,178.56068376068376,17.591617499576635,14.469379744073295
SC4051E0-PSG.edf,SC,REM,0.6799982686261352,0.24235374682009983,0.04226682321009487,0.014498943955761397,0.02012633219515739,336.0107448107448,27.00761075120491,12.018884076857187
SC4051E0-PSG.edf,SC,REM,0.6194928922718521,0.2905901965477918,0.0489220131411014,0.019373153911364308,0.027181191617337657,71.68815628815628,9.505889146483952,11.084836477764004
SC4051E0-PSG.edf,SC,REM,0.6891245502725435,0.2172060808086013,0.0553849768899816,0.018920619642918343,0.028611671092263192,135.89963369963368,13.940067545163801,10.869156285752425
SC4051E0-PSG.edf,SC,REM,0.6874119506953804,0.21339624631592233,0.06071339776514649,0.020698600374121346,0.025792314914094203,117.42783882783883,14.49873768197241,10.823354543780038
SC4051E0-PSG.edf,SC,REM,0.736666902582497,0.18278329426464193,0.04272992441334622,0.01461613257266549,0.01816025570785578,351.84371184371184,34.01641921042805,13.17157138113013
SC4141E0-PSG.edf,SC,Wake,0.8536148245619615,0.07419257483180773,0.019234908679745397,0.012835813233520434,0.03990717859729538,673.835409035409,112.28760726830075,33.47473304367651
SC4141E0-PSG.edf,SC,Wake,0.7568105571133691,0.09854442922074254,0.04299349284212469,0.025954302265735255,0.08969750007369456,703.3282051282051,110.00688196155836,33.02250103162604
SC4141E0-PSG.edf,SC,Wake,0.7047779707554779,0.08598926004031938,0.0785244645243609,0.04207068373263194,0.12533406041519832,550.8654456654457,73.93351805390469,20.165557964378053
SC4141E0-PSG.edf,SC,Wake,0.8432448955256644,0.0763461505894491,0.04118787446793712,0.013196947766748044,0.025774442454963332,395.40341880341884,44.52423343596728,33.16664080960872
SC4141E0-PSG.edf,SC,Wake,0.7375250132255975,0.09552802470893954,0.06564809791593239,0.03608395395555547,0.09526101863614862,552.3650793650794,72.92433893927777,22.09787027827843
SC4141E0-PSG.edf,SC,Wake,0.7404890445797973,0.14335306330184935,0.04908591375182818,0.02449520539987078,0.05948352795584586,697.3296703296703,126.7659619107058,33.61568786221307
SC4141E0-PSG.edf,SC,Wake,0.8384008121636204,0.09666429157535299,0.027441485370346044,0.013072875212993482,0.030394575010625608,706.8273504273504,143.51084008913375,37.142736258759335
SC4141E0-PSG.edf,SC,Wake,0.8602278402014888,0.07048618963363805,0.026005249218342165,0.014926934618557737,0.02788153720691207,691.8310134310134,109.43299264397412,33.907944393771444
SC4141E0-PSG.edf,SC,Wake,0.8260451680316013,0.07664250971063187,0.028119290364381537,0.020150969918867386,0.06381543739575568,664.8376068376069,122.47537816312659,39.67539039879045
SC4141E0-PSG.edf,SC,Wake,0.7611809118060757,0.11817241175310594,0.047661290520291826,0.031917652854143025,0.06291714392245755,725.3228327228328,122.00635834480323,30.503090557215035
SC4141E0-PSG.edf,SC,Wake,0.8458261212410568,0.08473973090044669,0.023856019297399583,0.014037469324990458,0.04052203667198192,672.8356532356532,117.38354036194012,33.024663505669345
SC4141E0-PSG.edf,SC,Wake,0.787651409737095,0.10099813795611427,0.03383005201368827,0.02498481502698821,0.07441250794986959,687.3321123321123,127.29997199716979,35.44005059125296
SC4141E0-PSG.edf,SC,Wake,0.7895363188181537,0.11425451862845366,0.033813286976723214,0.021035087288824125,0.055877415029991155,702.8283272283272,122.63677120289549,33.71501756801541
SC4141E0-PSG.edf,SC,Wake,0.8102718018407964,0.09813585888998842,0.03551225684319563,0.018190539235952617,0.04968403456184092,730.3216117216117,102.74226647468328,33.60451749960386
SC4141E0-PSG.edf,SC,Wake,0.8502006770571352,0.06587724038703482,0.03853915134317119,0.0168813307512199,0.031090067822486078,625.8471306471306,94.69533636383008,35.10364436805175
SC4141E0-PSG.edf,SC,Wake,0.7612826572513951,0.09133366513994573,0.043891901289684905,0.024105860502534465,0.09604049113190963,791.3067155067156,149.38520481385694,29.48479119207826
SC4141E0-PSG.edf,SC,Wake,0.6969086275723246,0.1473215339456523,0.06289105309655992,0.026378068434065812,0.08362328814452359,695.8300366300366,124.85540264891546,20.38276073543326
SC4141E0-PSG.edf,SC,Wake,0.724114530892893,0.1217409686529034,0.059066792798389306,0.02808240503709358,0.08414867548706911,798.3050061050061,153.17339580522093,23.75075982354628
SC4141E0-PSG.edf,SC,Wake,0.7583824763195457,0.11561516372949188,0.04451905496582895,0.03031182816240239,0.0732097565230853,647.8417582417583,103.10874494082799,21.553665465158694
SC4141E0-PSG.edf,SC,Wake,0.7323816352634056,0.10280231390850827,0.053045615355461845,0.028493249518226547,0.09673481796619908,735.3203907203907,145.34876655609202,25.22580857553496
SC4141E0-PSG.edf,SC,Wake,0.742501872082421,0.14062183278577053,0.05180557243101427,0.02233765675397244,0.057306042025236356,768.3123321123321,109.18399711230167,20.555648120608303
SC4141E0-PSG.edf,SC,Wake,0.7584358347017915,0.10017790363686636,0.05308401664470646,0.028864054266393022,0.08292094128865969,689.3316239316239,100.73355541178984,19.91882313448065
SC4141E0-PSG.edf,SC,Wake,0.7714074248328183,0.11041012924757217,0.04942927689620905,0.025344364143696008,0.05890200447129544,696.8297924297924,124.33223364456751,21.75410400224526
SC4141E0-PSG.edf,SC,Wake,0.7793074639267694,0.10980181849091701,0.04034018001716339,0.02162441519064986,0.06488359292569403,655.8398046398047,92.91982477296789,21.34737338778639
SC4141E0-PSG.edf,SC,Wake,0.7176143520493169,0.14362107598285748,0.052597038822916636,0.02784800724066792,0.07709750628847305,707.8271062271062,119.44317871739459,20.207206101318754
SC4141E0-PSG.edf,SC,Wake,0.7040811753769295,0.11921272373011282,0.04683017986168831,0.03397506688199934,0.12142078784344365,746.8175824175823,135.90295967414156,22.012533954319235
SC4141E0-PSG.edf,SC,Wake,0.7138061528130636,0.12370429715609797,0.06446957250433683,0.036371028241476686,0.0889974455749699,675.8349206349205,99.36362234282946,20.688742309882315
SC4141E0-PSG.edf,SC,Wake,0.7362082587112916,0.14385841603420543,0.045401890582827883,0.027558658983290546,0.0654788809427682,654.8400488400489,99.61141677107763,21.918200512125544
SC4141E0-PSG.edf,SC,Wake,0.6163127846992219,0.18525758892167715,0.0759440830083327,0.04859422539810301,0.11176858535620418,746.8175824175825,107.52252775919365,15.470940179678156
SC4141E0-PSG.edf,SC,Wake,0.6135442790032314,0.19736239303183967,0.0722627920149906,0.04184495409222561,0.10783068360196191,685.8324786324786,106.66441084054047,18.709641773560016
SC4141E0-PSG.edf,SC,Wake,0.7912253350905089,0.11185735090013606,0.03480676288509661,0.018739752559309382,0.05112721752325347,790.8068376068377,113.88256355390396,23.28694759848213
SC4141E0-PSG.edf,SC,Wake,0.7406222857611842,0.122877214996293,0.04183029786994098,0.02024030844891561,0.08063364779818818,689.8315018315018,104.30945518065123,24.1730615925592
SC4141E0-PSG.edf,SC,Wake,0.8178681431540349,0.10347550203436394,0.029134768885326685,0.018267026224893384,0.045866786210477704,702.8283272283272,95.25803657975483,25.050247958444153
SC4141E0-PSG.edf,SC,Wake,0.7648407142803613,0.12403944854607493,0.03321638703482315,0.022572029004866503,0.0712647461021731,793.8061050061051,130.15549167940202,20.680027778023273
SC4141E0-PSG.edf,SC,Wake,0.7532904762932179,0.1234927159974787,0.050693276935209926,0.027008207652917164,0.06850174446272156,676.8346764346763,104.80590811578261,20.552008385774922
SC4141E0-PSG.edf,SC,Wake,0.7533347135102695,0.09718098214840802,0.04379043711117589,0.032228697954141614,0.09846164872965814,726.8224664224665,119.84598076031101,22.438042258049556
SC4141E0-PSG.edf,SC,Wake,0.7990722602434691,0.09751812328713748,0.03198940969173566,0.022113030195060727,0.0542275757196275,725.8227106227106,114.3681738937548,20.2432750367402
SC4141E0-PSG.edf,SC,Wake,0.7586954284752965,0.13984672468185305,0.028248841683994937,0.023712712349745965,0.058727201312094586,712.3260073260074,87.63602192241277,17.38387747026011
SC4141E0-PSG.edf,SC,Wake,0.8405985529566591,0.09048737930415585,0.027240447244616377,0.013608464253450725,0.034014604600394883,756.8151404151404,102.32068471732376,29.442279039822104
SC4141E0-PSG.edf,SC,Wake,0.7311242530497292,0.11897609350405153,0.05012349591224764,0.03200131745208884,0.09155263613681253,803.3037851037851,116.85302098564807,21.77812558440615
SC4141E0-PSG.edf,SC,Wake,0.7708587976624237,0.11907936708392358,0.03809371638200685,0.024507139244435074,0.061554620609344524,651.3409035409036,102.11701283949789,19.69838630000067
SC4141E0-PSG.edf,SC,Wake,0.743413745295285,0.1140057716783607,0.047370542678189735,0.027172002524450633,0.08529593545223248,628.3465201465201,81.52181735694332,21.197671803819205
SC4141E0-PSG.edf,SC,Wake,0.7335888563902119,0.09922378396468408,0.05197316636902768,0.03994036904509182,0.1034887693888472,747.8173382173381,108.4891354168775,23.69048712474565
SC4141E0-PSG.edf,SC,Wake,0.6823145610119643,0.12419030639593852,0.057293447482556804,0.033997509320661826,0.1245125144608609,735.8202686202686,107.06654926648955,24.158342815470633
SC4141E0-PSG.edf,SC,Wake,0.7830381962426302,0.11780702176310112,0.03259484287616821,0.020830307194180112,0.05531387961657814,661.8383394383395,101.87969556299898,23.89458026442475
SC4141E0-PSG.edf,SC,Wake,0.7360372692664984,0.12717761893253435,0.04153034701948663,0.03232396862624635,0.08525071925279779,388.4051282051282,50.91437558743762,19.234803341337567
SC4141E0-PSG.edf,SC,Wake,0.7415327831261684,0.11366927688587766,0.03446778136970924,0.030452001274741552,0.10091633347843466,599.3536019536019,65.95271569746166,16.811788040802615
SC4141E0-PSG.edf,SC,Wake,0.5255780809456272,0.1471558284579744,0.08288197222734274,0.06430764077765785,0.2325284138499224,516.3738705738706,50.59837799255873,18.81676923704503
SC4141E0-PSG.edf,SC,Wake,0.7085746110422404,0.12025555512525138,0.042315166968675856,0.040558411106443745,0.11885532298588544,568.86105006105,50.96824078834697,21.27263360850437
SC4141E0-PSG.edf,SC,Wake,0.5868461530722151,0.1081672618521722,0.08640298681560689,0.0674496772483795,0.21266254559623138,646.8420024420025,77.13573721512685,18.91647290603249
SC4141E0-PSG.edf,SC,N1,0.5065385202135115,0.21185581242146406,0.08600855346322764,0.06450957543711779,0.1854910983732005,180.45592185592187,35.672623857898714,9.754969057476975
SC4141E0-PSG.edf,SC,N1,0.6604142750607915,0.189700507405356,0.047612481743284855,0.029282431657373594,0.08589441302029299,224.44517704517705,40.34225127639632,11.872251756236766
SC4141E0-PSG.edf,SC,N1,0.4665154403210496,0.191454599701233,0.17702030646449482,0.051674791419137805,0.15304868114890396,187.45421245421244,32.55814853253719,8.972894931072835
SC4141E0-PSG.edf,SC,N1,0.5830159606745289,0.23376893986961605,0.06306065514068901,0.03645782208560949,0.10458008492402993,231.94334554334554,35.69377042611224,11.481907625913632
SC4141E0-PSG.edf,SC,N1,0.6593514501428063,0.2294656581437205,0.03952309082188041,0.024385863043856225,0.05262242128538044,237.44200244200243,41.59437642116847,18.01617216610388
SC4141E0-PSG.edf,SC,N1,0.6761877563692391,0.07523363125285808,0.0822227797014676,0.14436270225578424,0.15786678349040043,233.94285714285712,29.535093389006402,17.584760320902642
SC4141E0-PSG.edf,SC,N1,0.6821628133991575,0.12413631514807995,0.059355398504763214,0.036914934139515736,0.12855980405936013,216.94700854700855,34.476828966827604,8.75497043059288
SC4141E0-PSG.edf,SC,N1,0.6271087255798249,0.13181746226468943,0.08410914144117648,0.08210776063300317,0.14342403234191287,203.95018315018314,31.037275470495665,10.699515588269477
SC4141E0-PSG.edf,SC,N1,0.579787137565568,0.19218329869879622,0.08055695604631108,0.08499502140408409,0.13441614754244766,203.95018315018316,30.911712435818874,10.810702795350009
SC4141E0-PSG.edf,SC,N1,0.6169702718360611,0.12519846266377094,0.09979417904274122,0.06399873808272781,0.14838135331989633,196.95189255189254,30.94071272248996,9.61254525910714
SC4141E0-PSG.edf,SC,N1,0.6588952357576279,0.1346388260060625,0.06828907438062308,0.05782412408648259,0.12787865482388844,232.44322344322345,40.091231594889265,10.588942071912076
SC4141E0-PSG.edf,SC,N1,0.7157355223548845,0.11136910893927139,0.061805278807781236,0.04055744581881115,0.09949428541391635,315.4229548229548,50.67569624324329,11.867396809748659
SC4141E0-PSG.edf,SC,N1,0.7304125477004144,0.12435647531403628,0.04901991018951864,0.04687752802151463,0.08575785040681626,215.94725274725275,40.61631593001931,11.798378549592302
SC4141E0-PSG.edf,SC,N1,0.6467390061382742,0.15565829344326435,0.08078581132070273,0.06686958300516377,0.10629377779582379,236.94212454212453,36.180913765554955,11.597650600529384
SC4141E0-PSG.edf,SC,N1,0.7114769064784692,0.12228545630091846,0.05949998732773153,0.046496500670799454,0.09548125446621322,165.45958485958488,27.378059523428252,8.465787844331425
SC4141E0-PSG.edf,SC,N1,0.7817485936626346,0.12309352424988125,0.026554021638104504,0.029288442811249964,0.05484381114032737,182.45543345543345,26.723728293159365,11.559498110188986
SC4141E0-PSG.edf,SC,N1,0.7817894339371514,0.09309326709322299,0.055379867438678974,0.08111280816176528,0.060638812443820175,111.47277167277167,16.68364578850753,16.219906944703975
SC4141E0-PSG.edf,SC,N1,0.7078685847350927,0.1452128820905065,0.05595099875286872,0.046662815170970685,0.0815528278014272,182.45543345543345,25.544775364658644,11.36553111782155
SC4141E0-PSG.edf,SC,N1,0.7056351786499442,0.12285293709256606,0.0753828183180792,0.06912796195125318,0.08045489382094625,148.46373626373628,18.72221698942338,12.212718082162125
SC4141E0-PSG.edf,SC,N1,0.664212497626516,0.09223740214008959,0.12085249365422515,0.10243632612203037,0.10917832483050335,131.96776556776558,17.85362507301399,14.353900931278984
SC4141E0-PSG.edf,SC,N1,0.7472444533521363,0.09947644948959132,0.08914347937703744,0.07061595102617271,0.05188174872895722,138.46617826617828,13.621665412612035,14.734807204186918
SC4141E0-PSG.edf,SC,N1,0.7324506981068206,0.10064309171423842,0.09103074290987531,0.09461060253457079,0.059211825873253715,103.97460317460317,12.4995488129665,13.632186611125862
SC4141E0-PSG.edf,SC,N1,0.47345605502963345,0.10174585000185582,0.10958317466811962,0.15351254142123455,0.3062985000399517,311.4239316239316,35.47291565613352,13.298184938060702
SC4141E0-PSG.edf,SC,N1,0.8446569705180624,0.07178684010272685,0.04365175710404574,0.02984808543473695,0.03527372660965167,141.46544566544566,19.529949697480006,14.14258900098374
SC4141E0-PSG.edf,SC,N1,0.8152983207123354,0.09580791009863372,0.040117545525989146,0.03206280523935939,0.04223613137523781,129.46837606837607,14.969814436368384,12.754403608770561
SC4141E0-PSG.edf,SC,N1,0.847167591221469,0.061894371656209944,0.04706472443753965,0.026949982842872998,0.040308620750585354,196.95189255189254,22.155785427636516,20.0185002984064
SC4141E0-PSG.edf,SC,N1,0.7486492177907157,0.110159185211641,0.07544844145060176,0.042120617513137275,0.05608581495079904,123.46984126984127,10.474321346878282,14.302711486502451
SC4141E0-PSG.edf,SC,N1,0.7154055430509315,0.10947443055568187,0.0809042736564247,0.07826922889130174,0.08588982291322732,135.96678876678877,14.090572771572871,11.759890888135455
SC4141E0-PSG.edf,SC,N1,0.7594327852186835,0.11608736706266967,0.04073444657501638,0.026019194275550637,0.06968191956063498,99.97557997557998,20.18380010702981,8.965488177820841
SC4141E0-PSG.edf,SC,N2,0.6536577431891156,0.25247053789734164,0.03694307283997611,0.025561489485145937,0.04839539769959588,204.94993894993894,32.73998778135079,24.038788249317257
SC4141E0-PSG.edf,SC,N2,0.7590089125886483,0.1702233851089688,0.02939121957730399,0.02724070496122652,0.02916541437406638,143.96483516483516,16.73334188824169,25.62610801148086
SC4141E0-PSG.edf,SC,N2,0.67312197791651,0.2307434043832363,0.03209544753353743,0.03200420127783986,0.03179072258627304,113.97216117216118,13.882313122969904,22.94817509210377
SC4141E0-PSG.edf,SC,N2,0.7358060098981969,0.1611368378783338,0.032854238992211286,0.04214883437037063,0.04262498177405923,206.94945054945055,28.12588879654828,19.784560805654642
SC4141E0-PSG.edf,SC,N2,0.8211896803647781,0.10689342172287858,0.024271102479916144,0.031813126083183624,0.038710258710384714,157.96141636141635,21.648575938561386,21.14985096915529
SC4141E0-PSG.edf,SC,N2,0.493168579456595,0.41228301675479995,0.03761763033661982,0.03346443420058933,0.04513642962885926,138.46617826617825,14.922332493669549,21.489808031488746
SC4141E0-PSG.edf,SC,N2,0.6889548979895153,0.18102774212152378,0.04271437902151973,0.046185337043117676,0.06422842539593514,235.94236874236873,37.08851365669563,16.017308175708084
SC4141E0-PSG.edf,SC,N2,0.63638214078335,0.20914773611734866,0.048886739852133064,0.05558498071142663,0.09673694705798469,157.96141636141635,27.31649229720931,13.672321755723528
SC4141E0-PSG.edf,SC,N2,0.6530060007648605,0.14202053542116988,0.08603770325969379,0.11967045889434227,0.10764504753213865,159.46105006105006,19.619088983513752,13.195259354735992
SC4141E0-PSG.edf,SC,N2,0.7278818080272924,0.10221540093571792,0.06437857826088195,0.08870683138398712,0.09521891271965185,161.96043956043957,21.30063267969123,15.335057191992266
SC4141E0-PSG.edf,SC,N2,0.6980030035777602,0.13177227230120211,0.06402107691610892,0.08154240992189507,0.09226928819964045,161.46056166056167,19.481061615285633,12.716655512185591
SC4141E0-PSG.edf,SC,N2,0.680511843273423,0.13890055817409766,0.0690547105847855,0.10771594410659134,0.09894854427263211,122.47008547008546,18.40513371631173,14.423312184436579
SC4141E0-PSG.edf,SC,N2,0.6334099503047742,0.16582282799531192,0.07740138625591238,0.10568923788195339,0.11382568723266906,161.46056166056167,23.604048623436636,12.432833367245147
SC4141E0-PSG.edf,SC,N2,0.4388378884236223,0.12633121712268602,0.08241717806507248,0.11432000834390467,0.3440219381570412,214.94749694749694,25.908493862849053,17.664319716417427
SC4141E0-PSG.edf,SC,N2,0.5160634496555889,0.10388469929315568,0.2318813734929851,0.11534749194944866,0.13877343815478527,144.46471306471307,21.28716131262622,10.047428589724646
SC4141E0-PSG.edf,SC,N2,0.6542142690676074,0.14013588977910832,0.07131312451125868,0.09071370093059844,0.12777591282344336,205.44981684981684,19.965042229515817,14.447709501906381
SC4141E0-PSG.edf,SC,N2,0.6810547434487115,0.20417847697406954,0.04612694632645795,0.051374960909804195,0.054886349066133204,157.46153846153845,21.59454649820856,18.10833078645915
SC4141E0-PSG.edf,SC,N2,0.7029500977796305,0.10548340665076061,0.08328970990427254,0.11148083379420601,0.09618129714667949,113.97216117216118,15.620474736397206,16.023426575046997
SC4141E0-PSG.edf,SC,N2,0.5567431599945677,0.27671733723343994,0.07607370155763069,0.08311269647999832,0.06593830563113495,149.96336996336998,16.140692181018206,20.499423665568543
SC4141E0-PSG.edf,SC,N2,0.6349898740931919,0.11623239275304738,0.10570014848325,0.16092639237869144,0.11637062824795374,112.97240537240538,12.814473388917477,15.991987524421903
SC4141E0-PSG.edf,SC,N2,0.6281819366026774,0.16900589857667964,0.10741489635831876,0.12032912496906355,0.07591455886254919,108.97338217338216,14.428478607715764,19.755198505926085
SC4141E0-PSG.edf,SC,N2,0.7318647140806083,0.109559186229983,0.07689845575248908,0.08440296070060796,0.07234295855946062,120.97045177045177,16.393226855845263,15.274406850065336
SC4141E0-PSG.edf,SC,N2,0.7020252017251598,0.16294949480267926,0.05802514220743042,0.07217158194092141,0.0591557237075803,93.97704517704517,10.15447459338145,18.669849677148317
SC4141E0-PSG.edf,SC,N2,0.6386078631139425,0.17594577894086671,0.10368834731571189,0.10463945748961853,0.07169019931262337,108.47350427350428,11.589607721253355,20.938780775359923
SC4141E0-PSG.edf,SC,N2,0.6869760885872984,0.138036181852281,0.08563616028512659,0.10503475447238071,0.0655699275826338,93.47716727716727,10.748502976419344,17.478640256653147
SC4141E0-PSG.edf,SC,N2,0.7243021915597562,0.11194689810541368,0.08007856655582044,0.11318554201493342,0.07345423707218532,104.47448107448108,13.687529061649734,18.700623037636642
SC4141E0-PSG.edf,SC,N2,0.8329216132383642,0.08548134612936838,0.03521390062497331,0.0383025652373093,0.03609742585803619,118.47106227106227,14.153509156058416,21.97819021871245
SC4141E0-PSG.edf,SC,N2,0.7373057054104342,0.1148750296620738,0.06902049294561319,0.07300666135909638,0.05082830875799082,135.96678876678877,12.664456002332287,21.757046867073843
SC4141E0-PSG.edf,SC,N2,0.757252563129201,0.13558267182437056,0.04982423280885433,0.05200742343253391,0.041899337334561554,114.47203907203908,13.129604963061762,24.721556281404347
SC4141E0-PSG.edf,SC,N2,0.6810790262577423,0.13297897691778657,0.08949332213034161,0.1298970888209014,0.08222840074471821,140.96556776556776,14.80793985243664,19.66644087971546
SC4141E0-PSG.edf,SC,N2,0.7623353167887346,0.12754498031045491,0.05797348866796397,0.05984501267526457,0.04234902608508558,109.97313797313797,13.789513222993275,21.317376216517662
SC4141E0-PSG.edf,SC,N2,0.7444108313958974,0.12241448027761538,0.06599716366409422,0.09009726403566924,0.05788110423388296,94.47692307692307,11.908226115394505,25.92391078841129
SC4141E0-PSG.edf,SC,N2,0.7948201080750963,0.10833104850725475,0.04453829758689596,0.06157081922673673,0.04465848479825348,147.96385836385838,14.432150979679282,21.037036105678162
SC4141E0-PSG.edf,SC,N2,0.6812732796261337,0.15432078154828918,0.08541535102838489,0.09764815564763168,0.05435024268635022,126.96898656898657,12.18023743115506,20.59402432408553
SC4141E0-PSG.edf,SC,N2,0.7990656730332862,0.11473976479070161,0.04328573980381698,0.04132628967277347,0.03378080002252387,111.97264957264957,12.955205247794998,23.500166771202043
SC4141E0-PSG.edf,SC,N2,0.7930728358813804,0.11150067316862539,0.0498449634162164,0.04489807190894147,0.03476760796725196,113.97216117216118,13.510936115262922,25.989607187521027
SC4141E0-PSG.edf,SC,N2,0.7517887707568874,0.11553976160960652,0.08453794886234714,0.08144601881249375,0.03698612474998049,128.46862026862027,14.567141539281904,23.831400323097157
SC4141E0-PSG.edf,SC,N2,0.8198489137000016,0.10090904746994053,0.038672610477139734,0.04514584810201436,0.03394565602514448,107.97362637362637,13.64419665161378,24.345208240995206
SC4141E0-PSG.edf,SC,N2,0.7245446121263621,0.15789028177659856,0.050204403233589205,0.07731781816544359,0.05685092380489599,109.97313797313797,13.610946677263293,26.183862624001506
SC4141E0-PSG.edf,SC,N2,0.832467852274636,0.11364793087264452,0.022334137002927003,0.01846524398894888,0.01807337135467188,121.47032967032968,11.464456320396424,24.318557253789052
SC4141E0-PSG.edf,SC,N2,0.8403046785823965,0.08407393317311807,0.037850156825648684,0.030146513102720773,0.03212311526862772,116.47155067155067,12.26348267376546,22.54439226153222
SC4141E0-PSG.edf,SC,N2,0.7639558267991851,0.13162686872891508,0.03987828016371585,0.060898053198682224,0.05208404573269752,109.97313797313797,11.28098743307187,20.953209204617394
SC4141E0-PSG.edf,SC,N2,0.7651196037220159,0.14395946972150134,0.035077182000046704,0.03813485521238726,0.027231470875244038,106.97387057387058,11.459240881484453,24.926499798703322
SC4141E0-PSG.edf,SC,N2,0.846270955226945,0.08985017962555261,0.03487072580130283,0.02729165499645976,0.01973775029784077,154.96214896214894,15.93850797656652,25.404176331465735
SC4141E0-PSG.edf,SC,N2,0.848288538023734,0.08249539286605871,0.03675043068214034,0.029880786613647695,0.026495920685478107,134.96703296703296,15.423420668692522,23.571596211587366
SC4141E0-PSG.edf,SC,N2,0.8648270191113032,0.08282674619675112,0.01786155560120913,0.015777135343245506,0.0219954489915259,126.46910866910866,15.385518591047987,26.05032573297931
SC4141E0-PSG.edf,SC,N2,0.8859580857422354,0.061188442123873574,0.026503739283279006,0.024588733448812673,0.022284713541004572,112.47252747252747,13.808597597000682,29.299956057326675
SC4141E0-PSG.edf,SC,N2,0.8753769512966577,0.06586763136400296,0.03185526245277279,0.03170036043860114,0.020067598045810615,145.46446886446887,13.964856650190264,33.60718794044399
SC4141E0-PSG.edf,SC,N2,0.8746468402261608,0.0670771513334731,0.03213687147213517,0.030750304442334862,0.022045176373520402,126.46910866910866,12.434457913074404,25.002953507914558
SC4141E0-PSG.edf,SC,N2,0.7710010599075238,0.11578071430740608,0.06638585023388525,0.05723141474221842,0.038490836452363765,99.47570207570207,13.737055158627912,24.27100275827809
SC4141E0-PSG.edf,SC,N3,0.8386390714139695,0.07655275767578155,0.032495864731277246,0.04879716609313106,0.04358800263767014,109.97313797313797,15.433036970147448,25.00558201434452
SC4141E0-PSG.edf,SC,N3,0.8492663189856864,0.07358751510226236,0.04880142161007434,0.0452319715920707,0.023732234070518565,128.46862026862027,14.538227541236571,26.38201628686694
SC4141E0-PSG.edf,SC,N3,0.8116231783769604,0.09895992635302389,0.03797408935597272,0.05767241758791424,0.03892139764363998,98.97582417582417,13.202450717286306,29.438413475856134
SC4141E0-PSG.edf,SC,N3,0.8791152379707574,0.061983756115861884,0.035205395961655485,0.03183730612205438,0.018867514290255762,111.97264957264957,14.209464245368427,25.357062711656077
SC4141E0-PSG.edf,SC,N3,0.8537882220803118,0.060555567134209794,0.04907903126437647,0.05369080618703665,0.029333832272259726,101.47521367521368,12.588672653128594,25.009383637398166
SC4141E0-PSG.edf,SC,N3,0.8185238081172022,0.079788595731407,0.06687700934919599,0.06385712266953628,0.025496582891772663,128.96849816849817,14.68784900582909,24.615098194791987
SC4141E0-PSG.edf,SC,N3,0.8101367127313021,0.09914653193975703,0.062370299935041104,0.055956423317716386,0.014663438518059495,127.96874236874237,17.088724298129122,27.776217726591845
SC4141E0-PSG.edf,SC,N3,0.8271901623227755,0.08295957122815183,0.052508099916253,0.05234995905000727,0.031109077986195117,111.97264957264957,16.525720125006597,22.11939380330625
SC4141E0-PSG.edf,SC,N3,0.915278431292211,0.04777726875888274,0.01564203550371087,0.01797530935562402,0.016048754308622227,94.47692307692307,14.892339035940545,30.231034243874344
SC4141E0-PSG.edf,SC,N3,0.8477254019219164,0.08186507599247218,0.0395289347500818,0.04214244960901645,0.02348056840285652,106.47399267399268,14.340171021104396,26.371716911455078
SC4141E0-PSG.edf,SC,N3,0.8837196746377654,0.06641611940069349,0.030671106355407228,0.022952915429282846,0.013759638135614262,108.47350427350428,16.78216937636289,28.90052395619964
SC4141E0-PSG.edf,SC,N3,0.8867113916127567,0.05640053288790263,0.037433512136639986,0.03148117131409206,0.013941198795702351,127.96874236874237,15.741620046741742,31.173029952449834
SC4141E0-PSG.edf,SC,N3,0.8850643922905278,0.06608027454719721,0.02893331878832086,0.021094054863349913,0.013653601080322575,127.96874236874237,15.397424204878346,27.925785290523883
SC4141E0-PSG.edf,SC,N3,0.8720627431682764,0.0685476549618754,0.0351745810127861,0.03209025380648038,0.01858931175121128,141.46544566544566,19.146098118220053,29.29142674789285
SC4141E0-PSG.edf,SC,N3,0.798598054149888,0.07283559718302016,0.024527384144797184,0.02345223306709854,0.09957856849090538,239.44151404151404,25.041283707429994,32.0548126672708
SC4141E0-PSG.edf,SC,N3,0.8442902097775761,0.0652532196357152,0.04799929583116945,0.055729226312301254,0.03415177112736372,115.47179487179487,15.460289541031884,23.22209476566627
SC4141E0-PSG.edf,SC,N3,0.8982383031371235,0.0572906237319543,0.02574139956440961,0.025122177567012016,0.012099438490947842,130.96800976800978,14.849492368586446,29.08830622325461
SC4141E0-PSG.edf,SC,N3,0.8517158758829392,0.08787938108694464,0.03665271736026058,0.034065204782917594,0.0191289600733174,135.46691086691087,17.140755855690035,27.082522789755124
SC4141E0-PSG.edf,SC,N3,0.8841060874887144,0.05993881268031712,0.03577507192693484,0.02721587864414553,0.013458808094487407,132.96752136752136,13.900394293502863,27.23730153125704
SC4141E0-PSG.edf,SC,N3,0.88320059413405,0.055535418401324955,0.038255855145772004,0.032913238152616604,0.017232236517711323,117.97118437118436,16.84626993134792,29.27084559350136
SC4141E0-PSG.edf,SC,N3,0.8875878287592887,0.06729608284300115,0.025162412628277304,0.023556225252767828,0.016302218413113044,138.96605616605615,16.386258799811618,30.696455288220402
SC4141E0-PSG.edf,SC,N3,0.8966612282496771,0.04925696523442446,0.031981282240506885,0.03256614594099729,0.01772411541815866,133.96727716727716,16.0370450945081,29.395336323752247
SC4141E0-PSG.edf,SC,N3,0.8800800532403177,0.0653517001592328,0.027271058613409,0.03246897567112996,0.02061109907989944,110.47301587301587,13.94605014360176,26.34826024639483
SC4141E0-PSG.edf,SC,N3,0.8716743948194109,0.06079253996160475,0.03630604853643352,0.036268121591800234,0.021983194083608198,158.96117216117216,16.564413961447002,27.28411717072608
SC4141E0-PSG.edf,SC,N3,0.8676768189734135,0.06574729914388856,0.04073754366050992,0.03425363885808366,0.018087664794055477,146.96410256410257,17.298726963246416,25.917479532315976
SC4141E0-PSG.edf,SC,N3,0.8837188358675143,0.07009456694196607,0.02702565657006236,0.020550639721294346,0.013725001985299742,110.97289377289377,15.75139560053111,29.062540864854416
SC4141E0-PSG.edf,SC,N3,0.9242146104797813,0.053197245894720684,0.01370933372647211,0.009042264568882978,0.006741302647320985,124.46959706959707,14.718957402676093,31.334363501278073
SC4141E0-PSG.edf,SC,N3,0.8892510333424998,0.06888668843430848,0.021490943403355924,0.023560905018999996,0.016988538008373424,130.96800976800978,15.910957095115984,28.917943586421995
SC4141E0-PSG.edf,SC,N3,0.8967262176106268,0.056127023229410905,0.031128718355028947,0.023124368460022877,0.011924487487163219,152.96263736263734,17.628835049650156,30.570039289775274
SC4141E0-PSG.edf,SC,N3,0.8924042091560129,0.06011141760505873,0.025689151034780342,0.023254465275449488,0.015297400744742987,122.47008547008548,17.493419427738075,29.301453522226076
SC4141E0-PSG.edf,SC,N3,0.8596774516107317,0.088083271751376,0.029942572350228614,0.026141303707857916,0.017332571271267964,178.95628815628817,19.227327800076388,29.607421501125412
SC4141E0-PSG.edf,SC,N3,0.8748607361415812,0.060007367001539844,0.04343536240973092,0.0364640089044033,0.0164683722985729,151.96288156288156,16.249853784987177,31.409280770477633
SC4141E0-PSG.edf,SC,N3,0.8710456846173531,0.07182961469608289,0.034890319845654084,0.025904483421378827,0.01302261198706265,110.47301587301587,17.410942478634034,30.68064301290174
SC4141E0-PSG.edf,SC,N3,0.8969776530949103,0.062375061149101754,0.021094476204243085,0.018611815642906676,0.011417128033547323,148.46373626373628,17.326874800780462,29.930218567362555
SC4141E0-PSG.edf,SC,N3,0.9134925960157927,0.05572851276051556,0.02026215144447756,0.010735885035578091,0.007029022343290015,127.96874236874237,18.129385528509708,29.39393842544699
SC4141E0-PSG.edf,SC,N3,0.9100913885814464,0.053799264816071515,0.022663602450007828,0.013681178912789185,0.007289000798364318,139.46593406593408,17.19110257975233,32.399195776728504
SC4141E0-PSG.edf,SC,N3,0.895278422823487,0.05988921503657843,0.03201344246864778,0.019386466857364056,0.009221435147451171,117.97118437118436,17.17265799812062,31.456468476297392
SC4141E0-PSG.edf,SC,N3,0.9317347477970579,0.029002272308934925,0.021606096990527856,0.015195800833585198,0.016158919717415097,227.94432234432236,24.770544911719657,40.35274836410207
SC4141E0-PSG.edf,SC,N3,0.9445073534340277,0.03298203263108141,0.011945127625044722,0.009667923472988109,0.007629936618142812,122.47008547008548,18.452451113975318,33.63089786252064
SC4141E0-PSG.edf,SC,N3,0.9053641659203913,0.05213804129011205,0.027071972712580047,0.019315782230823482,0.011375550641191588,142.96507936507936,16.639801533545608,27.920562299487017
SC4141E0-PSG.edf,SC,N3,0.862885484911504,0.058457526742254795,0.04846298851830405,0.04611475226901303,0.02545229336314779,140.46568986568985,16.67369530777288,27.697629725204322
SC4141E0-PSG.edf,SC,N3,0.9224142197675562,0.03866666681681403,0.024126618364569887,0.02441871959001263,0.0116650396660805,144.46471306471307,17.87944248569497,33.407540878962905
SC4141E0-PSG.edf,SC,N3,0.8805287022217678,0.07122779562184636,0.030189113587133103,0.026408911201798512,0.014526340189715535,126.96898656898657,15.5556230171196,29.023454441023897
SC4141E0-PSG.edf,SC,N3,0.9227121862374063,0.04910609728119446,0.017339010808122404,0.011578576226438266,0.007660987910145217,119.97069597069597,16.040622734464804,35.47898416301281
SC4141E0-PSG.edf,SC,N3,0.8956447825591469,0.0664858713354529,0.023237719057079123,0.017107772922867394,0.009730120695510385,131.46788766788768,19.06795208494035,30.947664318545588
SC4141E0-PSG.edf,SC,N3,0.8508288532257671,0.08699862019358909,0.0386395294686962,0.028761273134203635,0.015008981020623126,105.97411477411478,15.040380918419011,27.668210542084346
SC4141E0-PSG.edf,SC,N3,0.9034114213568014,0.06567728105412064,0.015072061902492178,0.010692922102339977,0.008104046202387295,126.46910866910866,16.034964696676415,32.19430101841188
SC4141E0-PSG.edf,SC,N3,0.8896443795173055,0.06706871162282535,0.026580514858851587,0.015172911543631996,0.012708837831866932,164.45982905982905,21.706571642137998,34.485444164920345
SC4141E0-PSG.edf,SC,N3,0.9330749074085135,0.0448636584265104,0.012515353324869657,0.0074805129870529966,0.006666947591663791,157.46153846153845,21.827132802569338,41.87716633074438
SC4141E0-PSG.edf,SC,N3,0.9315728100454514,0.03484288191856951,0.0175709275184626,0.010521310222007401,0.010588185415605751,140.96556776556776,18.032548642753977,32.03869514331804
SC4141E0-PSG.edf,SC,REM,0.5548526934499984,0.253784332430068,0.09072971995765922,0.07760693028363853,0.08451081666146441,163.46007326007327,15.06476965560531,11.648470098982719
SC4141E0-PSG.edf,SC,REM,0.8005148582523364,0.1196513686786567,0.032008589015632964,0.03608312529391475,0.03984740507939409,104.47448107448108,10.18904244709084,14.149711371480514
SC4141E0-PSG.edf,SC,REM,0.6489456486153938,0.20036392223996968,0.07973531406310892,0.03160904023314917,0.0614463217446782,173.45763125763125,16.56499611268525,11.023837633201897
SC4141E0-PSG.edf,SC,REM,0.6407233925778798,0.22768694305839088,0.06905068336577704,0.030011248435954357,0.04679271190802288,144.46471306471307,12.939198212647671,10.586460372759213
SC4141E0-PSG.edf,SC,REM,0.6675702020359842,0.18030434302417875,0.06635141696562208,0.049441289901641906,0.07033973232231315,84.97924297924297,9.020873419699166,9.505731950838575
SC4141E0-PSG.edf,SC,REM,0.6756263508532024,0.1662769662298729,0.07207066007803765,0.054075888032752546,0.07730211294467824,99.47570207570207,8.833085607072293,9.75334375967165
SC4141E0-PSG.edf,SC,REM,0.6174200256655528,0.26495139141358953,0.06060361800076252,0.019569457058048034,0.040456424481369574,207.94920634920635,25.18556448718457,12.951962813080382
SC4141E0-PSG.edf,SC,REM,0.5473780415559307,0.2200530875400656,0.07652195719293187,0.0649461861828528,0.14486102089342878,231.44346764346764,18.86541036045454,16.914466260081277
SC4141E0-PSG.edf,SC,REM,0.5908992629918929,0.25657450250397124,0.0772966940319363,0.04303332203108241,0.06537032449314678,85.97899877899877,8.873018558123153,9.266357210453156
SC4141E0-PSG.edf,SC,REM,0.6174443807905763,0.2701713000620596,0.05279161740324328,0.02344837874731843,0.04778105438252471,155.96190476190475,13.080892287845055,10.136714033375851
SC4141E0-PSG.edf,SC,REM,0.7050425892561637,0.14188461480695017,0.042034921352374695,0.043057777752200016,0.09595372843637945,108.97338217338218,10.90103648242738,12.759437700245257
SC4141E0-PSG.edf,SC,REM,0.6331294968525756,0.20578884814164947,0.0911516071129553,0.023518219088493556,0.049972112301609535,155.96190476190475,18.32502229986298,10.750835745335678
SC4141E0-PSG.edf,SC,REM,0.73554037478387,0.12801152836136875,0.06091702484805707,0.0431531894936561,0.060280238670866126,107.47374847374849,13.007063153562948,11.202764158691998
SC4141E0-PSG.edf,SC,REM,0.6570456912999599,0.18247683877838197,0.0948459908224569,0.019579971559893647,0.04387349646324889,87.97851037851038,8.050804171624485,10.180544556885916
SC4141E0-PSG.edf,SC,REM,0.6860451479824027,0.22023154370401785,0.04368242443340806,0.020372383870066464,0.03929764212970099,110.97289377289377,11.777238949735253,10.471322336208178
SC4141E0-PSG.edf,SC,REM,0.6882580974127029,0.13496922797819053,0.06301822111950069,0.06317768639278247,0.09935221130449695,99.47570207570207,13.166982955238181,10.105817150842197
SC4141E0-PSG.edf,SC,REM,0.699994052530326,0.16501981640676222,0.05748904880816867,0.05199830427935162,0.07200275463651948,74.98168498168499,8.095596197184994,10.504897470504162
SC4141E0-PSG.edf,SC,REM,0.708348641819041,0.1386449372802913,0.05814737874873325,0.06636272799336838,0.08588475385344824,87.97851037851038,9.437265372111568,11.031502073072561
SC4141E0-PSG.edf,SC,REM,0.7567056350446362,0.15435883626973873,0.043456299206472926,0.01999775304512967,0.03006665199572337,264.43540903540907,29.611275045165815,13.97093250120176
SC4141E0-PSG.edf,SC,REM,0.7623920878679417,0.1555183671120123,0.041628596440738797,0.014897116037242131,0.02794712063948446,342.4163614163614,21.416594803479644,14.02719836070973
SC4141E0-PSG.edf,SC,REM,0.7959095582721797,0.10901444049691578,0.04927567159362483,0.023293735007793442,0.03714165635677079,230.44371184371184,24.485462573134747,11.703451429256472
SC4141E0-PSG.edf,SC,REM,0.6106165958371989,0.20143693902839385,0.10789792562061219,0.07652299480649868,0.06266942113641652,109.47326007326008,13.301732990349867,11.074526398380081
SC4141E0-PSG.edf,SC,REM,0.752648163675895,0.13955693604136135,0.06201237582275098,0.021176060832737948,0.034903808601813115,249.93894993894995,23.797841200761113,12.024550611976586
SC4141E0-PSG.edf,SC,REM,0.7597608217005672,0.135492843831,0.049223537365969544,0.019996554044928862,0.03517234995619525,258.93675213675215,32.20765241719696,11.398509312695149
SC4141E0-PSG.edf,SC,REM,0.7513091103410829,0.13933863286961917,0.050651547011851095,0.026938121405376554,0.04312169384917029,305.42539682539683,32.63036848823194,11.471772423649595
SC4141E0-PSG.edf,SC,REM,0.7462828540085172,0.14069540535828726,0.054132902446845335,0.03677708498715033,0.04698495101468335,419.8974358974359,34.03996486726309,11.23853908546127
SC4141E0-PSG.edf,SC,REM,0.7088962165343345,0.17210759738888193,0.06482569961813632,0.024710185903809374,0.0390730742216103,268.4344322344322,22.65243119021637,11.72365712705119
SC4141E0-PSG.edf,SC,REM,0.6812758283154596,0.18986142723507032,0.05943490935916204,0.027725225394397177,0.04354506959061666,561.8627594627594,54.47655987201844,11.709103560026067
SC4141E0-PSG.edf,SC,REM,0.6620924986988072,0.21396675424594513,0.05933555181052992,0.02863909103142293,0.05035267695294891,148.96361416361415,18.084158330471443,10.60661498570957
SC4141E0-PSG.edf,SC,REM,0.6128987679289511,0.27441361877845594,0.05237056381714022,0.02869261194785017,0.046783887671818444,111.97264957264957,13.812139701320563,10.39119436713786
SC4141E0-PSG.edf,SC,REM,0.7971296129540656,0.12299900592954538,0.042458186567758106,0.014105840415923552,0.029915488143484346,408.9001221001221,41.11410406497783,13.648649241758443
SC4141E0-PSG.edf,SC,REM,0.7391608113385663,0.13978898749388707,0.05866495857872957,0.024668716718868552,0.05565773317313708,272.43345543345544,34.381002191390856,12.176913306839188
SC4141E0-PSG.edf,SC,REM,0.6907778972337464,0.1686002243267674,0.07522709016503498,0.0365945202974207,0.05689240614923353,248.43931623931624,22.845698791270145,9.680683820095638
SC4141E0-PSG.edf,SC,REM,0.646063958664263,0.1815724067120612,0.10054940048175823,0.04161619188592757,0.06358563341908194,374.408547008547,44.4230572158505,10.168658314362816
SC4141E0-PSG.edf,SC,REM,0.7057859525106587,0.17422146778461078,0.061223578487759646,0.03473210397175138,0.048740022016685584,108.97338217338218,16.548788763485614,10.588334281659817
SC4141E0-PSG.edf,SC,REM,0.6787420487132433,0.1917567444426847,0.05837765822450066,0.034479991583275645,0.05662138759633586,183.45518925518928,20.68592749789844,9.501021198362324
SC4141E0-PSG.edf,SC,REM,0.6430800348154695,0.22643245308078386,0.06529343800656652,0.025438882167710015,0.047230318278040834,552.3650793650794,60.75585013916574,10.606813787428074
SC4141E0-PSG.edf,SC,REM,0.693346886855852,0.16979178889990865,0.055970460060964906,0.03013402397221695,0.049444544842523315,281.4312576312576,31.682727238871767,10.398837928715503
SC4141E0-PSG.edf,SC,REM,0.6871089552037731,0.1918128063393333,0.06122981655943729,0.024417584264816994,0.04938494887044293,221.94578754578754,20.039839763297795,10.127820242936451
SC4141E0-PSG.edf,SC,REM,0.7335404740916128,0.17921622662950376,0.03940643391117538,0.01855347014935965,0.040015162215207734,392.90402930402934,46.03112876634379,10.812286032464643
SC4141E0-PSG.edf,SC,REM,0.7542854450710264,0.142788577875077,0.049115086000988836,0.020673391474087505,0.04269925066597367,560.8630036630036,80.27936995797292,11.502827908610842
SC4141E0-PSG.edf,SC,REM,0.629596580842513,0.14575111032658716,0.12277922541640554,0.0594686444978771,0.09328784466278543,100.97533577533576,11.961531451494587,8.039360522635139
SC4141E0-PSG.edf,SC,REM,0.71590409346695,0.18145908877384218,0.039231709968244696,0.02441789232774914,0.043774056008711856,499.37802197802193,41.713379728344044,11.711455108883346
SC4141E0-PSG.edf,SC,REM,0.7363023098049221,0.13971445636292268,0.06426181220711932,0.021169101078509427,0.048567550151067604,383.9062271062271,35.80751848999587,13.36370496060848
SC4141E0-PSG.edf,SC,REM,0.7436476833684185,0.13435447643277998,0.056762302726961866,0.028442282357032913,0.05284658633214807,604.8522588522588,95.78141387242133,12.866288765532424
SC4141E0-PSG.edf,SC,REM,0.6954704897641271,0.16458891565505968,0.06606386021645821,0.025453635584070045,0.061014446676888705,670.3362637362637,94.45002743918305,10.474517800951942
SC4141E0-PSG.edf,SC,REM,0.6422731840735464,0.19800558840486268,0.063757605488596,0.037593625303298156,0.08437579020859355,656.8395604395605,58.6094074416218,9.496090616265056
SC4141E0-PSG.edf,SC,REM,0.7267394025799638,0.14612032543216708,0.06660553463712345,0.031161190618632914,0.05211857212481468,154.46227106227104,11.28877068764547,10.173979907964931
SC4141E0-PSG.edf,SC,REM,0.5892745434867132,0.3006267603971959,0.04653809287387002,0.03007117905242071,0.055308166469649395,426.39584859584863,51.04409388987077,9.563994333505203
SC4141E0-PSG.edf,SC,REM,0.7071979570282806,0.1737081014958502,0.050098314665993626,0.026127322331012847,0.05556898840279745,559.3633699633699,68.24695794373802,12.748931986416935
SC4181E0-PSG.edf,SC,Wake,0.882075196906799,0.07995015148131977,0.016536873752120415,0.006620890998292576,0.012191924274674092,495.7098901098901,79.38182174736845,23.845067306258542
SC4181E0-PSG.edf,SC,Wake,0.9220156030155787,0.0377029926212912,0.014084345449249356,0.008260346369573828,0.02270336030335777,467.8945054945055,67.35156018962141,29.339793458630584
SC4181E0-PSG.edf,SC,Wake,0.7687642319902509,0.14042602719351566,0.051899557415304845,0.011151632523171496,0.02916733460663888,71.52527472527473,8.535134523206713,9.600202436598588
SC4181E0-PSG.edf,SC,Wake,0.775059760239655,0.14340560367606595,0.022878017641694448,0.008112321915236302,0.011173783421068858,334.2813186813187,34.834270424294075,24.308873810732624
SC4181E0-PSG.edf,SC,Wake,0.8667583297161933,0.08888938810647576,0.01733504932509495,0.009392658128222608,0.01921310681086811,374.0175824175824,39.33476165213299,17.082733996521704
SC4181E0-PSG.edf,SC,Wake,0.8363052229525793,0.11883418312443252,0.01492026420887003,0.008052333773073492,0.019665083830397695,590.0835164835165,72.13796483781321,32.01360544294139
SC4181E0-PSG.edf,SC,Wake,0.8533745758208363,0.10568987871946588,0.019200387571166173,0.007199025716068367,0.013074345144056988,552.8307692307692,88.7107167655829,37.9824381673361
SC4181E0-PSG.edf,SC,Wake,0.8082039516978416,0.12837246425027646,0.02514573454348805,0.014165492190407252,0.02316952422380148,576.1758241758241,76.71429824634922,25.962677270266255
SC4181E0-PSG.edf,SC,Wake,0.8942587072184653,0.06956756868292435,0.015341465304546179,0.00848527641178318,0.01426739077886888,396.36923076923074,52.33755376359175,32.18032319463278
SC4181E0-PSG.edf,SC,Wake,0.905834211349715,0.05526509919181168,0.018502931131722383,0.00909306124845376,0.013785984655492342,440.07912087912086,52.844796703356565,29.155990936914996
SC4181E0-PSG.edf,SC,Wake,0.8858316273194782,0.05920924162319868,0.02094329025311179,0.012615481011817817,0.027938234141402733,530.4791208791208,68.02093917183268,28.407381268312385
SC4181E0-PSG.edf,SC,Wake,0.8485702066547414,0.10499872266896912,0.01951059937956887,0.010128446971532309,0.02117900008365716,483.2923076923077,86.92494825326027,33.39141831040437
SC4181E0-PSG.edf,SC,Wake,0.8509925695700479,0.09516976911161328,0.02398674873691846,0.011928986239201548,0.018998365373010598,400.83956043956044,46.53598986706316,19.24149345213545
SC4181E0-PSG.edf,SC,Wake,0.8726903054079295,0.08554363019041643,0.016485134372128882,0.012950631212664366,0.019822940428012713,542.4,69.9161966553247,27.0495503146446
SC4181E0-PSG.edf,SC,Wake,0.8795561318063969,0.075097817326806,0.019762233541632448,0.010958300245903805,0.01980768726991288,602.0043956043955,90.3227355303368,26.131313335021286
SC4181E0-PSG.edf,SC,Wake,0.8899172318641799,0.06314395985686623,0.018735138627522165,0.010256471490547762,0.02190518971782691,399.8461538461538,45.1298179585806,22.378415094999056
SC4181E0-PSG.edf,SC,Wake,0.8276440110716313,0.1081576108994963,0.02247839882368934,0.01293790049337207,0.03688212382851746,549.8505494505494,86.88419035501018,25.67782349801287
SC4181E0-PSG.edf,SC,Wake,0.8931754197015258,0.07172674210946126,0.015844712224929936,0.007426341514289507,0.01215928793479988,705.8153846153846,96.77817514844214,34.70666797827596
SC4181E0-PSG.edf,SC,Wake,0.8989880832360678,0.06397023966013894,0.0169675920414792,0.010502280066098034,0.015640264913555187,515.578021978022,76.72814220833637,33.57087391822664
SC4181E0-PSG.edf,SC,Wake,0.8885297666052372,0.06050717309018671,0.023549958734542,0.010894677162847772,0.021357749485733518,638.7604395604396,75.39579889623167,18.681931428008625
SC4181E0-PSG.edf,SC,Wake,0.9183161838732724,0.05783818252745624,0.012294588649772602,0.0054530361983721005,0.008745542212881256,543.3934065934066,72.4507969078386,33.31789704533084
SC4181E0-PSG.edf,SC,Wake,0.9140543820313747,0.057049350246381844,0.014056434823077559,0.007110351453078014,0.010405227173568685,589.5868131868132,84.34020012253936,33.626010160491376
SC4181E0-PSG.edf,SC,Wake,0.8952923988091775,0.06848054077430384,0.01856764498111854,0.008234066728599956,0.012655065914501447,499.1868131868132,73.24110879977398,26.156901235912983
SC4181E0-PSG.edf,SC,Wake,0.8817725376446521,0.08250639255489053,0.018687532641470394,0.008736745270938725,0.012149701975110231,468.8879120879121,55.320000185406904,27.27933806821566
SC4181E0-PSG.edf,SC,Wake,0.8792343917403134,0.08493004278097878,0.019119816285743586,0.008846508269290787,0.012362750182438252,421.2043956043956,36.3778115768909,26.277353281671957
SC4181E0-PSG.edf,SC,Wake,0.8770751179302299,0.08343560898158385,0.021046325898435556,0.008207927954858592,0.013132640273759311,599.0241758241758,84.51737575506907,28.12526661279527
SC4181E0-PSG.edf,SC,Wake,0.8539397256282595,0.09641818139721746,0.022676296736234378,0.012970408612130188,0.01943877529663089,495.21318681318684,79.64809548085881,26.082546321028
SC4181E0-PSG.edf,SC,Wake,0.8927446484675813,0.07430510307846096,0.014672247445358895,0.008365150470823314,0.013524342046311059,507.63076923076926,84.89133811030253,27.738757417824214
SC4181E0-PSG.edf,SC,Wake,0.8742367968536154,0.07885115927876372,0.020157507402352358,0.013622338956229808,0.020370800161077184,577.1692307692308,101.78135334286245,27.16695406328679
SC4181E0-PSG.edf,SC,Wake,0.8869638582101096,0.07357279948947469,0.013967500357156156,0.009930917441521147,0.016510828799539058,565.2483516483517,73.46484413142569,25.540473633503225
SC4181E0-PSG.edf,SC,Wake,0.8884359975047804,0.07255461667185346,0.018080479587585144,0.007436578235770442,0.012152984889832626,607.9648351648352,78.81454889785914,31.24469733572109
SC4181E0-PSG.edf,SC,Wake,0.8908543639662678,0.07074079880539808,0.015926336113931,0.007019971538004434,0.012999084701848638,520.0483516483516,92.122545977086,29.45650925242092
SC4181E0-PSG.edf,SC,Wake,0.9368201249765661,0.04160579226770273,0.010370737039485956,0.003942661929012158,0.007010225024106734,508.12747252747255,76.66631095945105,36.46598878564932
SC4181E0-PSG.edf,SC,Wake,0.9149944466932043,0.05151150934335372,0.014953935466882262,0.007734523228025135,0.015379640578421443,619.389010989011,75.9130737886492,33.47071380151396
SC4181E0-PSG.edf,SC,Wake,0.8338627960271108,0.11431651947871413,0.021876973669377138,0.01383392723933561,0.024230226777515698,451.5032967032967,62.27029600322119,27.379096211898748
SC4181E0-PSG.edf,SC,Wake,0.9081022658378918,0.06092926409839344,0.012675951666153068,0.006706856581447462,0.013982187586097908,727.1736263736263,99.31157914605903,37.029070794516386
SC4181E0-PSG.edf,SC,Wake,0.9019151893778375,0.06244431691333405,0.013362932302357095,0.00792248736064545,0.014551985833026576,611.4417582417582,87.56787221975758,27.261380257628566
SC4181E0-PSG.edf,SC,Wake,0.866971861904074,0.08323706989551116,0.01771451369717919,0.013001414168054835,0.02739379463175938,515.578021978022,90.27338015056998,23.227516922189775
SC4181E0-PSG.edf,SC,Wake,0.8642230866411037,0.07656925830749808,0.02519143776479371,0.012085060253715576,0.02836789526220899,576.6725274725275,68.98273561268245,24.97311360225273
SC4181E0-PSG.edf,SC,Wake,0.8850573895457077,0.06253378726130378,0.02284447216867193,0.007820176860327452,0.024287276211977314,593.5604395604396,84.46550138861201,23.173643088189124
SC4181E0-PSG.edf,SC,Wake,0.9005084501225763,0.06201647820529719,0.011557793747704796,0.009183641567511976,0.0190140993879711,681.9736263736263,110.58248009668701,26.130156586689218
SC4181E0-PSG.edf,SC,Wake,0.9146928632126813,0.05047564056200172,0.013568365635796817,0.008912770926349118,0.016537833970729034,550.843956043956,78.44437230736487,32.1224748252239
SC4181E0-PSG.edf,SC,Wake,0.8906432930382421,0.060169054744066364,0.019367315916853346,0.009773623276166429,0.025968140667586445,579.156043956044,91.98494145280033,23.97036778684747
SC4181E0-PSG.edf,SC,Wake,0.8562875141935692,0.09355819570601469,0.018467185978421584,0.009337705102080623,0.02313333577220689,663.098901098901,93.87771194648617,23.92824775857853
SC4181E0-PSG.edf,SC,Wake,0.8828062425500115,0.07706154601502596,0.016584472357147363,0.008216037277175728,0.017582770935294346,582.632967032967,97.59083794523181,29.759793706274245
SC4181E0-PSG.edf,SC,Wake,0.862806916665042,0.09394419566225737,0.01583804239661751,0.010847004382230397,0.02256396040061078,612.4351648351649,90.42664491335732,26.47318568142613
SC4181E0-PSG.edf,SC,Wake,0.8012255613294434,0.12623944471038176,0.02625359600964432,0.014652737869571624,0.0362990548702268,609.9516483516484,92.80671963207284,25.854263319315248
SC4181E0-PSG.edf,SC,Wake,0.8597260916120241,0.08490449634936516,0.022003500703759324,0.014721535776729673,0.028173295047067656,520.545054945055,80.63389296107505,20.551726166362347
SC4181E0-PSG.edf,SC,Wake,0.8877706459376381,0.06548822101452786,0.01965221440466629,0.011410975699450454,0.023609520234352793,518.5582417582418,71.6359354441845,23.21914805150161
SC4181E0-PSG.edf,SC,Wake,0.8699917687854289,0.08423570239946054,0.019669244355956295,0.009679370307122697,0.018325601211431914,472.8615384615385,81.71271749550696,28.991508873039194
SC4181E0-PSG.edf,SC,N1,0.4616880177120993,0.3829116140873736,0.09099486783907852,0.021886784755300155,0.05150740214567794,131.12967032967032,17.860290689489034,8.284430816801319
SC4181E0-PSG.edf,SC,N1,0.34359417146050153,0.3178385063116066,0.23812386539989386,0.030488022039460348,0.06685822753855983,136.5934065934066,21.57347931916484,7.677096762262598
SC4181E0-PSG.edf,SC,N1,0.3896620779647666,0.31641073739598397,0.16828963821848447,0.047253999767105134,0.09935318713267738,207.12527472527472,28.746991096619706,6.2216713281161065
SC4181E0-PSG.edf,SC,N1,0.591600798327262,0.23197754895079947,0.07912310358756619,0.03919337913210934,0.0875580928254267,96.36043956043957,15.660374910447986,6.208601339419108
SC4181E0-PSG.edf,SC,N1,0.6370786637380967,0.2484322500469794,0.05898016172387684,0.024203888642569074,0.04799782376422344,146.03076923076924,26.857340540384083,8.017411050192893
SC4181E0-PSG.edf,SC,N1,0.585133661024091,0.24375269047137668,0.09091912566398909,0.02576682145002876,0.058540854765075805,183.2835164835165,26.833024495115364,8.084683992107848
SC4181E0-PSG.edf,SC,N1,0.57899934830951,0.30598412442862954,0.053439082002619376,0.02868385246860888,0.049901594309854566,206.13186813186815,24.945747319739944,8.11287770560622
SC4181E0-PSG.edf,SC,N1,0.34244506822021636,0.5701734488637629,0.04198877317176598,0.0173310414009672,0.03590398577372565,461.934065934066,52.535270220074814,15.071196278128605
SC4181E0-PSG.edf,SC,N1,0.6068021138768739,0.2995383418757172,0.029185132002638975,0.024495490837936992,0.05875146659381572,266.72967032967034,26.1718116640486,15.825198727604125
SC4181E0-PSG.edf,SC,N1,0.607014160580886,0.24787656841944924,0.053396621209871015,0.03674472689275305,0.0875930593927007,240.90109890109892,26.09571637171028,13.469447404206822
SC4181E0-PSG.edf,SC,N1,0.6044538550746684,0.2945744351215074,0.05532893146765775,0.01709635175295887,0.03951509475971737,85.43296703296704,10.927374746726468,7.389625441337694
SC4181E0-PSG.edf,SC,N1,0.6095593838943506,0.30397117621866876,0.05105638981339524,0.012996862544956515,0.02706742556743973,113.24835164835164,12.971331032618847,8.402386446427112
SC4181E0-PSG.edf,SC,N1,0.6291075486649591,0.2226235661732987,0.0868078726301524,0.02655505384387425,0.039915276655974025,68.04835164835166,8.135205436400435,6.420127653317959
SC4181E0-PSG.edf,SC,N1,0.5876790330461178,0.326883787307171,0.04007855327393714,0.019149249327412465,0.03550464727934394,74.50549450549451,9.247226236093796,7.815551195520116
SC4181E0-PSG.edf,SC,N1,0.5746217340843253,0.33851123832760455,0.04457542871462382,0.01661271000796376,0.03610904063189362,155.46813186813188,15.540510790773716,11.159844454332594
SC4181E0-PSG.edf,SC,N1,0.6805860104418029,0.17098676887946787,0.06313408943045003,0.023873067703805456,0.07637150210807374,305.4725274725275,21.559200884187533,9.858537181342797
SC4181E0-PSG.edf,SC,N1,0.5531277153394223,0.34139584753445024,0.04920986946841567,0.020679345564602478,0.04687249818366003,89.9032967032967,11.174292800868695,8.28609026491791
SC4181E0-PSG.edf,SC,N1,0.5313422170103452,0.33315158780086396,0.07961613027224453,0.01931008982969,0.0462132535342339,107.28791208791209,13.002346632110948,7.436329928184757
SC4181E0-PSG.edf,SC,N1,0.3991397208852309,0.24461049677767044,0.12016908088533818,0.0871238345463159,0.22196384834049182,307.4593406593407,26.532513082612123,10.632984333513084
SC4181E0-PSG.edf,SC,N1,0.41544531731418094,0.3513153140235943,0.14481633867910823,0.030087773443487575,0.06063764177030442,88.41318681318681,13.648134521211322,5.851791141389872
SC4181E0-PSG.edf,SC,N1,0.7784790614014161,0.08364830698894823,0.03796233220580281,0.026964236512570443,0.09358542237236533,265.2395604395604,20.19208019119604,13.4579589356436
SC4181E0-PSG.edf,SC,N1,0.7756892147513995,0.13626187982917692,0.04000992167662593,0.016832165216982574,0.041225080037399886,185.76703296703297,21.176670893894947,11.472267799759026
SC4181E0-PSG.edf,SC,N1,0.8929233194221076,0.07281012103028313,0.01529034279480837,0.007787993541738641,0.016147227263198324,163.41538461538462,13.909471691569225,14.261325675306024
SC4181E0-PSG.edf,SC,N1,0.6134717032102045,0.2947890712799975,0.05661646811152477,0.012177505730628008,0.03128962382526414,105.3010989010989,10.604254381287324,10.870776238397427
SC4181E0-PSG.edf,SC,N1,0.2543286563434783,0.5419068603281701,0.11318321234391701,0.030654990186824656,0.07402037403161311,111.26153846153846,16.707230728145785,6.4957584603103795
SC4181E0-PSG.edf,SC,N1,0.5365928452104536,0.3191661990187549,0.07758401658804363,0.027287464964016177,0.057702185756363183,111.26153846153846,15.418086533536096,6.989985406308668
SC4181E0-PSG.edf,SC,N1,0.6228612608282583,0.26783366821089816,0.04993152495777925,0.024821001065236995,0.05433859063635037,110.76483516483518,14.747271664540728,6.798589775498314
SC4181E0-PSG.edf,SC,N1,0.5515987997354272,0.3069470469853772,0.05218773932844448,0.04178376245200021,0.08643304401261478,195.70109890109893,17.084336132466678,11.352639445107567
SC4181E0-PSG.edf,SC,N1,0.47438626488053304,0.3950637201703299,0.052296208327549526,0.03625145327610593,0.07041304690992296,152.4879120879121,20.645708190819686,6.99748406681331
SC4181E0-PSG.edf,SC,N2,0.8554200771006469,0.11247922551960374,0.015297120267013072,0.00755078531281436,0.012164359510241043,190.23736263736265,24.852371762241887,13.431454528160412
SC4181E0-PSG.edf,SC,N2,0.7491962662111437,0.1815322597963177,0.02855775426365148,0.018063927181023922,0.03261155090408163,94.87032967032968,14.185805511616536,9.084611180070462
SC4181E0-PSG.edf,SC,N2,0.8191698127295395,0.1361978390323213,0.025770564502514817,0.012913046082999922,0.015794907983099637,94.87032967032968,15.365626853602292,14.196204019327398
SC4181E0-PSG.edf,SC,N2,0.5350470091365612,0.3707014782303065,0.05253653821645448,0.04492303866011694,0.0332350745665327,96.85714285714286,15.379633915131073,14.008150779384096
SC4181E0-PSG.edf,SC,N2,0.7900052829299817,0.13985768887675315,0.02944014230004568,0.03244686343493553,0.033979852270137674,176.82637362637365,17.97625103569953,15.303843661549307
SC4181E0-PSG.edf,SC,N2,0.7018444786458918,0.1892174692824138,0.04976347783007433,0.04006639512091479,0.04521683482704094,84.93626373626374,13.748908748160474,8.549957832143301
SC4181E0-PSG.edf,SC,N2,0.8622359121164205,0.08584335073582613,0.026436732310240543,0.02291406278256777,0.01949772540909696,93.87692307692308,15.73879511639661,16.431738981194975
SC4181E0-PSG.edf,SC,N2,0.6215779831432237,0.2784503678895032,0.04916901068217072,0.03416178594787821,0.034070299660288766,127.65274725274726,12.260580599398347,12.764885491672466
SC4181E0-PSG.edf,SC,N2,0.5702506266801978,0.3426654624083246,0.048056479051532715,0.02839099675700935,0.020754039194184705,114.73846153846154,16.904953540532734,14.121960428050654
SC4181E0-PSG.edf,SC,N2,0.6692599725675881,0.19419833272450426,0.0729213611549694,0.061897749130556734,0.04316801520817515,82.94945054945055,12.076853593844564,10.131767214991445
SC4181E0-PSG.edf,SC,N2,0.6697576057087767,0.2373308327413548,0.05594932870118383,0.0442699434805112,0.023330097425734404,88.41318681318681,10.642117692564355,12.438971215416457
SC4181E0-PSG.edf,SC,N2,0.8534689879060346,0.09453540575043261,0.03010724018626702,0.016868395904933844,0.014428030866642641,128.14945054945053,14.411808825204561,14.971948657814885
SC4181E0-PSG.edf,SC,N2,0.7167450955383401,0.20565944086468607,0.04796058020643542,0.03400655093027229,0.0198670469677163,138.58021978021978,12.95021241862058,12.23436487209996
SC4181E0-PSG.edf,SC,N2,0.6342998306046793,0.22801622511251668,0.07905507608324419,0.05084341526528078,0.043591678440614304,85.43296703296704,12.502804623553972,10.396382979769493
SC4181E0-PSG.edf,SC,N2,0.5943966442485942,0.2873717816911052,0.07442375036995101,0.061752865998684354,0.029750311633546654,102.32087912087911,12.920697691321438,12.482426098564432
SC4181E0-PSG.edf,SC,N2,0.8380580749041856,0.11476720487503811,0.03193861010071153,0.018484668405762916,0.011270190841078583,147.5208791208791,16.715618134827718,16.517570533396075
SC4181E0-PSG.edf,SC,N2,0.8025288551893377,0.1417611896165784,0.03976026343633235,0.028310308128180632,0.012160826366908859,121.1956043956044,14.441465954516271,16.03030447404578
SC4181E0-PSG.edf,SC,N2,0.8406377256371561,0.1137024607207358,0.02720865801577358,0.017833531324724636,0.013356337154381375,100.33406593406593,12.582326446750816,14.874653351474468
SC4181E0-PSG.edf,SC,N2,0.8166795260115522,0.14235043563116032,0.021722703807726642,0.013008266917235028,0.007841824519634662,121.19560439560439,14.8311293351627,17.906106608025073
SC4181E0-PSG.edf,SC,N2,0.8671255952099983,0.09450748002536555,0.026118633743502536,0.011136349197208227,0.008015077909231453,124.67252747252748,16.284508799723966,17.572402633257244
SC4181E0-PSG.edf,SC,N2,0.8581284815102425,0.12304121762548607,0.010313753233765386,0.004306127690752704,0.006676776165967481,158.94505494505495,23.682939764675343,19.735974364947822
SC4181E0-PSG.edf,SC,N2,0.7707203724895186,0.20706509399331066,0.013377484005361937,0.007082220201827028,0.006228742465235064,186.26373626373626,24.34693334864188,20.113731113924768
SC4181E0-PSG.edf,SC,N2,0.759747093555627,0.20524698534976818,0.020227740862993948,0.011625717018652337,0.01017303743330279,164.90549450549452,25.563902067278804,17.738573575190568
SC4181E0-PSG.edf,SC,N2,0.7968908604928778,0.14475256526927552,0.037648656897810336,0.01686727366865436,0.012395157231539758,104.3076923076923,14.176466977553691,14.396808925223247
SC4181E0-PSG.edf,SC,N2,0.6870996782249067,0.22905646922446027,0.05691223702963673,0.029803714861833606,0.019652644785491707,112.75164835164836,19.7250450902763,12.994919270897485
SC4181E0-PSG.edf,SC,N2,0.7613590650826246,0.19119719318561065,0.03208001281698129,0.020844035064865082,0.0093063411287331,123.18241758241757,17.556584144744342,14.035616198450429
SC4181E0-PSG.edf,SC,N2,0.7986023310265591,0.1440110842714719,0.0399460988858568,0.027797328941524174,0.008024510488027011,230.47032967032968,22.08949423604265,18.547709281521445
SC4181E0-PSG.edf,SC,N2,0.7368620878077993,0.20287085214548936,0.027999953069075215,0.022379356291937803,0.021287356358539386,224.5098901098901,21.764348242858517,14.457230171136672
SC4181E0-PSG.edf,SC,N2,0.7720371880055933,0.16673650794987135,0.04165006482440132,0.026941834927639637,0.013198807038725797,120.20219780219782,16.794432933771784,15.866038986772846
SC4181E0-PSG.edf,SC,N2,0.7346983845115743,0.2065819064828219,0.03505334135065519,0.02531860038467361,0.016274270176598913,140.56703296703296,17.35812394122283,16.56040992798358
SC4181E0-PSG.edf,SC,N2,0.7471583192880645,0.18718979701542526,0.03848471461038742,0.021969448012962522,0.015936641005987812,123.67912087912089,14.756543556939523,18.107386268840116
SC4181E0-PSG.edf,SC,N2,0.7749476636945158,0.17535688209265055,0.02996507462356862,0.016901196743983587,0.011541786264176637,220.53626373626372,28.33636637052067,16.904943551300402
SC4181E0-PSG.edf,SC,N2,0.8672392085503288,0.11188535941885004,0.009704886317850589,0.005963051629740247,0.008425624257168845,162.42197802197802,21.559460091506605,22.752613191581187
SC4181E0-PSG.edf,SC,N2,0.8501271727196558,0.123591425326085,0.0110506228293059,0.00800396842057796,0.007996154218744864,131.12967032967032,21.04307613200212,20.708826742966494
SC4181E0-PSG.edf,SC,N2,0.6988557916289522,0.23883319735093825,0.03579889865358008,0.02431290290466012,0.018299012400787667,141.56043956043956,14.327768948520927,16.7947656432422
SC4181E0-PSG.edf,SC,N2,0.8076585292762911,0.14228582731737244,0.02851562382681372,0.018608474923464836,0.012150211653210518,166.8923076923077,17.25996427117682,16.915012545773457
SC4181E0-PSG.edf,SC,N2,0.8191730134795265,0.14468765521092877,0.02314013903637565,0.012755234207221845,0.009006530990949762,105.79780219780221,13.966425257986854,15.460797005514118
SC4181E0-PSG.edf,SC,N2,0.8156214267618462,0.14472276072488993,0.02669853524418376,0.017386842198828637,0.00903172533283591,198.6813186813187,20.785895429971504,21.749909004735763
SC4181E0-PSG.edf,SC,N2,0.8087555304296759,0.13939095589082673,0.037640686648415335,0.022030299652296057,0.007723847421256597,128.14945054945053,16.639376576776538,19.973199142422256
SC4181E0-PSG.edf,SC,N2,0.7921897040204167,0.19261790338356766,0.008171494890683072,0.003850513173156288,0.0050903189241039955,168.87912087912088,23.810959706246358,20.792502571448043
SC4181E0-PSG.edf,SC,N2,0.7201636270212864,0.24680298962941444,0.01829159835001481,0.008865455708401625,0.009279573732313078,129.14285714285714,16.990291737211827,21.335119657006274
SC4181E0-PSG.edf,SC,N2,0.5966600466253293,0.34490055328205804,0.033090778373644256,0.019047937564721493,0.01564447375345141,84.43956043956044,10.913651175413959,10.876149945300178
SC4181E0-PSG.edf,SC,N2,0.894715152231877,0.07683022694754947,0.015260723509187377,0.011886031892505464,0.009323351322614004,88.90989010989011,12.431354323470245,18.71209360768744
SC4181E0-PSG.edf,SC,N2,0.7226847497338833,0.209736734130506,0.040015350966591194,0.027517808878153593,0.01567915620718114,72.51868131868132,12.192168597923862,13.929192353515136
SC4181E0-PSG.edf,SC,N2,0.7873153879280935,0.1529097982000335,0.03658011437304318,0.021794969995136075,0.01516185519563629,102.81758241758243,14.196924800334932,15.741954175789392
SC4181E0-PSG.edf,SC,N2,0.7796060938071099,0.16680359627711352,0.033136932658217724,0.022659852461777003,0.01330081635677741,104.80439560439561,11.485674277220864,16.851035581306242
SC4181E0-PSG.edf,SC,N2,0.6278581643284262,0.2765348728989918,0.06755577355323578,0.030960290593290505,0.018200762534898694,77.98241758241758,11.08011899589186,11.478875471339979
SC4181E0-PSG.edf,SC,N2,0.8032953022361415,0.15803183092917714,0.024039137752161314,0.011981157541945278,0.009425199843596131,106.79120879120879,11.660883782354272,16.473523963336206
SC4181E0-PSG.edf,SC,N2,0.6244549705513158,0.2909033809953355,0.06031281469957206,0.023943562302120937,0.015609359409531986,94.87032967032968,11.812529088103146,14.306757399586122
SC4181E0-PSG.edf,SC,N2,0.7796622739367182,0.1704742750654464,0.028154526004954456,0.018292197918383754,0.012734083904127379,145.53406593406595,18.865077318153855,15.81102365117323
SC4181E0-PSG.edf,SC,N3,0.8550505051389168,0.09997724601762302,0.029057346646619943,0.011973141487875375,0.011134243923975221,190.73406593406594,17.39578742267946,24.971349992014318
SC4181E0-PSG.edf,SC,N3,0.8995710472136451,0.07176223719304209,0.017500546651947543,0.011194422557910654,0.005990160871397241,169.87252747252745,22.354010277306354,23.63760472811171
SC4181E0-PSG.edf,SC,N3,0.8729621644789204,0.09146420124610877,0.022470139147259933,0.0145176744669284,0.007983823361416021,165.4021978021978,21.231644782833985,21.669963788824834
SC4181E0-PSG.edf,SC,N3,0.8843742627664807,0.08825452619355191,0.018191704529660898,0.010851554075725288,0.0057638323793661374,132.6197802197802,17.525273686948974,19.863660630448575
SC4181E0-PSG.edf,SC,N3,0.9181705738189587,0.05865694274354389,0.016574297546288273,0.00746690665333303,0.004370341713807938,256.2989010989011,26.075379724701357,26.583961159423065
SC4181E0-PSG.edf,SC,N3,0.8892398462647944,0.0851733056336931,0.017597232598994417,0.007165803072216445,0.004132016744230507,152.4879120879121,21.346192870896473,23.51787096567985
SC4181E0-PSG.edf,SC,N3,0.902947948437002,0.0656885900943729,0.021412285460316774,0.007937468958370192,0.003386307643334182,118.21538461538461,18.28016344927379,21.126906907948992
SC4181E0-PSG.edf,SC,N3,0.9197064860589468,0.05353943514369952,0.018215276042566172,0.009749789000471472,0.004388195842528315,196.19780219780222,22.273479973080132,28.69054615031344
SC4181E0-PSG.edf,SC,N3,0.9215917375421947,0.0586749797436694,0.012346930546574425,0.006030508260200788,0.0026567322756828548,163.9120879120879,22.689168098576772,26.85807559339291
SC4181E0-PSG.edf,SC,N3,0.9072779752704985,0.06766379955112685,0.01240252174707393,0.006643010217554474,0.00536528391220956,184.27692307692308,23.106997736647227,23.39179856230794
SC4181E0-PSG.edf,SC,N3,0.9335433064920051,0.05189605930789866,0.009900863974198523,0.0055476501377414505,0.0026010125812232234,273.1868131868132,33.12145721600928,30.197126109709753
SC4181E0-PSG.edf,SC,N3,0.943640592244815,0.043150484505795686,0.007950617419391853,0.0035365929055523257,0.00276181061580578,163.4153846153846,24.000890710435787,24.615260064870824
SC4181E0-PSG.edf,SC,N3,0.9511801633480159,0.03347034044064752,0.011498023218933439,0.0029095754570939414,0.0019761975567798664,250.33846153846156,30.01232030158004,35.46508016139083
SC4181E0-PSG.edf,SC,N3,0.9539206278937734,0.035666118807381804,0.005945352579592657,0.0030934450428263256,0.0023591952020832964,141.5604395604396,21.815808604216237,29.207717905110112
SC4181E0-PSG.edf,SC,N3,0.9411153369281636,0.04264464734767532,0.011210828692015427,0.004029492130813548,0.002541990664373364,247.85494505494506,27.49851101725797,29.31231095235152
SC4181E0-PSG.edf,SC,N3,0.9398769367397317,0.044823280020030845,0.01027562339615285,0.0038407136939745037,0.001765463406399608,221.52967032967035,28.922582898140668,32.539053561038976
SC4181E0-PSG.edf,SC,N3,0.9517858121457043,0.03603202365119443,0.00850155270563627,0.0022620776350497193,0.0019881861682291752,232.45714285714286,28.00043122027617,30.14922000329937
SC4181E0-PSG.edf,SC,N3,0.9426149702410643,0.03899741191376553,0.012895178256495544,0.0047059844604841064,0.0021267103925730673,199.6747252747253,28.113846250879888,28.689739944959207
SC4181E0-PSG.edf,SC,N3,0.945544698519957,0.04219929581500288,0.00879986452525314,0.002718482557681574,0.0016575053548199279,159.93846153846152,25.989026536124854,30.670779065037237
SC4181E0-PSG.edf,SC,N3,0.9444774746431437,0.04076811848649795,0.010590073365407375,0.004415086849651068,0.0021001946567398367,192.22417582417583,27.563640586031905,30.781939267110538
SC4181E0-PSG.edf,SC,N3,0.9445776026888938,0.03831850130093744,0.013375841912880874,0.0036074019860996395,0.0019173128808573536,182.29010989010987,28.260890988930786,28.367463315350477
SC4181E0-PSG.edf,SC,N3,0.9454685070010181,0.03801250716174539,0.013597702894732867,0.0018228344311677798,0.0013925441558096923,148.01758241758242,24.075871947529258,31.43130165990455
SC4181E0-PSG.edf,SC,N3,0.9474819157923048,0.0381678937844752,0.010804699717876244,0.003333130587260817,0.0017433768783639417,229.9736263736264,30.755029407752172,32.188104484338524
SC4181E0-PSG.edf,SC,N3,0.9305413583827987,0.048579563292086465,0.014634421777379704,0.004323966062882886,0.0021416086777705096,206.13186813186815,27.119769010756695,30.919059609429077
SC4181E0-PSG.edf,SC,N3,0.9254255336821727,0.05182882278076433,0.01625361311192845,0.004502776116825114,0.002885526398010424,258.78241758241757,28.48254731525687,30.756364679837954
SC4181E0-PSG.edf,SC,N3,0.9367780009388915,0.04687431175945735,0.012250078519234897,0.0025461748625274223,0.0016495982135563898,203.15164835164836,32.75956472677878,31.507698698261166
SC4181E0-PSG.edf,SC,N3,0.9427939912658989,0.04364911694493232,0.008711881114968878,0.003124335784704221,0.0019114468641744555,164.40879120879123,26.96672439980169,30.828713503498914
SC4181E0-PSG.edf,SC,N3,0.9373669660243896,0.04554853188767309,0.011832585051428238,0.0024963432684655283,0.0018429505397229203,214.07912087912086,34.30430971191631,28.93699558017983
SC4181E0-PSG.edf,SC,N3,0.9407833483945102,0.045785681087099975,0.010493051823316325,0.0027597316004559776,0.0016851658225528116,240.4043956043956,34.245859605587164,29.67139451123982
SC4181E0-PSG.edf,SC,N3,0.9101749810283459,0.06398510854306157,0.01366063776146862,0.004647687674991224,0.00934424073855384,371.53406593406595,48.10967757599593,35.59691582586151
SC4181E0-PSG.edf,SC,N3,0.9390268331163507,0.033815304543758154,0.006359137392531496,0.005479743071380574,0.019224236367667635,435.11208791208793,48.953479450293095,37.47698411814692
SC4181E0-PSG.edf,SC,N3,0.8468742159193533,0.1299382988744265,0.010024062526532781,0.0064178272052217026,0.01002056156613423,231.96043956043957,26.911682091771244,20.38372635318755
SC4181E0-PSG.edf,SC,N3,0.8113176549048732,0.15498637989736527,0.018078348351087563,0.009810500989623014,0.009334786178720675,171.36263736263737,21.6744351488303,23.39492343544223
SC4181E0-PSG.edf,SC,N3,0.8266737000432223,0.15388690259409382,0.011873547952705617,0.00581881214225564,0.005483573566660241,190.73406593406594,30.262063860703915,25.422711190394388
SC4181E0-PSG.edf,SC,N3,0.8828542675456924,0.0823538249919003,0.022340292698321253,0.009796652663551349,0.009504820317511969,287.5912087912088,39.164091104122804,24.565029886521906
SC4181E0-PSG.edf,SC,N3,0.7791871884120619,0.19731458192049223,0.009120043572306938,0.005266312494905537,0.01187408013793531,236.43076923076922,30.229039225781065,25.32278427964566
SC4181E0-PSG.edf,SC,N3,0.8700565308431942,0.11106362941069665,0.008509109680535415,0.004677409889292656,0.00634940054708917,230.4703296703297,29.693041911301094,22.542015647882685
SC4181E0-PSG.edf,SC,N3,0.8493725775175633,0.11606715606833143,0.021970342653685457,0.00986899825720933,0.004796187741267481,215.56923076923078,26.240345037781015,25.9358523085441
SC4181E0-PSG.edf,SC,N3,0.9032646936648365,0.07747560439995226,0.012792092345657957,0.004669923966776823,0.003059120149216676,138.58021978021978,19.33281032501741,22.01021074950331
SC4181E0-PSG.edf,SC,N3,0.9008865249861251,0.07331966268551297,0.018187370745346564,0.008346283588674732,0.004024484736874946,206.13186813186815,28.59659804845976,23.25300834228833
SC4181E0-PSG.edf,SC,N3,0.9008980955802594,0.08125765388051422,0.009697382145388801,0.0071160781883641095,0.004313548978843439,201.66153846153847,24.451560362511632,26.52239399480202
SC4181E0-PSG.edf,SC,N3,0.9004095597117558,0.07630332018262846,0.015818203890842923,0.0048931065505783385,0.002870713947834702,167.8857142857143,19.219019720321416,28.00938346848959
SC4181E0-PSG.edf,SC,N3,0.916100474648758,0.06503259594047839,0.012690974667749712,0.004817136664866581,0.0028531542127013328,218.54945054945057,25.912278276494572,24.99285975134106
SC4181E0-PSG.edf,SC,N3,0.8955805848776545,0.0793808135985761,0.01599938787288979,0.007970543332668913,0.0037885887131915317,131.6263736263736,20.802590601475348,25.09764838287054
SC4181E0-PSG.edf,SC,N3,0.9187373960426165,0.06357179353801402,0.011339601708933219,0.0060415072549769135,0.0026364166073406885,208.11868131868133,26.253297280260842,28.43538648361673
SC4181E0-PSG.edf,SC,N3,0.9193777762311197,0.05722702596868437,0.017708498592198578,0.006872247976979258,0.00236368177138781,269.7098901098901,29.791622297346795,26.422361290067492
SC4181E0-PSG.edf,SC,N3,0.9171911847823744,0.06745018725087645,0.00969399077507433,0.0032409989843973975,0.0022445675197933176,188.74725274725276,27.520370175342457,26.54816181639301
SC4181E0-PSG.edf,SC,N3,0.9321772254288742,0.04983585139749997,0.011844761684305968,0.002904314436078322,0.0014078231181084602,200.66813186813187,27.12342708877199,28.29140801278937
SC4181E0-PSG.edf,SC,N3,0.9381546986677449,0.046840778521333074,0.010400638619878244,0.004018915306073746,0.0018409317045724883,129.14285714285714,23.364176121120305,32.012644498646694
SC4181E0-PSG.edf,SC,N3,0.8660703295726855,0.08612384072669699,0.013262476690610465,0.008933180623552346,0.03151586527538126,228.4835164835165,28.75155772515874,28.36512747977124
SC4181E0-PSG.edf,SC,REM,0.7101060124732286,0.22426431391258683,0.03456954827376657,0.011924795998252115,0.017319886663491983,172.85274725274726,18.800824355301987,8.050939021870526
SC4181E0-PSG.edf,SC,REM,0.6439156690610798,0.3094663204550547,0.026479175828272944,0.011266557435358943,0.013172567781876462,97.85054945054947,14.081139935942051,8.944653475452158
SC4181E0-PSG.edf,SC,REM,0.494061166401445,0.449900471829688,0.033368728365666664,0.015110599646877297,0.016276308167528147,72.51868131868133,11.9748412785386,9.341338234942135
SC4181E0-PSG.edf,SC,REM,0.6256873915815184,0.3081909434405163,0.03514572537096885,0.01671172648302677,0.019111412870436034,86.92307692307693,10.133927247998802,12.977558385371044
SC4181E0-PSG.edf,SC,REM,0.688763911158158,0.24972491499994595,0.03232325830436945,0.01142917476224179,0.01862005601269469,76.49230769230769,11.79823428788262,9.461410231642457
SC4181E0-PSG.edf,SC,REM,0.512710410523311,0.44379616528253146,0.027608788662050694,0.00843681927921575,0.01143610570984701,68.54505494505494,9.379679319472052,10.840243148112688
SC4181E0-PSG.edf,SC,REM,0.76017181818082,0.19641349844267178,0.021175160639154172,0.00764450917720912,0.01638228654338185,117.22197802197802,14.228772699264363,11.463607407116216
SC4181E0-PSG.edf,SC,REM,0.5402944512018207,0.4225585077559045,0.017712911805676877,0.01315949380472268,0.014929605629927407,111.75824175824175,12.561230676364808,13.182906536658969
SC4181E0-PSG.edf,SC,REM,0.7141027577684316,0.22086098037759858,0.03741217124783173,0.012341636556233208,0.019304519311705837,120.6989010989011,13.99166722350775,8.634414905150535
SC4181E0-PSG.edf,SC,REM,0.754298535592656,0.16556696787360384,0.03978695709442816,0.014892062632266874,0.023137128767900136,141.06373626373625,14.252009378431325,11.259257300731768
SC4181E0-PSG.edf,SC,REM,0.7777508956830436,0.15939079356974628,0.03880711294094037,0.010784607949199977,0.017675363496158763,133.11648351648353,19.68753202145544,9.433953582628213
SC4181E0-PSG.edf,SC,REM,0.6312020265244512,0.33654994736294364,0.01588507421552747,0.007322546904954401,0.010603589095247888,113.24835164835164,13.64222103621314,15.864599284506342
SC4181E0-PSG.edf,SC,REM,0.6126877482927123,0.3013641257549078,0.05126988035201442,0.013144164305959537,0.018621729366608917,72.51868131868132,9.871345374563274,10.33812295503731
SC4181E0-PSG.edf,SC,REM,0.6777211648981583,0.2729606232016923,0.027042021184207614,0.011357323830794203,0.01661022800148106,73.01538461538462,10.94393500263606,9.00170875202739
SC4181E0-PSG.edf,SC,REM,0.6120637660412673,0.3475104015083837,0.02036243690247172,0.011291359068939471,0.01618207095295229,102.81758241758243,12.429033234109108,14.00211441686066
SC4181E0-PSG.edf,SC,REM,0.6683507736614235,0.28140843188716025,0.01810046505061704,0.010631299791640092,0.02779830876087352,244.378021978022,20.295409025816696,14.896127870623264
SC4181E0-PSG.edf,SC,REM,0.547650825218527,0.41574053327816457,0.019599616586941707,0.0113750134590795,0.010156803503086937,92.38681318681319,10.60685391405755,13.392392901851073
SC4181E0-PSG.edf,SC,REM,0.6467051279780485,0.30841192087119884,0.02509241007879991,0.012399513778328236,0.012921914448792204,105.3010989010989,10.223920693580759,10.27682714440203
SC4181E0-PSG.edf,SC,REM,0.6595387591752633,0.27166890917069214,0.035783640454857615,0.011528541503466936,0.017020772264415174,139.07692307692307,14.576991071881153,9.540105900066822
SC4181E0-PSG.edf,SC,REM,0.8009978238640011,0.1454635804648964,0.027159529577392243,0.00826735372889095,0.013055336604658652,335.7714285714286,43.67779165959162,12.030583209810041
SC4181E0-PSG.edf,SC,REM,0.7708979347711299,0.1805883713733553,0.020179035554209388,0.009928607927796852,0.015090880965399588,211.59560439560443,28.7563300885378,10.866501085333356
SC4181E0-PSG.edf,SC,REM,0.7436027672393599,0.12051749534445574,0.04195152244164219,0.02471181700182384,0.08790029886280239,287.0945054945055,29.250772994819346,17.46478901281206
SC4181E0-PSG.edf,SC,REM,0.48465766487247414,0.4374843873674829,0.04242542821212511,0.018355572310450433,0.02455546851304155,74.00879120879121,8.551287938074273,10.094900912028482
SC4181E0-PSG.edf,SC,REM,0.7171615177847521,0.2226349215268921,0.027631699104916498,0.011381274253402102,0.01778899748858456,235.43736263736264,24.550164512444024,9.529034766031915
SC4181E0-PSG.edf,SC,REM,0.567305749133466,0.35628464923543873,0.0366573938204904,0.013239085098316693,0.03256710843124844,245.86813186813185,33.61450315905019,12.341999271741733
SC4181E0-PSG.edf,SC,REM,0.5511728379853204,0.32947436703426924,0.05804945767254441,0.01958000855028034,0.056073190968512716,129.14285714285714,14.5889748899038,9.27495362752036
SC4181E0-PSG.edf,SC,REM,0.6268244169289635,0.25748226059180007,0.059579833671086824,0.018187417164822285,0.047637857451642035,357.6263736263736,30.74018858798501,9.496384058349445
SC4181E0-PSG.edf,SC,REM,0.6639242301422338,0.23515938028116976,0.05180293714232808,0.017919429151488354,0.037343014201940083,97.85054945054945,15.756656227023898,6.84869115790211
SC4181E0-PSG.edf,SC,REM,0.5826697372777124,0.3180308566884609,0.053890220392423714,0.018233351716928376,0.03112896985900619,194.210989010989,15.262922593932478,9.984837320984784
SC4181E0-PSG.edf,SC,REM,0.7656509002361847,0.1667772532049966,0.03688946839721818,0.011950871778939857,0.026998156028725778,285.10769230769233,26.66223021037065,11.479378294158971
SC4181E0-PSG.edf,SC,REM,0.6638352776069792,0.23449094797361425,0.06061550597836069,0.01812979755112176,0.027789194398895815,137.0901098901099,14.79295536033762,9.536758910314834
SC4181E0-PSG.edf,SC,REM,0.7160624020705817,0.21730350081617547,0.028345436324697066,0.01165664683479642,0.025795940498750426,123.67912087912089,22.303160264331495,10.050217232132907
SC4181E0-PSG.edf,SC,REM,0.4763940424265318,0.4325269417439226,0.05309625549807412,0.015924055597679794,0.03115390521275879,77.4857142857143,9.559351413867214,8.461429946407355
SC4181E0-PSG.edf,SC,REM,0.7870863352633978,0.15360438978115543,0.029350271021360532,0.009871063394852818,0.02676144750094027,87.41978021978022,10.60049409324344,11.135106168679089
SC4181E0-PSG.edf,SC,REM,0.634586058436738,0.28979153220031306,0.03940151717893084,0.012416013303001969,0.02321483368258734,209.60879120879122,19.6349811365934,8.731268003572223
SC4181E0-PSG.edf,SC,REM,0.5451661420616444,0.18178777709159466,0.09193888308339426,0.055910736807329255,0.1681197942007235,248.84835164835164,31.59064224779507,10.00527133355009
SC4181E0-PSG.edf,SC,REM,0.6454320999118748,0.2932298025243125,0.03036676071703469,0.014209057676229526,0.021197998210615486,146.03076923076924,15.73204778709373,8.599011883955514
SC4181E0-PSG.edf,SC,REM,0.5109219132105578,0.4004716367579905,0.038262864337004404,0.01998117362499347,0.03530445764870783,65.06813186813187,8.708143866731941,6.983612076095561
SC4181E0-PSG.edf,SC,REM,0.6766978569684394,0.22811396218260319,0.04109095354264073,0.019788249286859554,0.029670383027691552,110.76483516483518,11.437507835021592,7.269606914056493
SC4181E0-PSG.edf,SC,REM,0.740126951640412,0.19687620458266816,0.0274810458913635,0.011667823883998745,0.02094728669281676,99.83736263736265,17.249074470565922,9.497240561599877
SC4181E0-PSG.edf,SC,REM,0.6900379872119774,0.23994059516857175,0.04099716702542691,0.013098797067776042,0.02385238518315794,304.4791208791209,26.097954442428318,9.410026124321238
SC4181E0-PSG.edf,SC,REM,0.7535714042124451,0.16833374603296242,0.03674571753893325,0.016635888260717272,0.03569914252430571,92.38681318681319,12.711674605494073,8.631007709794416
SC4181E0-PSG.edf,SC,REM,0.7858615154018278,0.15595010268885368,0.023023082442188203,0.01226412103594098,0.02194339180519403,288.5846153846154,38.70651036381169,10.615047009768343
SC4181E0-PSG.edf,SC,REM,0.7183786627652429,0.21015965609324444,0.031349455520261756,0.0164791457721747,0.02423479358379486,405.30989010989015,53.65962836130564,10.273306139501459
SC4181E0-PSG.edf,SC,REM,0.6101353962374522,0.2619983866718505,0.05371187498071265,0.029325525227437674,0.06687143896146659,432.13186813186815,55.596787705043006,8.14431511754534
SC4181E0-PSG.edf,SC,REM,0.708620254629882,0.19392826105856342,0.044840071354882396,0.019498795027922892,0.0315378845191889,337.26153846153846,40.888901731843106,10.407104155668797
SC4181E0-PSG.edf,SC,REM,0.7451872869151017,0.1911896051406683,0.028072415386774397,0.014874161190077072,0.02803258586150249,158.94505494505495,15.81938847390529,12.14037670343159
SC4181E0-PSG.edf,SC,REM,0.60752818623295,0.2906174717217693,0.057546805004619554,0.016062653978659122,0.028653544255871317,153.97802197802196,15.3840442242416,8.326560472931652
SC4181E0-PSG.edf,SC,REM,0.8123125046710904,0.12255410761903245,0.03712966160051121,0.012574628308516578,0.022364492242961873,191.23076923076923,30.09409469973366,10.952043667680272
SC4181E0-PSG.edf,SC,REM,0.7678332230977549,0.1664962049905284,0.029977678514368382,0.014389362821281207,0.029890788518805098,211.5956043956044,29.54391852310102,9.754372126991912
SC4191E0-PSG.edf,SC,Wake,0.7919656885790429,0.08475201236127498,0.03748055551151958,0.02702941338406651,0.0804613128011138,546.6065934065934,75.91151543088716,30.321824025267002
SC4191E0-PSG.edf,SC,Wake,0.8416477408056037,0.06884633504745297,0.02694836502975527,0.025267255747493136,0.05567189624265956,527.3494505494506,76.37749756337648,26.495673690346035
SC4191E0-PSG.edf,SC,Wake,0.9066423356065758,0.04061878628511741,0.014360746195755976,0.00988608515954589,0.035845405518571065,396.4996336996337,57.95747438726278,30.238479904079345
SC4191E0-PSG.edf,SC,Wake,0.7476513937468506,0.07536869656131463,0.04862060161590645,0.034256641792583496,0.12561672880785563,458.71501831501837,55.404504623858244,37.69272987694148
SC4191E0-PSG.edf,SC,Wake,0.7895021788189867,0.08582651831612972,0.0344962156526306,0.030579366227561088,0.08410779995609996,591.0461538461539,101.47085406286273,41.948832782907566
SC4191E0-PSG.edf,SC,Wake,0.8021181529031364,0.08399680798809477,0.03121859205744514,0.02692141302982481,0.07573421096502482,469.0842490842491,72.718102206059,30.95376857426646
SC4191E0-PSG.edf,SC,Wake,0.6414545245158867,0.1366186669900598,0.06965488191597305,0.053156207109004976,0.1428865247114633,460.196336996337,50.55727168698755,22.305656460385208
SC4191E0-PSG.edf,SC,Wake,0.745115307122932,0.06946599887958901,0.06082032534105775,0.05294340683896432,0.11708636884259914,495.7479853479854,64.62568145310583,23.873729945353087
SC4191E0-PSG.edf,SC,Wake,0.7951324868014601,0.09338864929027467,0.03770940907521897,0.027493403909331166,0.06420666707575012,550.5567765567766,58.20905703333721,26.63766979606868
SC4191E0-PSG.edf,SC,Wake,0.8499228538652818,0.0745864164535916,0.028100138243639612,0.019087680868544413,0.04440211249454816,464.64029304029305,60.080816540483006,30.20167634161061
SC4191E0-PSG.edf,SC,Wake,0.7073739555273536,0.0954223664223562,0.056859941580631644,0.051814002998291316,0.1297946131200529,245.8989010989011,25.448159949181644,23.065279696754004
SC4191E0-PSG.edf,SC,Wake,0.6231608511181882,0.12307263933199433,0.05816062485498318,0.05923288734893341,0.18617590533397066,387.1179487179487,38.529989204957175,21.90961845166919
SC4191E0-PSG.edf,SC,Wake,0.7984325664065404,0.09860565115674763,0.04023717282816954,0.027915577534825743,0.05503518355324761,422.6695970695971,56.694712365968606,23.933611101475115
SC4191E0-PSG.edf,SC,Wake,0.7766789987462827,0.09767689883115965,0.04648002843191404,0.02647117153698576,0.07189609376434963,528.8307692307692,81.9425643739328,29.21068023084625
SC4191E0-PSG.edf,SC,Wake,0.7570696899329566,0.11773332403364885,0.04678561994598883,0.03947908314970811,0.07204584882582822,553.5194139194139,63.02523003275922,24.314377074307394
SC4191E0-PSG.edf,SC,Wake,0.7728865508471717,0.08974974674945119,0.04078422686952878,0.0342345631229059,0.08974917090116863,549.5692307692308,66.53040066029585,30.09236392975232
SC4191E0-PSG.edf,SC,Wake,0.7285204659283501,0.08158181551877682,0.051958641656141454,0.04840493659484198,0.13296401206438604,546.6065934065934,82.4144951420796,31.188578539391052
SC4191E0-PSG.edf,SC,Wake,0.8018839690836891,0.06300333151777443,0.03972497789842886,0.030706391810013323,0.08871325097006125,465.1340659340659,56.904401228319614,23.375742825369322
SC4191E0-PSG.edf,SC,Wake,0.8174249563816879,0.08567363689803176,0.02856139932176241,0.017668787387571896,0.06014379535417226,531.2996336996337,88.34243219220626,35.3502129526398
SC4191E0-PSG.edf,SC,Wake,0.7778149906646145,0.08859041680004068,0.04604769631477268,0.032169029041376376,0.0813546819540238,555.9882783882784,103.45608460320898,28.954820529787582
SC4191E0-PSG.edf,SC,Wake,0.7952132773222832,0.09768796228044067,0.03386780301965701,0.02806736314419805,0.06325748296133414,685.3567765567766,104.34613963216094,26.864471900877405
SC4191E0-PSG.edf,SC,Wake,0.8308169770293242,0.07298386242433574,0.02926551405297403,0.025863104680269977,0.062231019274726664,632.0293040293041,98.44159007599272,25.873150160684173
SC4191E0-PSG.edf,SC,Wake,0.7739674140643866,0.09121065444528091,0.03656418708389083,0.027222352318321312,0.09309597173112674,511.0549450549451,68.63894783023416,24.754831736404977
SC4191E0-PSG.edf,SC,Wake,0.7932871109729704,0.08428617870943365,0.03640693814557448,0.02773071006312941,0.07801958910222657,490.3164835164836,64.02961239932183,28.40886662549538
SC4191E0-PSG.edf,SC,Wake,0.7708347229498906,0.09737534107643288,0.03922616577268028,0.025608279263725848,0.08498149753202815,535.2498168498169,77.32543273423177,28.378626100467297
SC4191E0-PSG.edf,SC,Wake,0.7654672144449738,0.07555504427177295,0.04774650724544533,0.034793807298271764,0.10656602685237723,688.8131868131868,76.70567001297346,25.852152781438576
SC4191E0-PSG.edf,SC,Wake,0.6519345528519995,0.08042559793015153,0.05793667426717899,0.05100365960704402,0.20328522226922285,515.4989010989011,77.19347164036557,41.41286724553886
SC4191E0-PSG.edf,SC,Wake,0.638280528745403,0.1253885518035449,0.07031947903573266,0.06116290357243321,0.16051833986384195,547.1003663003663,84.76226483230218,33.61102418303951
SC4191E0-PSG.edf,SC,Wake,0.7840682453318063,0.08717916345727647,0.04146763591297504,0.03105657772013748,0.08041503459265953,560.9260073260073,72.19822139041784,35.677127075452276
SC4191E0-PSG.edf,SC,Wake,0.7160987842339059,0.10588532988439489,0.05390032316438909,0.0391368323152139,0.1117238375322379,487.3538461538462,62.169581722400906,26.198923630434912
SC4191E0-PSG.edf,SC,Wake,0.6746586312735818,0.08969558677626281,0.057103483187147176,0.05059964266443347,0.1660181195611927,592.5274725274726,85.15018363488116,34.472450310725804
SC4191E0-PSG.edf,SC,Wake,0.5101786839494923,0.1101777118608988,0.09360280209148492,0.07798949956589805,0.27624740387743185,565.3699633699634,78.84716463894503,36.11389158737751
SC4191E0-PSG.edf,SC,Wake,0.6758080269136262,0.09649948543558523,0.05601494767865058,0.055062048109403225,0.16529202511162985,568.8263736263737,89.5208824929204,30.116141223684078
SC4191E0-PSG.edf,SC,Wake,0.6247159189976362,0.09070646887688293,0.0737197086554961,0.062003593318491236,0.2055782466456143,534.2622710622711,80.2552565934652,37.28499775962075
SC4191E0-PSG.edf,SC,Wake,0.4821622386543001,0.10597364318098004,0.10715920888689028,0.09639458703430541,0.29291195399786163,553.0256410256411,75.5994810660442,30.295819266457272
SC4191E0-PSG.edf,SC,Wake,0.6263515845340359,0.0797649134258641,0.07680928901907673,0.05824978061970383,0.20907925055087365,593.5150183150183,90.70433157682763,41.24484145529442
SC4191E0-PSG.edf,SC,Wake,0.5079420797765731,0.12932165653553973,0.08309588948612615,0.08132811286909439,0.27103446151293376,583.1457875457876,82.75616405763425,32.28335419912263
SC4191E0-PSG.edf,SC,Wake,0.5020297157253394,0.09801462457946516,0.09114108489991155,0.08616418345842988,0.30122998226744147,640.9172161172162,92.40753226922163,32.699320371575126
SC4191E0-PSG.edf,SC,Wake,0.39129227921245624,0.14294967563649583,0.11533753635692559,0.10788826955440174,0.34165638315479524,567.3450549450549,74.7275781282926,29.446260507703133
SC4191E0-PSG.edf,SC,Wake,0.6946230674924565,0.11582443071092814,0.05081168725594842,0.03694209281970556,0.13090798681537763,581.664468864469,88.74252084917781,31.820461175852728
SC4191E0-PSG.edf,SC,Wake,0.6239874278872062,0.07812186124186322,0.0569442007942234,0.05054345338794676,0.2362613628831725,561.4197802197803,81.2596581585282,25.397375405723704
SC4191E0-PSG.edf,SC,Wake,0.6948719080478656,0.10636122682374205,0.051785509224628774,0.041077108683426074,0.14356856251696862,603.8842490842491,79.08305563569768,30.79957147132455
SC4191E0-PSG.edf,SC,Wake,0.7294415516922088,0.0897288388056922,0.04680328761528893,0.03736191799386749,0.12725617796597996,577.2205128205128,81.97947491322104,32.167299691166875
SC4191E0-PSG.edf,SC,Wake,0.8117435304232067,0.08015203086501183,0.029705841888329615,0.03065689139942298,0.06928567826499497,650.2989010989011,102.81839498817354,36.190349982751194
SC4191E0-PSG.edf,SC,Wake,0.8139485198942146,0.09473795655709132,0.03663407139512904,0.024714095882881357,0.05071102553178933,592.0336996336997,79.14228416601684,29.164491280534037
SC4191E0-PSG.edf,SC,Wake,0.7499642553904172,0.11593653315091412,0.054032423004394606,0.03767880119016627,0.07577958668362289,433.03882783882784,45.07818302638077,20.14425697771718
SC4191E0-PSG.edf,SC,Wake,0.8266982557297629,0.09303179289329529,0.029063838846332138,0.026659382748882084,0.047234016669906,631.5355311355311,91.003748832829,31.566625062912518
SC4191E0-PSG.edf,SC,Wake,0.7728444267076355,0.08905407150495913,0.03641227529268902,0.027263168402505186,0.09684513349643062,412.79413919413923,60.56417287869262,23.112171455086774
SC4191E0-PSG.edf,SC,Wake,0.7128038431099902,0.11581754634468366,0.05799884762376358,0.03926161899682085,0.10572606875105905,392.5494505494505,33.85396436216166,18.63758715266534
SC4191E0-PSG.edf,SC,Wake,0.8283140770324492,0.08085734167956689,0.03184209000492901,0.021773625812144377,0.05664381606029934,435.5076923076923,47.8238297772126,24.860449019408005
SC4191E0-PSG.edf,SC,N1,0.6456674659578416,0.15869293801691078,0.05927464104324733,0.04656154441435422,0.12493430642538714,326.38388278388277,36.87594070278354,13.49796631209362
SC4191E0-PSG.edf,SC,N1,0.5157662088500162,0.24788655640240542,0.07500424080186822,0.04918418393988451,0.14942969023975353,86.41025641025641,11.777233239543056,8.209986960586729
SC4191E0-PSG.edf,SC,N1,0.6046039611209684,0.20776795560366806,0.06608900166080703,0.04445025708306656,0.11299912112402972,486.8600732600733,42.24575044956635,10.649080265845614
SC4191E0-PSG.edf,SC,N1,0.6031658836122756,0.2202626538244533,0.07424343482796093,0.04282694805006472,0.09167657671854608,199.4842490842491,29.08478110269465,10.157604365978605
SC4191E0-PSG.edf,SC,N1,0.49835832572994637,0.13840853697048422,0.1034978041331397,0.10269203912844509,0.25486462233656176,379.21758241758243,47.21809676748473,13.795754564429426
SC4191E0-PSG.edf,SC,N1,0.5460690637140578,0.17013830790620948,0.13217154065549974,0.06463165521020595,0.1345986354232715,120.48058608058608,13.246113513141978,9.378767428910727
SC4191E0-PSG.edf,SC,N1,0.8426090649764658,0.05993227939301713,0.03438516534914612,0.025001243715370224,0.058194982796466094,267.6249084249084,33.622652525921694,19.5796730417894
SC4191E0-PSG.edf,SC,N1,0.5918470205158873,0.21582886177282573,0.10284218426802606,0.03752470343162317,0.06723834989759865,118.50549450549451,13.713291367780203,8.567268154496873
SC4191E0-PSG.edf,SC,N1,0.5021115714140924,0.18448318485262027,0.10846462461416453,0.08804141809091434,0.19400945134644176,187.63369963369965,20.782345155404535,11.787051305717704
SC4191E0-PSG.edf,SC,N1,0.5110843426539705,0.12211380696328634,0.13950460343464907,0.10034610865470199,0.2126890580608733,180.72087912087915,20.01666505509219,10.734018219081428
SC4191E0-PSG.edf,SC,N1,0.5797144923611788,0.15960520824595412,0.08784191390798426,0.06422098885078445,0.16610174589630194,190.1025641025641,18.520534784193835,8.094530899852654
SC4191E0-PSG.edf,SC,N1,0.5974672601930745,0.2049119708082426,0.1025648758105519,0.04153877771544154,0.08305154389945436,68.63443223443224,7.010535771354944,7.471870718855265
SC4191E0-PSG.edf,SC,N1,0.5308665715246982,0.1456062758472468,0.10610711655471863,0.06786615606753768,0.205424428994087,254.2930402930403,20.743572578884486,11.227128226243112
SC4191E0-PSG.edf,SC,N1,0.41857924772839034,0.18120336778758492,0.16247611302664886,0.11785506367629316,0.21805822864746843,136.77509157509158,21.623981798731602,10.90407225427865
SC4191E0-PSG.edf,SC,N1,0.4943095098278519,0.1337377694627971,0.09420509309563616,0.09560102856691227,0.2682519178645694,175.78315018315018,19.918932959139564,11.066931822853489
SC4191E0-PSG.edf,SC,N1,0.5731956125505995,0.15797306911824296,0.10661936013286681,0.05907760638988116,0.14441896192959,126.40586080586081,14.604791599541842,7.386739815953118
SC4191E0-PSG.edf,SC,N1,0.2991180289951585,0.15396084127573983,0.1573801199837635,0.12483162442705194,0.38188469166710987,146.65054945054948,18.461659249605987,11.174061198131524
SC4191E0-PSG.edf,SC,N1,0.40972913634120517,0.20652113130014085,0.1333616137028767,0.08737395794057817,0.23961554786719225,199.97802197802199,19.613384975040617,8.015980001563099
SC4191E0-PSG.edf,SC,N1,0.5092765333845513,0.26268795220404,0.09832805257942615,0.055766233146284906,0.11864742512765315,194.54652014652015,16.65886175790779,8.362748575856529
SC4191E0-PSG.edf,SC,N1,0.5573424898981599,0.23723987536398244,0.07909317277109826,0.05950401590987597,0.11842567741142669,181.70842490842492,16.083839431818756,11.86740209656189
SC4191E0-PSG.edf,SC,N1,0.6665679481855381,0.14610129030669736,0.06568491404274276,0.05292977446871772,0.11192810597666694,268.6124542124542,28.04046541483225,11.983785745665879
SC4191E0-PSG.edf,SC,N1,0.5545780016888217,0.21942826067304072,0.10846910116680758,0.06914538843757559,0.10766888054988383,141.7128205128205,25.424618560580313,7.953958870050007
SC4191E0-PSG.edf,SC,N1,0.5503433646530551,0.21616793410041016,0.08505123127592981,0.052413064965246635,0.13222100520798558,110.11135531135531,19.982542572159357,6.7336117271218106
SC4191E0-PSG.edf,SC,N1,0.5496933782550785,0.21814871030684183,0.11099458888809331,0.0399723384735331,0.10493834497854003,127.3934065934066,17.58563301474476,7.93982603460259
SC4191E0-PSG.edf,SC,N1,0.5244304917912048,0.1863438079506449,0.11070640847378527,0.0759834043689643,0.1649728329504137,143.1941391941392,22.949417345623296,9.208179390181092
SC4191E0-PSG.edf,SC,N1,0.5099362438598735,0.20320209355681101,0.14694264093734846,0.03896037614708134,0.1280056409674881,108.13626373626374,16.643347501645433,6.544164227063827
SC4191E0-PSG.edf,SC,N1,0.5587906802893405,0.19720975957252726,0.08149721084998873,0.054618673437015534,0.13871278332384285,97.27326007326008,16.18069480015899,6.829931456719329
SC4191E0-PSG.edf,SC,N1,0.6404893269739187,0.14856694038161397,0.08366681497767862,0.04524064766184388,0.11949779582223197,158.5010989010989,25.606050703238942,8.585774278910147
SC4191E0-PSG.edf,SC,N1,0.20683603973952566,0.24859921853865197,0.12826496581555064,0.14806694152232724,0.40145089761094493,169.85787545787548,18.722428281017695,13.983102719751118
SC4191E0-PSG.edf,SC,N1,0.728454650810399,0.1664617235126777,0.048180350650624926,0.023714877845634696,0.042098964960485874,75.54725274725274,7.900791749696196,9.60264462429602
SC4191E0-PSG.edf,SC,N1,0.5262294456354402,0.20245249576340812,0.0864503215292859,0.08610143416409176,0.174518499310024,157.01978021978022,20.88725896540401,11.322109391642696
SC4191E0-PSG.edf,SC,N1,0.41424763354236044,0.08972494710408409,0.09957357518527142,0.11482753393878616,0.3880703471292569,499.6981684981685,65.15378628309973,22.782057201350295
SC4191E0-PSG.edf,SC,N1,0.6053261853316823,0.1221338006000545,0.08545767930600433,0.08434072690706783,0.1800973348275702,212.32234432234435,22.43850577064005,19.632516790476462
SC4191E0-PSG.edf,SC,N1,0.6349835362533202,0.1122296266308294,0.07821460240447468,0.06059175828955376,0.1699434617349363,291.32600732600736,29.51925236777097,14.589475940791738
SC4191E0-PSG.edf,SC,N1,0.5814527883301481,0.16827874858129344,0.11604611076135156,0.043948822427826606,0.1218660742450659,263.6747252747253,26.40130445892089,19.03002362613335
SC4191E0-PSG.edf,SC,N1,0.7768847714419639,0.0642648840280464,0.048912894091030466,0.03897218195297538,0.10490270973552789,244.91135531135532,29.654738958664062,17.22398329860799
SC4191E0-PSG.edf,SC,N1,0.45949327308932253,0.2360581735738067,0.1446814051544306,0.06647567801723349,0.1539843350467333,109.61758241758243,10.577866999743287,7.140861004058732
SC4191E0-PSG.edf,SC,N1,0.5739010422984236,0.23522373975927927,0.07268197086538074,0.04961286091741062,0.10763475676183339,76.53479853479854,7.535171369410573,7.804661082794303
SC4191E0-PSG.edf,SC,N1,0.5794476974278756,0.14368529961712462,0.1148149413495595,0.047714817538957406,0.15105981357275572,193.06520146520148,19.242972286584813,11.570698945170967
SC4191E0-PSG.edf,SC,N1,0.5312715613485526,0.14836308818778196,0.13394898098785415,0.07161085430231538,0.17875720656783387,133.31868131868134,16.52458745521696,12.315993088841418
SC4191E0-PSG.edf,SC,N1,0.651389554620686,0.20118108017559289,0.06145163690822502,0.03350283118095615,0.07619131457014486,69.12820512820514,7.269306132479235,7.97039238746787
SC4191E0-PSG.edf,SC,N1,0.6956087888356298,0.089341876726702,0.055826146698652115,0.053898773421894516,0.1505024290967492,154.05714285714288,21.474175192491753,13.08007750140432
SC4191E0-PSG.edf,SC,N1,0.5071336675528839,0.12369312330757329,0.10305618439988262,0.0977033474029671,0.25682775392384727,249.35531135531136,28.345786683087102,11.12895837961975
SC4191E0-PSG.edf,SC,N1,0.7903732252208693,0.0678947271977724,0.07017495477702781,0.04881834916136819,0.06608363138499622,339.22197802197803,29.929888933572713,15.892354656640892
SC4191E0-PSG.edf,SC,N1,0.37189424979175423,0.12409181966670099,0.13427901340881615,0.12221054371045825,0.36013003557998563,734.2402930402931,71.45633372209323,21.601763966361204
SC4191E0-PSG.edf,SC,N1,0.5366247550157005,0.15300899272738103,0.08338675633352965,0.049756028331712554,0.219060444042496,350.5787545787546,37.25331885613436,11.808679472013676
SC4191E0-PSG.edf,SC,N1,0.54026145452279,0.1652026356623916,0.09804146674731352,0.06665362111829652,0.19097008639251425,112.08644688644688,12.326963118876513,9.87417129807932
SC4191E0-PSG.edf,SC,N1,0.5688610255014849,0.16414045452849862,0.09759427407760869,0.05188646340430609,0.15725463634393128,124.43076923076924,16.049818115835404,7.348607892666788
SC4191E0-PSG.edf,SC,N1,0.5411384988111538,0.1583457975746986,0.09018372123609907,0.07691573262034927,0.19735733259724678,138.75018315018315,13.715164839060103,10.381165755101742
SC4191E0-PSG.edf,SC,N1,0.5621310483515564,0.2568672753652112,0.06920343296270547,0.04995333739923657,0.0952039726467967,79.00366300366301,7.587071410359912,8.023149147420597
SC4191E0-PSG.edf,SC,N2,0.6456901440823699,0.24775552264209824,0.035341641485050576,0.023506596446474723,0.051842932420917615,209.35970695970695,26.104930854360923,13.11787871318481
SC4191E0-PSG.edf,SC,N2,0.5252134361541387,0.25351251403383823,0.08240301153906769,0.062992313841821,0.13190205665074137,142.7003663003663,24.659700859863978,11.163257756190106
SC4191E0-PSG.edf,SC,N2,0.6421857203264375,0.14609610224985536,0.0627069116003443,0.05334906488078557,0.13749021176840934,522.9054945054945,62.97757042287777,11.606938550893814
SC4191E0-PSG.edf,SC,N2,0.37096409705704986,0.1487454699783538,0.14307967688066886,0.11211392301003688,0.330065150599587,344.6534798534799,35.447332968023424,16.204565412170467
SC4191E0-PSG.edf,SC,N2,0.8272439504184004,0.11079662314813453,0.019605713820246947,0.014093294087492828,0.033905835210277166,141.7128205128205,18.052678372297347,17.162348409042416
SC4191E0-PSG.edf,SC,N2,0.5938614424450057,0.170242704880951,0.11012319556954625,0.07749044630717823,0.11543400726113542,137.76263736263735,22.16009133640822,13.735146786657536
SC4191E0-PSG.edf,SC,N2,0.7227318095042671,0.14699944415453892,0.04828108454064856,0.03560338044914649,0.065762246269568,134.3062271062271,18.84620035080302,9.884007556025644
SC4191E0-PSG.edf,SC,N2,0.6502035044153809,0.19719857274071242,0.046528783664641894,0.031156836918200623,0.09844183946559402,246.39267399267402,31.076241101296098,12.157399180350945
SC4191E0-PSG.edf,SC,N2,0.8289940011226125,0.11789276085878227,0.023327950725119017,0.011946461161696348,0.02136598498171346,163.93260073260075,27.493389926391853,18.155827768937133
SC4191E0-PSG.edf,SC,N2,0.811224551531541,0.11969549858329226,0.032830592018202064,0.02473536250820402,0.026017195128072733,136.28131868131868,21.406791411177345,17.017845531296793
SC4191E0-PSG.edf,SC,N2,0.8008443141391282,0.12960933006520592,0.025787088234713856,0.027894072065862384,0.03726830993800598,113.07399267399268,18.042614200364675,17.479144536603265
SC4191E0-PSG.edf,SC,N2,0.6471799131276623,0.18047597131495777,0.06602107447629062,0.07863531562334432,0.09201040828776937,228.61684981684982,29.971079064769437,15.018928645039022
SC4191E0-PSG.edf,SC,N2,0.7452967663695396,0.16203976223038843,0.03141989767109329,0.024763550694036247,0.04763038907704554,124.43076923076924,18.52958921374989,13.295662732042544
SC4191E0-PSG.edf,SC,N2,0.6961928026927394,0.11403756964250654,0.04840227154450019,0.11955398550591596,0.12607991042728034,128.38095238095238,16.37316849302409,13.330043570319335
SC4191E0-PSG.edf,SC,N2,0.6499202699195125,0.18506652741866822,0.05699955967993545,0.07230771887456099,0.09525097680563484,90.85421245421246,14.75485542340778,15.006760270380642
SC4191E0-PSG.edf,SC,N2,0.7269573645838264,0.13824710153636233,0.049474000769521805,0.0673578871923338,0.0764211641689273,100.23589743589744,15.571474045866337,14.304368124169958
SC4191E0-PSG.edf,SC,N2,0.7577963929925058,0.13802744209484935,0.03650301414839455,0.05580289011465064,0.060578717461151295,147.63809523809525,19.10424914839746,13.846185954045945
SC4191E0-PSG.edf,SC,N2,0.6558841271736848,0.15232826058616747,0.06212769715988085,0.13574720895912765,0.11986354505817247,184.67106227106228,27.195006175954077,15.472755757710964
SC4191E0-PSG.edf,SC,N2,0.5886133779654055,0.13901462293768263,0.11187019055579037,0.1376867044292787,0.14296270712650838,160.96996336996338,20.478671356685233,15.833468562385482
SC4191E0-PSG.edf,SC,N2,0.755010433830229,0.0919689287455357,0.040969053108565245,0.09699922728122556,0.1033415400316679,157.01978021978022,19.431352309116523,13.21607206097062
SC4191E0-PSG.edf,SC,N2,0.6001022953402863,0.10176655551268474,0.11512843905012683,0.24238273156548787,0.1682393636722832,124.43076923076924,16.579597119864005,16.424617468677106
SC4191E0-PSG.edf,SC,N2,0.6729542497576043,0.18504025182503225,0.06451369958633353,0.05340762058312861,0.05602502281463861,147.14432234432235,23.85253717080967,15.190112235427474
SC4191E0-PSG.edf,SC,N2,0.720856794118581,0.12824456878973092,0.04974531380716015,0.09913368839914292,0.09099652269497624,121.96190476190476,17.367848279871684,15.610248638402824
SC4191E0-PSG.edf,SC,N2,0.6863842599657883,0.11097728339715932,0.08476766625917252,0.15158584681932655,0.10256035874507047,142.7003663003663,21.445198190421777,15.256589781601273
SC4191E0-PSG.edf,SC,N2,0.7066406736083832,0.10012196592204382,0.10470105583356931,0.1469186596993398,0.07538894771228967,131.83736263736265,17.589575015845313,16.748861906811552
SC4191E0-PSG.edf,SC,N2,0.7335813882242511,0.13782709831902293,0.06248828915791986,0.07796290665842259,0.0553087868609307,124.92454212454213,17.293123218133143,18.061350072241108
SC4191E0-PSG.edf,SC,N2,0.7035097168641771,0.15227951450168659,0.07056195320776872,0.09168858935160454,0.05889545172036833,114.06153846153846,15.043185540306565,16.085998338416523
SC4191E0-PSG.edf,SC,N2,0.7192196529479016,0.11904210704568881,0.10120956250746498,0.12808801257989386,0.04759271112866203,110.60512820512821,13.708985971540667,16.574040273511574
SC4191E0-PSG.edf,SC,N2,0.7157612567049583,0.13345341333313587,0.0800436604530744,0.0873012719979587,0.05473216580768186,107.14871794871796,14.27107007864531,17.435784864168713
SC4191E0-PSG.edf,SC,N2,0.7819249944227182,0.08490042192966926,0.07913669261372225,0.08970467310573318,0.04165102049900054,122.94945054945055,15.84043273967551,19.059479311824344
SC4191E0-PSG.edf,SC,N2,0.7814742625717762,0.11396684468696543,0.062284909999991034,0.059064816776083544,0.034748378447265256,124.43076923076923,15.346172036393776,17.4614499075022
SC4191E0-PSG.edf,SC,N2,0.7618896350167222,0.1177065244829546,0.06298213978047386,0.07462537363906148,0.043389456486506675,113.56776556776558,15.594897015322097,17.38645305895192
SC4191E0-PSG.edf,SC,N2,0.7231599362436057,0.1203516488676253,0.08731725935641707,0.11024615126729545,0.05158350149613295,109.61758241758241,14.544121387781685,18.59465718302984
SC4191E0-PSG.edf,SC,N2,0.8224698346789243,0.09768520574818938,0.043543186954112814,0.04568985058525503,0.027302206064199728,119.98681318681321,16.91822637647869,21.514157268249274
SC4191E0-PSG.edf,SC,N2,0.800390695088016,0.09805341260738588,0.057122041135248686,0.06427578375088178,0.03430572692092677,155.04468864468865,17.067443596079716,22.13911594606244
SC4191E0-PSG.edf,SC,N2,0.8170799343762073,0.10558547818216005,0.041374918368365626,0.03607104019302991,0.026687516907813073,107.64249084249084,15.867329425555388,18.279794883625875
SC4191E0-PSG.edf,SC,N2,0.8089273763001013,0.10090336369594398,0.05518547877953469,0.04997373769401379,0.021743876194634686,139.73772893772895,18.542686923525697,19.23804005442298
SC4191E0-PSG.edf,SC,N2,0.8212980348726151,0.0779088494460032,0.062390492295416315,0.06780401831385212,0.02875973424385386,155.04468864468865,20.105581220101037,21.466484911307848
SC4191E0-PSG.edf,SC,N2,0.8427867553700645,0.0883790665106613,0.047731517546488106,0.029262076017985937,0.016661691140044035,161.95750915750915,23.60291558553281,20.89332903723619
SC4191E0-PSG.edf,SC,N2,0.8222645660867439,0.10115186793305135,0.031270687276320645,0.04520113398360831,0.040986232850444566,111.59267399267401,15.340570070503723,18.545969293394997
SC4191E0-PSG.edf,SC,N2,0.8138171722174836,0.08016295883562866,0.06125447241985402,0.06884999802283714,0.031020273969972735,108.13626373626374,15.651574938155278,20.526447689458916
SC4191E0-PSG.edf,SC,N2,0.7648559080177827,0.1029653104384767,0.08258053959634641,0.09034931623134435,0.043772665860225726,139.24395604395605,19.072634782949656,18.944774975598136
SC4191E0-PSG.edf,SC,N2,0.820916499483112,0.10052909629407229,0.039455539688957264,0.047334040191375604,0.030291102103560792,122.45567765567765,17.28710404328315,20.766600954966748
SC4191E0-PSG.edf,SC,N2,0.7721165741091182,0.09869520491559508,0.08006075163741459,0.08761762738212757,0.034316011705626655,146.15677655677655,20.394049362550277,20.367697991202895
SC4191E0-PSG.edf,SC,N2,0.8645204293515958,0.06572993982001002,0.04821672817533482,0.02828432678898858,0.014659705433722825,117.51794871794871,18.95038688642289,19.56649338177487
SC4191E0-PSG.edf,SC,N2,0.8246528052648396,0.056003583972081675,0.0391330578883212,0.03223832981805945,0.07736035933436385,133.8124542124542,18.76487160525427,19.99667663526663
SC4191E0-PSG.edf,SC,N2,0.8536910774455605,0.08431702709125623,0.02844939923395722,0.0282291098131604,0.02633605921567684,141.71282051282054,26.740024681738504,21.177402855158068
SC4191E0-PSG.edf,SC,N2,0.8502529651413415,0.07772296072924634,0.04216183900727251,0.04320807886246875,0.02212681350715122,138.75018315018315,16.575835124477287,19.442477333296488
SC4191E0-PSG.edf,SC,N2,0.8479150224388072,0.07613929410789959,0.02889522038933773,0.027532995159775378,0.04162088380473442,287.86959706959703,40.19016888424432,26.045521262768535
SC4191E0-PSG.edf,SC,N2,0.7792536701928136,0.10174133537445715,0.04839472716824189,0.07972873128523589,0.06006882112156455,158.9948717948718,21.41040358503257,17.35675797608324
SC4191E0-PSG.edf,SC,N3,0.859435533059502,0.0679431163338134,0.04321760157184251,0.0405232917359563,0.0212714210655819,113.56776556776558,16.92796477738061,21.62394567630517
SC4191E0-PSG.edf,SC,N3,0.8510166238570165,0.08611994349150064,0.030871170067477624,0.03314383571147464,0.024669975462959483,145.16923076923078,18.78323669169901,21.05981813848633
SC4191E0-PSG.edf,SC,N3,0.8317596756246486,0.08035489274512965,0.03428410618781366,0.051702121417976865,0.03952216766773717,139.73772893772895,20.172297831920627,20.738373545992314
SC4191E0-PSG.edf,SC,N3,0.8087690793469179,0.09848550916393435,0.051593309557261526,0.049285134630852795,0.02941992760373356,127.88717948717948,16.077381332064366,21.132741113463478
SC4191E0-PSG.edf,SC,N3,0.8432795497601392,0.08232808802369784,0.03881039523202524,0.043221492697657904,0.021898319435177786,127.8871794871795,17.08664647594657,23.781705121533484
SC4191E0-PSG.edf,SC,N3,0.8764420832724086,0.05237986054581482,0.04329057717999737,0.04107357084917782,0.02037064397785021,126.89963369963371,18.998779298873945,21.7470956728884
SC4191E0-PSG.edf,SC,N3,0.8779089018480316,0.07010627141997755,0.031210163402122584,0.030647029193153187,0.013972608802160148,103.69230769230771,17.22814567712684,21.941232700694105
SC4191E0-PSG.edf,SC,N3,0.8632978217488757,0.0702126121103155,0.04172850330691805,0.03959563200919201,0.019142329302328898,114.55531135531136,18.094814139111513,21.260974235124124
SC4191E0-PSG.edf,SC,N3,0.881699996159837,0.06593079263685889,0.03037525498759653,0.0265638289226706,0.014604425076608944,135.29377289377288,17.46850256322729,21.165020650889822
SC4191E0-PSG.edf,SC,N3,0.8717487781590493,0.07533291575497898,0.0338791931553074,0.022671398261927732,0.012915617374483372,164.42637362637362,18.662744457631412,23.40615563715275
SC4191E0-PSG.edf,SC,N3,0.8381459509671113,0.08703571075973712,0.047170836375226156,0.04152374946160494,0.019693018581529897,152.08205128205128,17.740441050539797,22.36031268746375
SC4191E0-PSG.edf,SC,N3,0.8466172118542213,0.07378216642483351,0.053492443628612385,0.038804726122771506,0.018665823019004015,147.63809523809525,18.754496030083118,23.450037407172836
SC4191E0-PSG.edf,SC,N3,0.8599141309525953,0.06446507548576476,0.03766637132655691,0.04060867749503595,0.03130300097140188,117.51794871794873,16.609882042558286,24.157290836849477
SC4191E0-PSG.edf,SC,N3,0.8721658585168847,0.08444371746007111,0.026041419259161726,0.018414216389097047,0.01058658128412608,154.55091575091575,20.37404977863807,24.774501509682864
SC4191E0-PSG.edf,SC,N3,0.8961591710718025,0.06136490729572677,0.028230297656990117,0.016403939455081368,0.010822505439490522,128.38095238095238,15.977792980550046,20.843832628890006
SC4191E0-PSG.edf,SC,N3,0.8938416132570598,0.06783286451801612,0.025531659001361152,0.01749111924973559,0.008799774524838449,135.29377289377288,22.178438190209643,25.078007675536472
SC4191E0-PSG.edf,SC,N3,0.8483115071921892,0.09080389822824098,0.038205829274294514,0.033648209519934025,0.01610108778039511,123.93699633699634,17.673115511290874,21.168406827967676
SC4191E0-PSG.edf,SC,N3,0.9092028200228937,0.06265295237152325,0.015029049215504646,0.013281800630755715,0.008755526114753618,118.99926739926741,18.684051654511343,26.03341430400037
SC4191E0-PSG.edf,SC,N3,0.9112591168517903,0.0475140759968371,0.025961788747108187,0.022369441248022957,0.010853615671014255,122.45567765567768,15.732338962497856,25.853834929776507
SC4191E0-PSG.edf,SC,N3,0.8913901615352239,0.06815016436785906,0.022241838411537623,0.017689454321053164,0.012800708559984398,136.77509157509158,17.529490486226983,25.931902564088137
SC4191E0-PSG.edf,SC,N3,0.866112890782324,0.07243930699459794,0.03822591024599844,0.026829740709350236,0.018216951343082582,162.45128205128208,20.757079245419142,25.22132581130065
SC4191E0-PSG.edf,SC,N3,0.8854386756243828,0.058318093447876175,0.03954427730076201,0.03483938520631679,0.01206715836767636,114.06153846153848,17.67123521705837,24.153783278862335
SC4191E0-PSG.edf,SC,N3,0.8712561964294031,0.07334596247616551,0.03277584938315858,0.028486872065532257,0.013975671740267604,152.08205128205128,20.444585153463322,25.499090247656035
SC4191E0-PSG.edf,SC,N3,0.8430799563449223,0.0962129669294408,0.03406927910441731,0.03162023174665948,0.01870520993141945,152.08205128205128,18.372214350688647,22.19189209577346
SC4191E0-PSG.edf,SC,N3,0.9023431781531421,0.058655000960318185,0.02552196404763288,0.0191618976594423,0.01046168240203512,168.87032967032968,26.503136433751855,27.950096525227732
SC4191E0-PSG.edf,SC,N3,0.942040552381201,0.03634575385490032,0.011641697456677392,0.008601478677315748,0.006920623083329837,115.04908424908425,17.132819812964204,25.24823660947129
SC4191E0-PSG.edf,SC,N3,0.8838344792457293,0.06555454993874782,0.03453557724535834,0.026280074546424677,0.00981451996115797,108.13626373626374,17.695008483555807,23.23493249977458
SC4191E0-PSG.edf,SC,N3,0.8262211204634318,0.08980176629538668,0.0546830063705256,0.05451102122918207,0.021852829036806774,120.48058608058608,16.317105928916344,21.459403930649273
SC4191E0-PSG.edf,SC,N3,0.8733646506045804,0.07613353911042235,0.03258833019272906,0.028004667915330697,0.013552883498436925,135.7875457875458,18.20891428549418,22.164721441646606
SC4191E0-PSG.edf,SC,N3,0.9268943454571426,0.046460599991987296,0.016647480000537358,0.014798884785436336,0.0068386057554635235,125.41831501831503,19.253308231063173,26.531074898346535
SC4191E0-PSG.edf,SC,N3,0.8906693294364978,0.05960011472717109,0.0319744529931774,0.026957450057394958,0.011932336847267024,129.86227106227108,17.707074656675015,22.585275445252876
SC4191E0-PSG.edf,SC,N3,0.8929318156717936,0.06192500784224122,0.028402325727373494,0.01958045656588087,0.008706724779131725,138.75018315018315,20.4202126780071,25.633174376080852
SC4191E0-PSG.edf,SC,N3,0.8596318242774115,0.09478534120917932,0.026673467236478007,0.020120005270832658,0.011900606322260983,129.86227106227108,19.044249400921114,23.606156233622624
SC4191E0-PSG.edf,SC,N3,0.8840611130013653,0.07773774138245156,0.02423054874589369,0.01616312465734034,0.008440250808025058,137.26886446886448,17.239328782053086,24.393108022564363
SC4191E0-PSG.edf,SC,N3,0.8951804000431896,0.06281720978079759,0.03127725996093621,0.018564278531442442,0.0071013775278615365,121.96190476190478,18.19786500334925,26.527732371664587
SC4191E0-PSG.edf,SC,N3,0.8376689118333379,0.09181248092941245,0.04375085107933133,0.036951956183725244,0.019910694960427713,151.5882783882784,20.42251286001795,26.211061591759755
SC4191E0-PSG.edf,SC,N3,0.8856178733906168,0.06692546548329874,0.033580111123303606,0.027174980740868396,0.00985840679030103,151.58827838827838,19.669250243188685,25.91928833015114
SC4191E0-PSG.edf,SC,N3,0.8642611690874077,0.07706743689219353,0.03424560618264089,0.027237858082949266,0.0180183474761043,156.03223443223442,18.372161887215146,23.476035461570632
SC4191E0-PSG.edf,SC,N3,0.8441183050576248,0.10288591644506324,0.030484664006908947,0.02730031808510263,0.015862523895958214,149.61318681318681,23.275942137701854,23.999654769094498
SC4191E0-PSG.edf,SC,N3,0.8898141714773248,0.06936036940879906,0.025626765733934617,0.015281177052248556,0.010567202386819534,126.40586080586081,18.482323978743604,21.877156375397153
SC4191E0-PSG.edf,SC,N3,0.9021405333349554,0.06887391369733045,0.016174975782590487,0.010692669807623062,0.008089798391502794,140.72527472527474,19.525590875087996,26.186987779731414
SC4191E0-PSG.edf,SC,N3,0.8947764019766205,0.06046311895725466,0.027869556983066562,0.026553823558595452,0.011457929709862617,130.84981684981688,19.70480107938546,25.235629367492365
SC4191E0-PSG.edf,SC,N3,0.8781781212470735,0.06128390904068647,0.03646881795003128,0.03577336703553188,0.017913688679162394,140.72527472527474,17.998336763955564,23.315838616770623
SC4191E0-PSG.edf,SC,N3,0.8589614385994152,0.08037258464952222,0.038024254788507565,0.03490186456881824,0.016541588002920507,137.76263736263738,18.253028962836364,24.246343257206487
SC4191E0-PSG.edf,SC,N3,0.9055623528524503,0.04748949596618424,0.033919747048401054,0.02878200998845414,0.008309503212300121,122.94945054945056,16.946849253124316,28.683396997559687
SC4191E0-PSG.edf,SC,N3,0.8556573426579438,0.0857540311193071,0.034241506500990476,0.026662693870829954,0.016748086879855795,136.28131868131868,18.472026902986666,23.41955331782323
SC4191E0-PSG.edf,SC,N3,0.8590413825387808,0.08675282463258807,0.03456105548040183,0.02973104117941984,0.011884543946085655,152.08205128205128,19.497900800835158,23.722003097567196
SC4191E0-PSG.edf,SC,N3,0.9039683791112708,0.06320780609319379,0.0178475499613428,0.015013348881824677,0.010235810144493367,130.35604395604398,18.140463390622617,24.93484273595877
SC4191E0-PSG.edf,SC,N3,0.9172834539303448,0.04226878636180685,0.02344108102158277,0.020407894393509585,0.010210195796361768,124.43076923076923,20.768649829752825,26.56397829677945
SC4191E0-PSG.edf,SC,N3,0.8838128180677433,0.06736000486004275,0.02900367599563102,0.023003399417083237,0.013828333715869253,135.29377289377288,19.116299266308797,23.970931091477716
SC4191E0-PSG.edf,SC,REM,0.7377671852923985,0.15848106225971423,0.051476476731330136,0.026570090796434843,0.04510715468600212,224.1728937728938,25.713190167328516,15.490416625820027
SC4191E0-PSG.edf,SC,REM,0.6670028971036758,0.22735672194399353,0.042004453926753595,0.024561730507703123,0.050575186085609555,97.76703296703297,11.338826230241112,10.607221928276987
SC4191E0-PSG.edf,SC,REM,0.6632971789619272,0.2093629511312127,0.05568617230974729,0.039971198983623724,0.046599197499336185,168.37655677655678,17.91710381361452,11.348749998893874
SC4191E0-PSG.edf,SC,REM,0.67644365347037,0.2146921182898468,0.04448333597228739,0.025534753575072767,0.04762047670496371,202.94065934065935,25.854022576309685,11.787982014720289
SC4191E0-PSG.edf,SC,REM,0.7868769467949507,0.13007662155908772,0.03877040159050735,0.02214556422164576,0.03536424156697917,286.8820512820513,42.91524241559285,18.257576191297
SC4191E0-PSG.edf,SC,REM,0.621577359245824,0.2452497579763237,0.04808440885869685,0.03677526309503815,0.0761540966552915,142.70036630036628,13.501711006289456,12.716461717544401
SC4191E0-PSG.edf,SC,REM,0.48715776895348006,0.28481051013387754,0.10660286174152844,0.05419082837223287,0.1042807697659297,182.20219780219782,17.661915571304977,11.703475826529798
SC4191E0-PSG.edf,SC,REM,0.7866742645034497,0.13873038880745656,0.03084636745764399,0.017962107270358053,0.03349243577347115,342.1846153846154,34.38120228379511,17.91860032119493
SC4191E0-PSG.edf,SC,REM,0.6527716489647891,0.20736483916677495,0.05675205950045818,0.03478136419648169,0.074126437578718,323.9150183150183,31.555567451400858,12.218779218073607
SC4191E0-PSG.edf,SC,REM,0.6045170765499367,0.25327759407761996,0.059946644588802216,0.026883229422232792,0.07400301580611483,252.31794871794872,26.187130179385676,11.271654615551828
SC4191E0-PSG.edf,SC,REM,0.7049396669058985,0.1772228615798034,0.040217073573300816,0.03352468080752702,0.06220639878082525,196.02783882783882,23.852862983990825,13.747025809073616
SC4191E0-PSG.edf,SC,REM,0.7337427853913479,0.16480579255265126,0.04094385326563036,0.029443121237150635,0.05228488672159169,466.12161172161177,60.04761426274853,17.32507767666243
SC4191E0-PSG.edf,SC,REM,0.5538534983413665,0.2049920637654363,0.09827136486735998,0.06593013191560639,0.1307939572374818,164.92014652014655,23.01110656577743,11.23229283834627
SC4191E0-PSG.edf,SC,REM,0.6501571415610258,0.22053034159494633,0.071946274881765,0.031123266149789774,0.04980142410597786,130.35604395604395,19.317589171069717,14.289213002825235
SC4191E0-PSG.edf,SC,REM,0.6484669954352789,0.17220498979343535,0.06908801479387118,0.043227153060185756,0.10245283980112756,151.0945054945055,16.43838084192556,13.053525626061077
SC4191E0-PSG.edf,SC,REM,0.6826217028300416,0.20288453397294887,0.06573149815322722,0.025766344352272073,0.04306103021442225,171.83296703296702,19.793932114230664,12.638313478116396
SC4191E0-PSG.edf,SC,REM,0.6323270663251973,0.20521486091949562,0.07198978580479613,0.045925782252509886,0.07327478134701614,215.2849816849817,31.29185052944827,10.411860383857885
SC4191E0-PSG.edf,SC,REM,0.726231665508951,0.15292779715002564,0.047513988270653965,0.03299097583345153,0.06250193300040152,489.82271062271064,71.46130918002268,16.39225774085875
SC4191E0-PSG.edf,SC,REM,0.6152221054798289,0.19096566116465483,0.09075047804372201,0.04437119242757724,0.09563790720637541,237.99853479853482,30.39319708465512,10.068989566566865
SC4191E0-PSG.edf,SC,REM,0.7262217908893938,0.1692704751683905,0.04298724448905408,0.023994449405966744,0.04725301286447258,237.99853479853482,26.38743216041373,11.131576773146781
SC4191E0-PSG.edf,SC,REM,0.834341523625563,0.10370646673043572,0.02208360493640596,0.013329739834998395,0.029074324750855054,400.94358974358977,38.86887471463012,15.542977843178102
SC4191E0-PSG.edf,SC,REM,0.7768532195158273,0.14338220922337855,0.036010800910409924,0.01742658168828162,0.03648153833088832,297.74505494505496,41.02390124626925,15.189814268984831
SC4191E0-PSG.edf,SC,REM,0.7728262892805686,0.13133909611367647,0.04059790053772748,0.0245761969094213,0.052000783573806025,534.2622710622711,60.47457851795898,13.40895848229525
SC4191E0-PSG.edf,SC,REM,0.7603084168161973,0.15455057516964793,0.030010957991103798,0.02057238561653206,0.046281161847387634,350.0849816849817,47.386254069890086,19.945969990056263
SC4191E0-PSG.edf,SC,REM,0.7966694277008259,0.12114269398393583,0.03279801710991253,0.019916033059640927,0.040595571902418984,410.32527472527477,56.81742424484509,19.832045743866953
SC4191E0-PSG.edf,SC,REM,0.807294201726052,0.11181550282115223,0.034111005322225864,0.0184893301695777,0.03599964359581843,263.6747252747253,37.9122009885301,15.65013161499064
SC4191E0-PSG.edf,SC,REM,0.676098246353421,0.16473321740611263,0.06353425650147596,0.04730721952898808,0.07908190093337059,142.2065934065934,15.938931084518043,9.800685171602389
SC4191E0-PSG.edf,SC,REM,0.6604997872685737,0.2309073100331584,0.03998419021486629,0.024278606049818977,0.05738139614198764,296.2637362637363,29.955717026091403,12.376047039439301
SC4191E0-PSG.edf,SC,REM,0.5639143260908376,0.24035673623833476,0.08752274459833494,0.05106001307093485,0.09344446631885618,243.92380952380955,26.175899232009925,9.927263021760321
SC4191E0-PSG.edf,SC,REM,0.808922495414267,0.11918712139130387,0.026552804558934974,0.018589946500301675,0.038442382641721895,506.610989010989,59.11337798679676,15.901595912032692
SC4191E0-PSG.edf,SC,REM,0.7948032581799652,0.11207668011784336,0.03737934730187743,0.026633098535248857,0.0516075894474843,391.56190476190477,44.916472459124094,14.084281989985968
SC4191E0-PSG.edf,SC,REM,0.7296778892512699,0.13303955899805578,0.05887901112985485,0.04322977302051492,0.06951348482614428,472.5406593406593,48.75936265083694,15.012403532260196
SC4191E0-PSG.edf,SC,REM,0.8757403055137447,0.07169991274313704,0.01998723499490807,0.011818845121082316,0.027179214692291787,355.02271062271063,49.41439366126584,25.37471209138998
SC4191E0-PSG.edf,SC,REM,0.8075236001346053,0.1104106699225448,0.029828449265666197,0.018512876496856887,0.043042178381352034,379.7113553113553,51.480164220814494,21.625133640569953
SC4191E0-PSG.edf,SC,REM,0.6100160601665934,0.16548678268210604,0.09000193163654648,0.041899695857732205,0.12273233354817444,246.8864468864469,26.484530722893723,10.887902776572666
SC4191E0-PSG.edf,SC,REM,0.8277062055137723,0.09752879899995831,0.032163324566464264,0.017218735392080162,0.03727824289883899,418.22564102564104,60.44823268916807,17.895854686825146
SC4191E0-PSG.edf,SC,REM,0.7678042435176186,0.13586769507155438,0.03232997885974107,0.018240755224534586,0.053867281944315504,499.6981684981685,62.116750426038,14.042251956259463
SC4191E0-PSG.edf,SC,REM,0.6599824809782401,0.1334667742100863,0.09163359756138059,0.03882859046407263,0.10558913388848706,286.3882783882784,39.001075153634524,12.579158018095844
SC4191E0-PSG.edf,SC,REM,0.8819742516592601,0.06358962185603782,0.02511116134801746,0.01369935573049591,0.02383051078146025,402.42490842490844,49.01582728448421,23.307000413012847
SC4191E0-PSG.edf,SC,REM,0.8301705814793822,0.10166529738463484,0.026231812825125194,0.01414685123574978,0.031755002326163004,471.05934065934065,55.61861264592881,20.816660627266373
SC4191E0-PSG.edf,SC,REM,0.6319796117407296,0.15125526511410073,0.08625065936366755,0.03866011742223756,0.11869286905361481,288.36336996337,32.93786615237809,9.155279021162386
SC4191E0-PSG.edf,SC,REM,0.8623460659106041,0.08246957264427045,0.023437094874239638,0.015690440408379434,0.028754146905523397,425.13846153846157,54.66773548726457,18.92923536225133
SC4191E0-PSG.edf,SC,REM,0.510405567992928,0.11830166136889844,0.10488831142116246,0.05994617741478338,0.2546254478779736,460.6901098901099,53.94059351099703,18.268485466244808
SC4191E0-PSG.edf,SC,REM,0.8645378030137035,0.0831226512247972,0.021980984530048348,0.013668521032298658,0.025227900870829923,409.83150183150184,47.964440024122204,16.685559326958238
SC4191E0-PSG.edf,SC,REM,0.5881954154238548,0.26820125466688033,0.07156927624631322,0.03296213476176619,0.06014746694053298,133.8124542124542,18.778064596418712,9.89719606426414
SC4191E0-PSG.edf,SC,REM,0.6984878824561953,0.18613142932067855,0.046766719096301035,0.03346751745804853,0.054118925112547,337.2468864468865,43.60611264812225,11.790282477582108
SC4191E0-PSG.edf,SC,REM,0.8144147425238052,0.11762209059870404,0.029906957191493857,0.018357843405034102,0.031185702449494805,418.7194139194139,52.937473150387746,18.838901993953304
SC4191E0-PSG.edf,SC,REM,0.8348279852504218,0.10682252057629683,0.022556095458067825,0.012081314891510599,0.029132721931206217,662.1494505494506,80.46803259663193,19.38703322061923
SC4191E0-PSG.edf,SC,REM,0.8583013078041091,0.08525654470010356,0.023040667265819475,0.015963374078709482,0.028135799209337578,345.14725274725276,41.30554693983187,21.592687342065165
SC4191E0-PSG.edf,SC,REM,0.710528364722064,0.17888177016602244,0.04917625930874752,0.0273130360393132,0.04752604286970856,498.21684981684984,52.041267732284155,16.38648927109677
ST7011J0-PSG.edf,ST,Wake,0.2074282696143912,0.17426895982921664,0.13249941185014424,0.12086717237742409,0.4750580493615096,5625.343343709943,146.2597930154986,67.65106975828515
ST7011J0-PSG.edf,ST,Wake,0.9050979187051104,0.03693342300463774,0.013235123550705356,0.014104275090751487,0.04209126470187512,929.8663248489288,122.98821720175174,166.4975524343737
ST7011J0-PSG.edf,ST,Wake,0.9331295391282329,0.025016536205250215,0.021936909467579424,0.008916869008644746,0.01663942748897774,648.2329243728254,95.62161721609802,53.69745203145097
ST7011J0-PSG.edf,ST,Wake,0.4930062848650673,0.12093810990742512,0.20023260340075755,0.06702624354907036,0.17038156756856446,668.0095220655558,120.61014019626528,35.129102935803445
ST7011J0-PSG.edf,ST,Wake,0.6080795536958782,0.10498475745056932,0.17424961092504482,0.0544134664727402,0.10435635236276049,321.18659586156383,46.32002923617012,51.21935412018435
ST7011J0-PSG.edf,ST,Wake,0.43906117490743174,0.1252615151577393,0.23629493996672823,0.11741840140107013,0.18648675411674537,78.00769089910273,12.447046949556007,10.72503475794839
ST7011J0-PSG.edf,ST,Wake,0.5158139285862076,0.11594546136420364,0.19886510507357247,0.06725410542951539,0.15573105398209042,98.15052188243911,16.688602493158804,11.21259191711891
ST7011J0-PSG.edf,ST,Wake,0.407130939564412,0.1315892035229802,0.2447671633302429,0.09978599168953477,0.20691366143436946,83.86742354880059,13.602795963532065,14.554246328766517
ST7011J0-PSG.edf,ST,Wake,0.8711788257750475,0.04993813053864806,0.0338912996146089,0.0165141758885539,0.03893616481651719,337.66709393883906,47.20698074917993,30.685936155293756
ST7011J0-PSG.edf,ST,Wake,0.661066599040771,0.09629696763265641,0.10711955825948627,0.061621041888789786,0.1287410801510786,117.56088628456327,16.768172755597174,12.041865504112351
ST7011J0-PSG.edf,ST,Wake,0.8995533763246253,0.03779177559338141,0.026998178113856228,0.016098091458362225,0.03353498459575949,727.3393151437465,83.17957586822658,31.458285445667634
ST7011J0-PSG.edf,ST,Wake,0.6483004445162158,0.1354617945700882,0.08856278127307986,0.050868514698699845,0.1125685600603082,182.75041201245193,23.895540569865794,19.4001556417967
ST7011J0-PSG.edf,ST,Wake,0.6589631053190096,0.10983191651749157,0.09610796795476738,0.052466429704789104,0.12236846598533409,409.44881889763775,34.51865353295359,16.851548111552532
ST7011J0-PSG.edf,ST,Wake,0.5485320072826203,0.13326317855715264,0.14362311144514425,0.07578470958480449,0.1658949687560047,99.9816883354697,15.802182235379371,11.658099707388999
ST7011J0-PSG.edf,ST,Wake,0.47714388545871667,0.1307403535158552,0.14671271800030997,0.09307864153323502,0.23493594490913045,152.71928218275042,25.916379663249828,12.107309213546557
ST7011J0-PSG.edf,ST,Wake,0.7843513503959025,0.05110529855020637,0.06080755707664011,0.03469416685765145,0.10018611056240918,515.6564731734114,61.166368438229966,22.188484705271534
ST7011J0-PSG.edf,ST,Wake,0.40385200872612037,0.17533326098514784,0.19045941441229217,0.11783568415761247,0.21812496925961078,127.81541842153452,17.305862708403083,8.976807509937974
ST7011J0-PSG.edf,ST,Wake,0.6290398603593508,0.0907360338345989,0.11599279863355416,0.06154336597844494,0.1571477182339627,127.4491851309284,19.560722120431763,13.613108811639776
ST7011J0-PSG.edf,ST,Wake,0.3871349078070702,0.14902481736099615,0.16519712681911633,0.10654128785758099,0.2866103173504766,135.87255081486907,22.140963824820165,11.422828386519292
ST7011J0-PSG.edf,ST,Wake,0.544783573888004,0.13590207523025694,0.13416028925565446,0.07708848796458757,0.17592452069378284,194.10364402124154,38.801606716955774,13.472562420196148
ST7011J0-PSG.edf,ST,Wake,0.7635734197632319,0.06846286799655639,0.06316336445856545,0.04703026050639567,0.09983351110923817,159.6777147042666,22.541386145239258,11.748982137835068
ST7011J0-PSG.edf,ST,Wake,0.8224180520863431,0.054143539162837824,0.04168208650436401,0.03042893882651953,0.07825478117002604,160.41018128547884,23.67043651044978,15.35374694261543
ST7011J0-PSG.edf,ST,Wake,0.6213852767865656,0.09154708872606213,0.1008530614916227,0.06889510132379403,0.17606899839620863,193.3711774400293,24.510618979193836,13.539496667981236
ST7011J0-PSG.edf,ST,Wake,0.7815169814949221,0.07492163246880855,0.06564905959257111,0.03159623908788112,0.07430749908842445,190.80754440578647,29.81840315275659,14.13583915582199
ST7011J0-PSG.edf,ST,Wake,0.6252622479219069,0.09664651020386834,0.11387219398095809,0.05711250466237361,0.15755684197956132,168.1010803882073,26.22088406800674,17.349290864176776
ST7011J0-PSG.edf,ST,Wake,0.3960709011207851,0.1490621129170223,0.19993680442200273,0.12115238932048164,0.2419042257875123,83.50119025819447,13.27906103363022,8.944164335898872
ST7011J0-PSG.edf,ST,Wake,0.7201975921547622,0.07202369708385484,0.07460636274598138,0.04633097349610756,0.12652202546067243,107.67258743819814,15.487086272321292,11.81375969177047
ST7011J0-PSG.edf,ST,Wake,0.47799941937086504,0.150974939022277,0.14081794574093667,0.07582332361847517,0.21967592135156447,224.86724043215526,37.01030264205638,10.198704099964836
ST7011J0-PSG.edf,ST,Wake,0.6075199688470703,0.10278156120392794,0.12354649131885828,0.062481490518445745,0.15733091302133706,153.45174876396266,23.92687427576859,12.9644074318751
ST7011J0-PSG.edf,ST,Wake,0.8284836461204771,0.04026307121162459,0.06035371940285899,0.035408774795910224,0.06641730957591442,344.9917597509613,61.2225682658075,18.911089021229575
ST7011J0-PSG.edf,ST,Wake,0.5924104025612741,0.11434493244247203,0.11253292706830377,0.06638062628568211,0.17272889245178774,229.62827321003476,32.12599900001292,14.764418945177114
ST7011J0-PSG.edf,ST,Wake,0.8482428726267573,0.03419146159543598,0.05470315175146962,0.01811987844851916,0.060400299320425746,540.1941036440212,106.52935810462394,15.309265067933875
ST7011J0-PSG.edf,ST,Wake,0.5645473928646711,0.12027033903282652,0.13485711270845102,0.0742650930873922,0.17131127547612265,141.36605017396082,23.31189120734343,12.331488747818053
ST7011J0-PSG.edf,ST,Wake,0.900768262850621,0.035129562688065524,0.024656988837980547,0.016833626331927753,0.03664398202687297,825.4898370261857,113.04593552830495,159.01261095597482
ST7011J0-PSG.edf,ST,Wake,0.5446437572826716,0.08631014613281425,0.13418526957160704,0.09450341104085183,0.22695858239987166,98.88298846365134,15.23847358056656,18.899493992325667
ST7011J0-PSG.edf,ST,Wake,0.4536305645582102,0.17166124592001447,0.16411166341153627,0.09733056190783503,0.20224269866515998,119.39205273759384,15.189701039081294,11.226437454477276
ST7011J0-PSG.edf,ST,Wake,0.9149004040425237,0.020692421961713413,0.02909842066962211,0.01421699828572936,0.03381159702851026,651.5290239882805,73.37807000182754,24.168541422517453
ST7011J0-PSG.edf,ST,Wake,0.727208168282522,0.11838808828523845,0.05870153066267082,0.0385131722488376,0.08358971228412525,741.2561801867789,95.59625769339141,26.272169217532834
ST7011J0-PSG.edf,ST,Wake,0.524020771124705,0.11290547272868508,0.15397951510353775,0.08745746987328097,0.19712713773322754,84.96612342061894,11.774015624036878,10.525071433237063
ST7011J0-PSG.edf,ST,Wake,0.6407788716636534,0.09117799455249366,0.12051283024438732,0.06509358137130426,0.1391703700970264,160.41018128547884,15.104324036424005,11.855890358229026
ST7011J0-PSG.edf,ST,Wake,0.4515652277335835,0.17495926703851894,0.15178372150882063,0.07565287204983101,0.20410588211801373,227.064640175792,53.66347982060712,12.158493108295099
ST7011J0-PSG.edf,ST,Wake,0.735426495087958,0.08341623782982306,0.06596365128187336,0.052042338203720145,0.11169638919618806,206.5555759018495,20.295715666553136,15.395437311413238
ST7011J0-PSG.edf,ST,Wake,0.7607410618469764,0.06482882378502086,0.06927637468419205,0.04020531508922139,0.09878357309882917,348.6540926570225,45.81021888422138,13.284762266043002
ST7011J0-PSG.edf,ST,Wake,0.4591574150362508,0.20994246983538792,0.11751806239736685,0.0760111774008765,0.20419860770288345,91.1920893609229,14.075981887917075,13.121777938357315
ST7011J0-PSG.edf,ST,Wake,0.507269652807262,0.1097495834717234,0.13748866367379645,0.08035303124280439,0.23424125822837377,84.59989013001282,12.72685300355019,12.032105014413135
ST7011J0-PSG.edf,ST,Wake,0.5581395941419577,0.15293781349103414,0.0805702773786457,0.0650007298728148,0.19910725774391683,231.09320637245926,35.50685535406017,15.03035602288734
ST7011J0-PSG.edf,ST,Wake,0.8430532984121739,0.0877601032479961,0.02584000583680266,0.015312524934941759,0.03683502457132779,955.1364219007507,163.19303008047783,79.20010741257094
ST7011J0-PSG.edf,ST,Wake,0.8748939618520856,0.07514951065556595,0.01706276810643331,0.009635730898080891,0.028211402108653142,887.7494964292255,136.14882522999233,56.9762317270676
ST7011J0-PSG.edf,ST,Wake,0.47471403811030194,0.13681711350734993,0.16023640911545445,0.09955520013231904,0.2178701504921644,124.15308551547336,19.799971293719196,9.196576638311539
ST7011J0-PSG.edf,ST,Wake,0.3949171784086811,0.1875973513936854,0.1537113979937941,0.11526989256022205,0.2549249868500778,180.18677897820913,29.116047561998403,13.599652894002826
ST7011J0-PSG.edf,ST,N1,0.5787322675305944,0.1108146546237996,0.07431477131280223,0.058513599840143454,0.22927517873282338,334.37099432338397,66.03067976755483,15.231791214637164
ST7011J0-PSG.edf,ST,N1,0.43956733470959597,0.2605682233910084,0.0865757372669326,0.04377105648648991,0.2014689416192567,490.3863761215894,94.47592850726238,17.138849156379347
ST7011J0-PSG.edf,ST,N1,0.49852156231395783,0.2162831704079382,0.07370198862262071,0.050186678169588356,0.2055735668936007,276.87236769822374,62.93023738708499,17.69027423196574
ST7011J0-PSG.edf,ST,N1,0.8253321257556707,0.042927998481409074,0.0691823188269141,0.027731781000925285,0.05948663027222789,229.9945065006409,24.510860909402517,15.380618383262739
ST7011J0-PSG.edf,ST,N1,0.6528347274887885,0.1221647942616114,0.1116654998474823,0.029310628042368076,0.09865567445903707,459.2565464200696,76.94814976213166,15.69472932323438
ST7011J0-PSG.edf,ST,N1,0.7821898608829273,0.07224139227919585,0.061303496779383564,0.029997677648510836,0.07571303073678749,564.3655008240249,95.71010025618935,21.455711679443095
ST7011J0-PSG.edf,ST,N1,0.5931241315704234,0.21850236753564012,0.06130051893644789,0.04055354247295853,0.11814295334311002,482.3292437282549,104.61516351754207,24.488652457311527
ST7011J0-PSG.edf,ST,N1,0.874726316118998,0.03973019745899844,0.04341441246943481,0.01770060535531557,0.036666651350277656,595.1290972349386,74.8088157781748,27.780886404610268
ST7011J0-PSG.edf,ST,N1,0.8446634588547993,0.07140688721121777,0.028955979356066263,0.016922259796271835,0.05164974383685954,484.16041018128544,84.68044723529798,29.7362634850355
ST7011J0-PSG.edf,ST,N1,0.3665709492659688,0.3320498343508725,0.10943141764548847,0.04979716634207177,0.18174083465034938,302.87493133125804,65.13515509457366,21.407515899239442
ST7011J0-PSG.edf,ST,N1,0.6926232219050584,0.21706861566919325,0.036369760841717315,0.02481767855245551,0.043388277003530616,337.3008606482329,79.01037530773499,27.314873819934054
ST7011J0-PSG.edf,ST,N1,0.8322456906033745,0.034145486761320454,0.05508850548989927,0.02565943818856411,0.07461807984808957,625.5264603552463,99.24196051468142,37.35796530440806
ST7011J0-PSG.edf,ST,N1,0.5042457936686785,0.08828485553129148,0.2105864509528141,0.08933144510708496,0.1823449069357031,167.00238051638894,23.98079931128956,14.976166551414156
ST7011J0-PSG.edf,ST,N1,0.3359566522874962,0.3106970880102983,0.1480966083352805,0.06319842158084567,0.18727870575713312,258.56070316791795,48.06954084854439,12.877697522953145
ST7011J0-PSG.edf,ST,N1,0.3243501236981806,0.2013215930436706,0.24691819779069926,0.10144886479491588,0.21185321707432467,117.19465299395715,22.867688968076994,11.688220764229772
ST7011J0-PSG.edf,ST,N1,0.4613689807349395,0.22590654483768566,0.10840485465048365,0.05944230367419701,0.19087387598255584,366.5995238967222,95.32867977482296,14.805678554415437
ST7011J0-PSG.edf,ST,N1,0.39759394758805044,0.3055151633807518,0.1348381183479355,0.04741334384274726,0.1507428294528276,368.7969236403589,80.01700471238138,22.898715401701175
ST7011J0-PSG.edf,ST,N1,0.5611799867387556,0.09689984902168222,0.13411893003667072,0.0720080897490521,0.19710827233733402,517.487639626442,87.80333295157268,24.787925538190077
ST7011J0-PSG.edf,ST,N1,0.5882588816379574,0.11679558085993509,0.09890618292970675,0.07021625229186271,0.18579189904120796,287.49313312580114,59.4666447270229,14.638180074649425
ST7011J0-PSG.edf,ST,N1,0.9612468916270143,0.01780547713193214,0.006543353337555088,0.005330175250194848,0.013657699960459816,527.3759384728072,58.75277498965677,165.05203267120118
ST7011J0-PSG.edf,ST,N1,0.6194770525570378,0.16220646328246294,0.101188629066134,0.05813196527075025,0.10988156398409665,268.08276872367696,29.083839689320897,27.145173472826716
ST7011J0-PSG.edf,ST,N1,0.39106380775107713,0.20236432957951977,0.14672385383292408,0.05945700290713908,0.2508372947140366,203.25947628639443,34.28808194945097,10.829592177381038
ST7011J0-PSG.edf,ST,N1,0.450721178666914,0.18706682994884752,0.1184032836373016,0.06628439468016101,0.2375269973412152,379.4176890679363,75.8133420425726,15.619492420994918
ST7011J0-PSG.edf,ST,N1,0.56563520937834,0.068524941087326,0.1382503592450305,0.07467670831046704,0.2202521282434919,433.62021607764143,76.77061299742344,48.74207077469996
ST7011J0-PSG.edf,ST,N1,0.6052004471370286,0.08461668193670435,0.14324821400329765,0.06413075691487026,0.15645866041927367,364.40212415308554,46.90000287369769,16.76874504886471
ST7011J0-PSG.edf,ST,N1,0.35331719364867414,0.26141224147305314,0.15873413029273606,0.09481798393530172,0.20921504900758067,307.6359641091375,71.15156313713646,14.177222115617836
ST7011J0-PSG.edf,ST,N1,0.37060343351357666,0.3198321741589496,0.13641899172658628,0.07846755865322362,0.16201950432474263,168.83354696941953,27.99853769495586,18.175439078208257
ST7011J0-PSG.edf,ST,N1,0.2932700721967538,0.20114537633169446,0.2846491679048245,0.10733567922833682,0.21029207720356824,181.28547885002746,26.298296053171654,11.133651536849875
ST7011J0-PSG.edf,ST,N1,0.5825639788456459,0.1955059906697056,0.08737290048865862,0.052999371431340196,0.12476347800385727,305.8047976561069,70.60132060944632,17.62137828836693
ST7011J0-PSG.edf,ST,N1,0.2549894249458938,0.37848988212850626,0.18254739702448683,0.07640503915821534,0.1704446830325955,325.21516205823104,57.4223132855057,11.787029445672275
ST7011J0-PSG.edf,ST,N1,0.5781381880833305,0.12711040825475733,0.1378177167216422,0.0511296810634772,0.15161058750757112,315.69309650247203,63.831080285645434,15.62684562581219
ST7011J0-PSG.edf,ST,N1,0.607155621994385,0.09570099284995058,0.1291721266400607,0.07874280191623359,0.15985546924595267,197.3997436366966,29.02824774997579,27.24882486874358
ST7011J0-PSG.edf,ST,N1,0.6848847226704109,0.11630458403024285,0.08828427122182118,0.03721989335993349,0.10417543773578537,321.1865958615638,61.48860998910893,16.18852038284105
ST7011J0-PSG.edf,ST,N1,0.6839694391197507,0.06426718136671453,0.0839092861889288,0.06574489138516004,0.16033925112818403,461.4539461637063,54.391641992464514,25.996511654082234
ST7011J0-PSG.edf,ST,N1,0.602391127870907,0.15831662559775014,0.10200858736133257,0.058584183914632125,0.1292118234687985,268.4490020142831,63.73160628087405,19.08967279020464
ST7011J0-PSG.edf,ST,N1,0.7992948567153172,0.06888859483490552,0.038755830913933906,0.034498656997163465,0.08784812176717055,565.0979674052371,84.09843757177691,105.50131510519391
ST7011J0-PSG.edf,ST,N1,0.7911908979403409,0.04455476923645264,0.06861387052038455,0.038969073885800364,0.09324833866905738,878.5936641640725,115.83539745112735,58.922738265864574
ST7011J0-PSG.edf,ST,N1,0.7011754225904753,0.1493013905781882,0.06845269544505671,0.04650202421692341,0.07435764873702054,597.6927302691815,115.96352687574831,46.00819472399012
ST7011J0-PSG.edf,ST,N1,0.4623768426620776,0.13724094026652459,0.1876975988632173,0.09078119270041085,0.20164641492005236,245.37630470609778,42.256268458809764,13.613450986907825
ST7011J0-PSG.edf,ST,N1,0.5167400183200223,0.1855480883308396,0.11873065576280942,0.04904616187105716,0.17093477869979823,396.2644204358176,84.8108296037182,23.071232683789425
ST7011J0-PSG.edf,ST,N1,0.21619643297588056,0.3409324167888327,0.22146137721374382,0.08175437923862426,0.20502569658468378,377.5865226149057,69.71365772969747,13.828360159254956
ST7011J0-PSG.edf,ST,N1,0.2718725549773775,0.4532996815628204,0.10113209170933846,0.04386156555001096,0.159886307975592,292.25416590368064,58.731773490768084,23.909037853852123
ST7011J0-PSG.edf,ST,N1,0.9073315983747754,0.023796623643880327,0.01881738130190677,0.017355955907108322,0.04879067284363502,1069.0349752792529,156.92630830817154,163.4276600958062
ST7011J0-PSG.edf,ST,N1,0.5324348430493162,0.31288279424985005,0.05889086642527852,0.051051863030888496,0.08115618249805642,141.73228346456693,21.86165757325923,19.34725093400266
ST7011J0-PSG.edf,ST,N1,0.38265918073498784,0.13652138313779613,0.20228974105972952,0.08959290808145925,0.2674390975254252,968.687053653177,106.20491292605234,45.86264177377495
ST7011J0-PSG.edf,ST,N1,0.2663700691573814,0.3594777565386363,0.17786335262999697,0.05455067718764894,0.16842141739400382,168.4673136788134,35.66525750738719,20.356570340826426
ST7011J0-PSG.edf,ST,N1,0.18259614916705957,0.5602253626826351,0.08541999866059816,0.05250357651839483,0.15382447359585338,279.06976744186045,51.33463717900943,10.322909255154453
ST7011J0-PSG.edf,ST,N1,0.41906562686236565,0.38161418660570734,0.07615479700165968,0.03986530144508981,0.11695121333413215,485.99157663431606,70.6195637166763,15.538714911141437
ST7011J0-PSG.edf,ST,N1,0.680021438503706,0.18790862742555015,0.033561042196680296,0.021871739544170977,0.09559912266446031,406.885185863395,84.67404929513886,18.5684215407775
ST7011J0-PSG.edf,ST,N1,0.857449626117221,0.054236417451294296,0.04112452269748174,0.022974496951941262,0.039054282336175146,574.2537996703901,58.26584368959578,19.32022240115322
ST7011J0-PSG.edf,ST,N2,0.7852315158300994,0.09041407133557135,0.04517130775671412,0.02305807300611146,0.07141896213081887,470.24354513825307,90.96167709982578,24.47797851733576
ST7011J0-PSG.edf,ST,N2,0.5124781499897954,0.13584792572782323,0.09883959115356443,0.05775956053200169,0.24268597828656227,627.723860098883,99.9495242288481,19.121138937890695
ST7011J0-PSG.edf,ST,N2,0.34582604679572876,0.22782158861587262,0.16015722952168324,0.10269497602689599,0.24721708183051397,341.6956601355063,60.86761187642977,21.24858437558882
ST7011J0-PSG.edf,ST,N2,0.6209309973397849,0.08533415002452532,0.07100955324438718,0.04485512110185918,0.21607909864947175,731.3678813404138,148.23388095324862,25.126039334650454
ST7011J0-PSG.edf,ST,N2,0.7081247174297558,0.13303722433480605,0.06932662747483265,0.025690517451654345,0.0829515367936656,767.9912104010255,140.09625286861012,24.710610448883095
ST7011J0-PSG.edf,ST,N2,0.6605819530750856,0.17808316434378296,0.0467555663831384,0.0315803580617913,0.11029789711935231,443.14228163340044,94.3830218547808,33.564547477252766
ST7011J0-PSG.edf,ST,N2,0.7725066419855474,0.16401816224882643,0.021445478894294448,0.011948212936597431,0.037779963601709265,333.27229445156564,65.03010942158298,36.324010421208634
ST7011J0-PSG.edf,ST,N2,0.8161398195550164,0.12157213524508738,0.025144218208610482,0.016175529349735172,0.032744342664884074,558.505768174327,95.84250353445096,33.87427499691955
ST7011J0-PSG.edf,ST,N2,0.8811920567271136,0.052683231701311325,0.024307376085217627,0.017667444721079652,0.037875544207163346,313.4956967588354,57.883634744671035,26.61919702355095
ST7011J0-PSG.edf,ST,N2,0.7359063260105836,0.14368475125174746,0.037756436832375014,0.020715496842253604,0.07487221441142454,594.7628639443326,133.81274253763732,23.419555971384685
ST7011J0-PSG.edf,ST,N2,0.7703520329855016,0.14916421652298523,0.032995519581399686,0.02100190904980849,0.04158295181056206,331.80736128914117,54.172284734016834,22.218187150551252
ST7011J0-PSG.edf,ST,N2,0.7915411115372569,0.05774875199005728,0.07255973257695775,0.03434911296036405,0.07415729786756749,414.5760849661234,43.917278270474796,18.81419119757921
ST7011J0-PSG.edf,ST,N2,0.6858032324695114,0.09410730589764268,0.07099649297265842,0.034400088327729714,0.14228040606307196,361.4722578282366,73.32533827471796,15.119305336597526
ST7011J0-PSG.edf,ST,N2,0.6600909620988704,0.14192728918990585,0.08937877533176247,0.030254844270745897,0.10141738859460886,620.3991942867607,101.98048775165807,21.541224405582795
ST7011J0-PSG.edf,ST,N2,0.7576941524691908,0.13661816443430466,0.04615920357980796,0.02287636833127133,0.055064112691136424,407.98388573521333,90.49738136054366,25.08488100856302
ST7011J0-PSG.edf,ST,N2,0.643143638574388,0.17663038785996601,0.06888185915299934,0.048495477951388394,0.09577118925560471,427.3942501373375,83.2946710499566,20.70697905249154
ST7011J0-PSG.edf,ST,N2,0.8653894861374172,0.07090839068189886,0.0244969142048023,0.013875206776794895,0.034220467976643514,295.5502655191357,50.667142782737855,26.617608106183113
ST7011J0-PSG.edf,ST,N2,0.8329546669469652,0.08729639970965208,0.028370544862943086,0.021005958446068326,0.047382231303542355,412.0124519318806,83.1834752150906,35.79241247506422
ST7011J0-PSG.edf,ST,N2,0.5476791860840943,0.09556759375524754,0.07683310753450058,0.0914696748165466,0.2724054172909972,552.6460355246292,85.68291475993883,93.64150535807428
ST7011J0-PSG.edf,ST,N2,0.8195000370046488,0.059583274880551484,0.036551617808029395,0.02368560840416268,0.08145699879193827,343.5268265885369,78.66773205031065,16.3972021755295
ST7011J0-PSG.edf,ST,N2,0.7207114145227774,0.16306172388912735,0.05825798874134379,0.0259119704517625,0.04978889992326233,379.7839223585424,76.01328653227152,21.26122541248157
ST7011J0-PSG.edf,ST,N2,0.840330581072594,0.09137714515945926,0.027423489313479106,0.010841524248076998,0.035738207854164074,310.56583043398643,59.684714976586214,34.252422537314565
ST7011J0-PSG.edf,ST,N2,0.8829559778207189,0.053551412101340866,0.027651046005742017,0.019468779940044072,0.03231683218060199,560.3369346273577,110.76401611129535,31.69266511310418
ST7011J0-PSG.edf,ST,N2,0.7654544321870586,0.06061710354893773,0.03232489920578955,0.03803141112485608,0.13800681336924125,691.8146859549532,91.46338159341248,30.17186171049984
ST7011J0-PSG.edf,ST,N2,0.8872436045757937,0.03995645202699208,0.025938849177296424,0.012140130554608228,0.04341075527668057,669.4744552279802,96.78500415860069,22.81027079748449
ST7011J0-PSG.edf,ST,N2,0.8625783931046892,0.05407674786837072,0.03290243801541655,0.031492699853547905,0.04390147460364727,679.3627540743453,100.37607312764307,44.00019118450028
ST7011J0-PSG.edf,ST,N2,0.8751978092069319,0.04542081633157486,0.023768252036818847,0.0177547298223707,0.052615774711409,866.8741988646768,115.13572438305219,75.18093492379997
ST7011J0-PSG.edf,ST,N2,0.6949415735027992,0.16799147071025514,0.06141447019650122,0.026381110425923737,0.06531284977848162,468.04614539461636,87.2985992775101,23.91594933354219
ST7011J0-PSG.edf,ST,N2,0.8521734246415462,0.06261947867383379,0.0340957584217009,0.026355672808611327,0.047278174398016404,495.5136421900751,115.27427493327842,33.27082412354194
ST7011J0-PSG.edf,ST,N2,0.7522665890595995,0.10956852752304869,0.06589211155205474,0.0346737297005175,0.06554754097312346,715.2536165537447,104.27432058323652,103.03930087395285
ST7011J0-PSG.edf,ST,N2,0.7657232988387128,0.15341769692620982,0.025315175446633517,0.017197430556848407,0.04968745429073903,329.60996154550446,59.59702601349705,24.57650286007535
ST7011J0-PSG.edf,ST,N2,0.6448199726975246,0.1644216153025547,0.07074133695973951,0.03531387638172963,0.11483025996682306,349.75279252884087,75.08419461698857,22.165558853259817
ST7011J0-PSG.edf,ST,N2,0.8058816573757784,0.11026761161851376,0.03663448997843621,0.019158874470456822,0.041781810579323446,648.9653909540377,137.49487320599087,35.63655207755434
ST7011J0-PSG.edf,ST,N2,0.8768169394952195,0.059147250882630405,0.0273665028046746,0.015694637593328238,0.03194971264985772,286.3944332539828,62.5872933260894,27.740751932070058
ST7011J0-PSG.edf,ST,N2,0.8391571290072178,0.09495718784252265,0.029879597362163238,0.015488078751952019,0.0318562178348332,553.0122688152353,92.78376794736471,30.599450730385776
ST7011J0-PSG.edf,ST,N2,0.31585773774581233,0.3999635659674283,0.12227530078580025,0.06267909220965268,0.15249789727113827,301.0437648782274,67.94694785718195,13.641536107121889
ST7011J0-PSG.edf,ST,N2,0.5944424767488428,0.2118411401194689,0.07525665975278636,0.0460592402689516,0.10994383341615786,540.1941036440212,90.68238655005737,23.341027805418584
ST7011J0-PSG.edf,ST,N2,0.49758911668908634,0.1363604449788656,0.15452009575343148,0.11835790042644478,0.20306754922308462,436.5500824024904,45.379563112122824,20.79528265091804
ST7011J0-PSG.edf,ST,N2,0.8544696036632056,0.0814124246474532,0.025210771132800777,0.0109989599611848,0.033472160549536806,643.8381248855521,108.52575502815951,27.036032862888597
ST7011J0-PSG.edf,ST,N2,0.8300294848926364,0.0845349776532012,0.036402061148478056,0.013745121597440239,0.04138695300072912,412.0124519318806,87.56723994918424,20.72714722842881
ST7011J0-PSG.edf,ST,N2,0.752313546813275,0.15570563766203505,0.04361376551448412,0.016760225876063763,0.04421840706279015,240.24903863761216,55.525429713801344,20.76110391082461
ST7011J0-PSG.edf,ST,N2,0.744945283653352,0.12694477922404004,0.049553789526815356,0.025580452051287117,0.07068861589022626,595.1290972349386,136.46928333747178,23.185421751598962
ST7011J0-PSG.edf,ST,N2,0.44987092605547124,0.24730265908769075,0.1268672984386879,0.058696627439395174,0.1573935700653511,274.30873466398094,63.40729279765124,21.216656568517532
ST7011J0-PSG.edf,ST,N2,0.5653924484525524,0.14828084260316204,0.11730396289018186,0.06583730818905935,0.15721601575101252,463.65134590734294,73.68400859272131,22.426377344311202
ST7011J0-PSG.edf,ST,N2,0.5859816695331378,0.20638476954460314,0.07606561777450888,0.04261452228841751,0.12425840821409447,377.9527559055118,76.33239666509489,17.54977012164423
ST7011J0-PSG.edf,ST,N2,0.8087454276412739,0.12777808819329958,0.02304598602060806,0.01764916993246882,0.03487779490645551,386.7423548800586,81.48771485196934,33.374479569250745
ST7011J0-PSG.edf,ST,N2,0.8098937726271809,0.1280544858828592,0.024829578609604507,0.0216603229540737,0.03477556800296878,365.1345907342977,74.34139259947015,26.77205621208402
ST7011J0-PSG.edf,ST,N2,0.6665605464055275,0.2204137924616655,0.034661611346177935,0.022784235101059393,0.07060938462330894,262.22303607397913,58.92275911629112,23.578161837853088
ST7011J0-PSG.edf,ST,N2,0.8925127198245364,0.06471153216300042,0.02204134328506216,0.00995770169918169,0.017636374442041934,376.8540560336935,66.06808663275082,37.47613325977095
ST7011J0-PSG.edf,ST,N2,0.8409518992028958,0.07824535502288783,0.03705760129200322,0.020245691593622623,0.0386644727863226,214.61270829518404,35.2728539352484,36.36131209196615
ST7011J0-PSG.edf,ST,N3,0.8543498486538443,0.08156845713156533,0.031150873988746264,0.021317932917679742,0.027702505256074286,759.2016114264786,172.94561305274277,30.44833797674941
ST7011J0-PSG.edf,ST,N3,0.8874205451308932,0.060974610388672086,0.018954798031303857,0.01579361832532437,0.028835463142449575,409.4488188976378,64.67300100393018,34.22978670134302
ST7011J0-PSG.edf,ST,N3,0.8649024698160271,0.06281112698313165,0.028259079705299332,0.02718402061479351,0.03777659070695868,421.1682841970335,69.01175513143272,42.579836299972314
ST7011J0-PSG.edf,ST,N3,0.8991440392936483,0.05300335913740654,0.018707352927796017,0.014895872768844102,0.025897208393323375,428.1267167185497,84.05811290978939,30.403794535649272
ST7011J0-PSG.edf,ST,N3,0.8715538815468719,0.06822738523858529,0.019492182784031798,0.0184563953554498,0.03342245267946965,325.94762863944334,80.46581017989872,35.77982904826688
ST7011J0-PSG.edf,ST,N3,0.7738207060604086,0.15521629689793964,0.032890388103852634,0.018641333530563787,0.03351940540895362,306.171030946713,60.05550117128053,26.177770429435945
ST7011J0-PSG.edf,ST,N3,0.8657744527854266,0.0760136009444124,0.023012639126710387,0.018495673032845245,0.03228532990321134,433.9864493682476,75.14626109467576,41.416670629769456
ST7011J0-PSG.edf,ST,N3,0.8778325782064293,0.05697846766580571,0.03250854995448408,0.020898680462106047,0.02730013588268804,227.064640175792,43.697456053861565,26.733638089030936
ST7011J0-PSG.edf,ST,N3,0.758262216448361,0.1326223453523052,0.04687341267434678,0.03687620762007814,0.054928207027428455,197.39974363669657,42.705855755896486,50.956760463222224
ST7011J0-PSG.edf,ST,N3,0.8283696456321458,0.11289910961229492,0.022614545486390362,0.020505229366776453,0.028280303548815677,245.37630470609778,45.50929360563113,33.169298670029306
ST7011J0-PSG.edf,ST,N3,0.7991033128728454,0.10318302542662112,0.030334091036169828,0.042643783155118783,0.06040877238264722,153.45174876396266,29.613368821193962,40.32942744589646
ST7011J0-PSG.edf,ST,N3,0.8304877053550176,0.08254145659555823,0.026971312337502596,0.05020693780290872,0.05595712271731496,292.9866324848929,51.10316309104452,42.711954659123485
ST7011J0-PSG.edf,ST,N3,0.8831761304624998,0.05621790762043255,0.027554235581021148,0.0317122971283549,0.028930807021378197,132.57645119941404,19.340690309514553,30.499192642204445
ST7011J0-PSG.edf,ST,N3,0.8902012516387142,0.06071263497333744,0.025002735351867887,0.018901496790612447,0.01989174400602222,188.6101446621498,26.2255597076732,30.091332057591043
ST7011J0-PSG.edf,ST,N3,0.8232762665503964,0.0882589599574636,0.043790869511753344,0.03657327478761655,0.03940075726062319,248.67240432155282,52.21718239631332,31.455243374820427
ST7011J0-PSG.edf,ST,N3,0.8116830446993237,0.11245745959975491,0.03619673678807913,0.026523807897335605,0.03412181963266163,136.97125068668743,19.97865646440033,40.02133429035774
ST7011J0-PSG.edf,ST,N3,0.852678030235115,0.07043369397281601,0.04000700557542768,0.02274008314058086,0.02615911068923805,292.9866324848929,52.54578363873866,32.174679198191804
ST7011J0-PSG.edf,ST,N3,0.8354213058607061,0.0768466161813148,0.04000938996328432,0.02665630627387791,0.041890158586231255,134.4076176524446,20.58879899823719,33.46297789450455
ST7011J0-PSG.edf,ST,N3,0.8341237673842565,0.09834110949730615,0.032058120172523054,0.027106123403599056,0.02816179386770531,266.98406885185864,53.342927288601125,29.8153118266675
ST7011J0-PSG.edf,ST,N3,0.858130049471514,0.0765121288047281,0.02597251783592772,0.026170456497851623,0.03529757866300589,202.8932429957883,25.840004373398713,32.67671023586389
ST7011J0-PSG.edf,ST,N3,0.8306419826575341,0.08347112125067913,0.04202974690462986,0.040173402598680026,0.03620769763840165,187.14521149972532,31.29086173526868,26.52295766071004
ST7011J0-PSG.edf,ST,N3,0.9078890745862498,0.039994980379610655,0.023540106010959648,0.022451345743499204,0.024781145599080675,117.56088628456327,20.874724517950007,36.06995324637569
ST7011J0-PSG.edf,ST,N3,0.8201869830429245,0.08739453715176544,0.0417272910928872,0.03596892172712214,0.03658729346621303,160.77641457608496,30.6018113276735,28.28524721551849
ST7011J0-PSG.edf,ST,N3,0.814879536120249,0.09463475594786476,0.04377369485813142,0.04475291831649803,0.04315826581054707,139.1686504303241,20.726299552677713,26.5506476117201
ST7011J0-PSG.edf,ST,N3,0.842016069963524,0.09078202691133322,0.028555761883943945,0.02951386395219697,0.03337295558156877,311.29829701519867,51.49724498175412,26.771547240251163
ST7011J0-PSG.edf,ST,N3,0.8327130054951816,0.0898955771557798,0.04461344284763677,0.03211634096876616,0.02820332919477872,259.2931697491302,65.07097973795709,31.590217961311684
ST7011J0-PSG.edf,ST,N3,0.8171787363764758,0.10491537137871731,0.04232144022186113,0.025182512204097878,0.029506897512924398,299.9450650064091,54.90223585048339,27.48986907399917
ST7011J0-PSG.edf,ST,N3,0.8702627498148467,0.05494706688715706,0.03989006085007843,0.030457821448633668,0.031042950712536477,223.40230726973084,49.84515718593994,25.807214107465075
ST7011J0-PSG.edf,ST,N3,0.7963181473565838,0.10176831229280617,0.04061899236406993,0.0450716064824146,0.05466788159423836,433.62021607764143,83.61104542270328,47.32854554490793
ST7011J0-PSG.edf,ST,N3,0.8602336861571228,0.05548221240791918,0.04756197002179025,0.026393327987939648,0.03364218568343499,318.622962827321,54.634453569001636,37.175455015577604
ST7011J0-PSG.edf,ST,N3,0.832246985026358,0.09676754956745072,0.031318594066440796,0.02558658664133074,0.03515670970584192,344.99175975096136,62.0974819739528,32.8977490941419
ST7011J0-PSG.edf,ST,N3,0.8377803454453702,0.08829209845379515,0.033920900805704764,0.03291044138863509,0.03675017961048059,228.52957333821644,45.412575382470145,35.107177487735164
ST7011J0-PSG.edf,ST,N3,0.845094984448919,0.07522896495943587,0.03162567203994033,0.03949068671841506,0.04494129226603421,167.00238051638894,32.31167795520871,29.112249696537706
ST7011J0-PSG.edf,ST,N3,0.8610887986221717,0.07730922449058272,0.03098887124224722,0.02344759370504076,0.023573260859544858,204.35817615821276,31.87054655796969,34.54943488546944
ST7011J0-PSG.edf,ST,N3,0.8402395190597338,0.08424426317381953,0.024143389904791455,0.03982760095579916,0.04496863343205571,171.0309467130562,29.58679754448015,26.15963077966533
ST7011J0-PSG.edf,ST,N3,0.841378619545649,0.09372306954789775,0.02615027557790898,0.024387277488072314,0.03238191062214136,226.69840688518588,44.926309115306,26.63624103621599
ST7011J0-PSG.edf,ST,N3,0.8042674595776401,0.09526126733291151,0.04622724969485365,0.061994705420618586,0.04968884439880419,188.24391137154367,27.30535045760038,27.53723359135732
ST7011J0-PSG.edf,ST,N3,0.9147802749823992,0.044750451489132696,0.018175095503648615,0.022353501613849937,0.018553994308796343,123.78685222486723,18.28235348320307,28.337461268929246
ST7011J0-PSG.edf,ST,N3,0.8730477730792833,0.0667917046011882,0.02709846013315473,0.03630363287768469,0.028776325286127277,178.35561252517851,30.158315595787688,36.72696544471349
ST7011J0-PSG.edf,ST,N3,0.8943819588707342,0.06586093119503243,0.01634949220540659,0.020001852582888724,0.019098178806795364,149.42318256729536,29.291644826379574,32.120206609633755
ST7011J0-PSG.edf,ST,N3,0.8888251855992667,0.06869703990810722,0.020753874649743004,0.016180722191726938,0.014829510689435287,103.64402124153085,16.016427460286728,29.37483503008317
ST7011J0-PSG.edf,ST,N3,0.8946857450152516,0.06371628975939199,0.01627816378916532,0.024282142849364977,0.021761717470020536,126.71671854971618,20.19192715628908,33.755742801938275
ST7011J0-PSG.edf,ST,N3,0.8543985789918178,0.09514400970571173,0.026354999400792882,0.025064573696133335,0.02040979547471282,107.67258743819812,15.74712723158964,29.109622302134454
ST7011J0-PSG.edf,ST,N3,0.9167217282618821,0.0538027042899922,0.015418455102898958,0.012869787581015051,0.011467619334540184,153.81798205456874,18.19588856440821,38.87990145570561
ST7011J0-PSG.edf,ST,N3,0.903197499791882,0.06270691443355486,0.019587033880885625,0.017904320994455186,0.01198319269639633,104.37648782274309,16.21068458388763,28.89564706366787
ST7011J0-PSG.edf,ST,N3,0.8935362801117072,0.06345917616581273,0.02219507471687273,0.01070449903768059,0.015575156262126787,174.32704632851124,28.9858184507565,38.85811638245196
ST7011J0-PSG.edf,ST,N3,0.939883551211864,0.04027814280856924,0.011592925742994887,0.006753597338894585,0.006501636145320557,214.24647500457792,43.69314017474076,33.60959600992651
ST7011J0-PSG.edf,ST,N3,0.8881883651162994,0.06628482874682447,0.020704963811354993,0.026219458397539072,0.020058191288097157,109.86998718183483,14.887728357810555,37.386499696517284
ST7011J0-PSG.edf,ST,N3,0.9205403115668194,0.049628830976600674,0.017777424659993154,0.01576538985689756,0.010645214879883803,158.9452481230544,25.758139878024167,36.16481478427797
ST7011J0-PSG.edf,ST,N3,0.8597913087611573,0.07845584887472323,0.032167628009433354,0.03305622110420224,0.02701709663437465,105.84142098516756,17.350641405385307,32.13545155435136
ST7011J0-PSG.edf,ST,REM,0.7976246877153261,0.11175020730039732,0.04499361773889851,0.020970635058472766,0.041709509965272194,584.5083318073613,97.91512381971853,36.662450430864325
ST7011J0-PSG.edf,ST,REM,0.8212131060797844,0.03404491584571149,0.06439336265572079,0.036577163452638464,0.07651462734421233,477.2019776597693,59.71487722402878,22.56740144498737
ST7011J0-PSG.edf,ST,REM,0.3975616398193333,0.18168487964983818,0.18552998144542127,0.06988518393191333,0.2204042110436267,240.9815052188244,56.16190571017076,14.480424772488952
ST7011J0-PSG.edf,ST,REM,0.22739869634025997,0.3600709029659107,0.20486327690787473,0.08723301069563988,0.18664849086691498,427.76048342794365,61.00242885132304,22.853440122474204
ST7011J0-PSG.edf,ST,REM,0.8379434882307553,0.05957251655819741,0.04540799504460953,0.02413838619734064,0.05262030232947432,674.2354880058597,129.73378159963644,26.20835898702928
ST7011J0-PSG.edf,ST,REM,0.6416331479169194,0.1337724820860178,0.11303626641195441,0.0494747734007736,0.10109448784274574,196.66727705548436,41.637520010040284,15.230823247868958
ST7011J0-PSG.edf,ST,REM,0.8565350831625007,0.06921983785783593,0.03394310259879561,0.02016823674611116,0.03596105648780737,511.261673686138,115.54643860742371,34.23792186891594
ST7011J0-PSG.edf,ST,REM,0.7296854245956127,0.11460085737174379,0.06361842327627688,0.05473261973722589,0.08195522849584627,456.32668009522064,91.83624214488601,26.722694476221363
ST7011J0-PSG.edf,ST,REM,0.6942784574757613,0.16510867086346132,0.05821089214923127,0.0285798775043307,0.07464844534500428,447.53708112067386,97.3622220795542,31.146423809200353
ST7011J0-PSG.edf,ST,REM,0.47993352558719266,0.23027557125658005,0.15115083701892199,0.05017093951117456,0.12078456664914357,527.3759384728071,94.19282029087312,25.7041212124683
ST7011J0-PSG.edf,ST,REM,0.7210253796767936,0.10606608121828855,0.08124505679460252,0.03218243800750845,0.0813694609963966,368.06445705914666,65.37820786281998,20.661183985056766
ST7011J0-PSG.edf,ST,REM,0.9515107643493358,0.013776605737254435,0.013027819189044719,0.008192336741333116,0.020584858569760417,710.8588170664714,91.04759377151059,145.30996887536537
ST7011J0-PSG.edf,ST,REM,0.6789483940480392,0.15878507969270902,0.09233768978587112,0.03302390063823592,0.055502445534124804,562.5343343709943,89.08019195258983,39.81985551673172
ST7011J0-PSG.edf,ST,REM,0.5801799546116857,0.16413302976631663,0.18930404603512593,0.041947390660174624,0.0527067530381492,436.5500824024904,100.12722053334706,26.752405069425123
ST7011J0-PSG.edf,ST,REM,0.831117690468629,0.09694728314740897,0.04434255924558853,0.011707191857131552,0.018202416049541956,784.4717084783007,178.25717828155683,26.562167194406783
ST7011J0-PSG.edf,ST,REM,0.7410145372402693,0.12826769009995892,0.06783050423467885,0.03522708971337755,0.057712150846790065,751.1444790331441,129.98987696114597,25.831778398966957
ST7011J0-PSG.edf,ST,REM,0.7003845048022298,0.17766256952541612,0.0641363761863837,0.02721603095249397,0.04762246494584642,454.8617469327962,89.13913486835517,20.788468316957413
ST7011J0-PSG.edf,ST,REM,0.6912988264314491,0.1376233884694051,0.0937854149259078,0.038276558051569855,0.06876516926622409,444.6072147958249,93.59741165754555,18.297052998114424
ST7011J0-PSG.edf,ST,REM,0.7442038994083339,0.12976713838384082,0.06178359038687913,0.029583503105954857,0.052970536903463566,489.2876762497711,125.81504733048901,16.362061745039505
ST7011J0-PSG.edf,ST,REM,0.7712791247390817,0.11120549599243995,0.06966674384539805,0.019868889019376768,0.04173976655995024,545.687603003113,92.21447087110313,23.89305288549329
ST7011J0-PSG.edf,ST,REM,0.7228811655867418,0.1874583370802355,0.04482584963239312,0.02074030665049206,0.03669129726501371,613.8069950558506,141.56963527931796,29.647270748870735
ST7011J0-PSG.edf,ST,REM,0.5175202292327734,0.22786316397046555,0.14143838064024092,0.044107380444317126,0.0891799651704272,528.4746383446255,119.66170537513847,17.447162055672326
ST7011J0-PSG.edf,ST,REM,0.6661954071674101,0.13722468968592427,0.10656601520530436,0.045833159414087526,0.08195753617075063,671.6718549716169,112.6832985973358,18.958467909161833
ST7011J0-PSG.edf,ST,REM,0.6205411171368892,0.2113221025136663,0.07707733571891145,0.04072679889276568,0.08142821174112472,605.0173960813038,91.08328787629232,16.571212074666594
ST7011J0-PSG.edf,ST,REM,0.5967300659353341,0.19225488183749126,0.1260933318780842,0.03757552513253092,0.06678433939023841,745.2847463834462,141.4516468009335,19.691414815454173
ST7011J0-PSG.edf,ST,REM,0.7271234794996825,0.14439741384309066,0.07055258234374845,0.027592411030357138,0.04640467629584202,579.3810657388757,108.22435122626534,29.206423030269715
ST7011J0-PSG.edf,ST,REM,0.6954066876640215,0.12532030631250235,0.10681662175590752,0.03398292194751551,0.060268615826176465,839.4067020692181,133.53848619963716,35.278685370630214
ST7011J0-PSG.edf,ST,REM,0.8686877766216206,0.07313701740569385,0.026188127520386215,0.01347457954566701,0.027063711492798966,878.9598974546786,189.57039609097558,29.366653242384746
ST7011J0-PSG.edf,ST,REM,0.8487013239540572,0.08093491608439717,0.037237531652038254,0.016198872467159075,0.028252751093809814,1012.6350485259111,164.14941304069688,25.382275043186713
ST7011J0-PSG.edf,ST,REM,0.8156754883336567,0.09035837155243466,0.04619310944274259,0.026878091072463396,0.04146140050815409,843.8015015564915,203.3823504760424,22.363832445656566
ST7011J0-PSG.edf,ST,REM,0.7638954580024842,0.09692774457613998,0.0648252329400083,0.032972212011181896,0.06890458908906061,722.9445156564732,144.8458927069536,34.10351677276488
ST7011J0-PSG.edf,ST,REM,0.5254105727993239,0.18277776016420513,0.20524860769085174,0.03389822245693009,0.07260222530047247,431.78904962461087,106.81158327610956,10.887143703561456
ST7011J0-PSG.edf,ST,REM,0.7099727065039203,0.15887781558879832,0.062458631492664125,0.03352215979506136,0.05629026193043093,687.4198864676799,141.79855031851892,17.77878585962551
ST7011J0-PSG.edf,ST,REM,0.687086100929813,0.19102748343135986,0.0590795466744538,0.02909226354496334,0.05441040845850272,622.5965940303973,108.93388816968996,28.267850696496986
ST7011J0-PSG.edf,ST,REM,0.6346143002717373,0.18814147905238904,0.09647308533986557,0.04506470519580058,0.07451996949764503,731.3678813404139,180.81613603854547,27.65032550794307
ST7011J0-PSG.edf,ST,REM,0.7573391822840903,0.1162192219502321,0.07064533646769156,0.02596419785624068,0.0483611145317149,486.7240432155283,105.71308459147694,22.72738433681127
ST7011J0-PSG.edf,ST,REM,0.736326946881952,0.12487334251950682,0.0652330076373051,0.03288540970670398,0.06474979141636605,452.66434718915946,99.02028576591933,64.09438135950911
ST7011J0-PSG.edf,ST,REM,0.6460062275705831,0.19012240083427845,0.07021892066548235,0.04244557775465358,0.07593369566248875,436.5500824024904,106.66379428747418,32.7085896073175
ST7011J0-PSG.edf,ST,REM,0.8751440550854116,0.06296850575196694,0.03374034183653571,0.015593666614510164,0.025821536004029248,743.8198132210218,166.55973417465194,41.612547374066565
ST7011J0-PSG.edf,ST,REM,0.8344452158071299,0.0781485721672261,0.03487068551212883,0.02212474415757098,0.046371552526431235,461.4539461637063,102.63641470941525,45.94263970237142
ST7011J0-PSG.edf,ST,REM,0.8998982649166175,0.047630955677781424,0.025146825958052312,0.014985150025086508,0.023960511799770254,754.8068119392053,147.15628865304123,49.51739653680421
ST7011J0-PSG.edf,ST,REM,0.7953479048753642,0.09270107437519642,0.036909319597329314,0.028378279249726066,0.06505947296391655,468.04614539461636,77.61624433206745,36.48466136427802
ST7011J0-PSG.edf,ST,REM,0.8338624832776,0.06387431633262701,0.059374981736680786,0.018249651615216043,0.038273103321849265,487.45650979674053,105.23367388516776,32.2940936643244
ST7011J0-PSG.edf,ST,REM,0.6194780398948364,0.14919276020965525,0.08255183119274428,0.05620563710089092,0.13536766418256704,639.0770921076726,98.60194876363123,34.93851349926245
ST7011J0-PSG.edf,ST,REM,0.7849342768241329,0.08524970776286463,0.0530072775871084,0.031072021954484882,0.07267570446537376,583.7758652261491,120.7425883180501,29.335080766571576
ST7011J0-PSG.edf,ST,REM,0.6496698498992881,0.14569197021862218,0.10108953863744977,0.04544751335376221,0.09246924648906371,335.1034609045962,71.99770907865587,20.503056818976578
ST7011J0-PSG.edf,ST,REM,0.725481432528855,0.11844160085742568,0.06266136935449454,0.036527686988812515,0.08606918343692957,520.417505951291,102.49308473182526,29.647996005386123
ST7011J0-PSG.edf,ST,REM,0.5972270023841874,0.15323276913668515,0.09039171663337839,0.06245478867801377,0.140678974840667,357.0774583409632,74.93426510741986,19.81246025737522
ST7011J0-PSG.edf,ST,REM,0.8628328492936476,0.06555074291966263,0.03172544731110695,0.014015082680275133,0.036734164682454336,555.5759018494781,108.66905160844087,27.43328153500944
ST7011J0-PSG.edf,ST,REM,0.8702133589690908,0.06441088845598333,0.02786982990071142,0.014268134473255529,0.03480262403032587,531.7707379600805,121.66145884199996,28.10315486966882
ST7012J0-PSG.edf,ST,Wake,0.22994800344033267,0.2403771662910141,0.21560621740950708,0.1378497328786363,0.299284786940526,5531.587621314777,147.70800956822367,130.12810004885534
ST7012J0-PSG.edf,ST,Wake,0.6012221357294063,0.16510122086766935,0.057077169518637054,0.04339187021529953,0.16829813721469267,898.0040285661967,136.00496859795356,34.039343564101216
ST7012J0-PSG.edf,ST,Wake,0.8450088214798716,0.08765011141893461,0.021488044948703704,0.01431853572989133,0.03948248446309831,804.2483061710309,98.47914423938364,41.29170950034135
ST7012J0-PSG.edf,ST,Wake,0.9485164657355237,0.0245917491741687,0.007029684324376449,0.005555647469992949,0.017446587080115934,899.468961728621,169.448796992829,118.62292522021535
ST7012J0-PSG.edf,ST,Wake,0.9685969647103438,0.009674064759053108,0.006266202190373204,0.0046585569921891055,0.014638328250795246,1148.141366050174,168.80123277501943,77.41566544346063
ST7012J0-PSG.edf,ST,Wake,0.9496524215719413,0.018047764638253444,0.013013222808459214,0.008705108347986833,0.017530192575973647,406.1527192821827,56.741868705623325,45.003501177410776
ST7012J0-PSG.edf,ST,Wake,0.7442886915847934,0.07158447869177363,0.08488772506170704,0.04798056149133313,0.09492381611209791,260.0256363303424,35.549327584953026,16.711616875342923
ST7012J0-PSG.edf,ST,Wake,0.8133523628807242,0.05860953467512344,0.04794745108937522,0.030445123396348486,0.07592800950135531,88.99468961728621,16.06697485022856,15.686740778672966
ST7012J0-PSG.edf,ST,Wake,0.7306811146323517,0.06741403265954445,0.08949588145330041,0.048007686294036914,0.10740158602212523,185.31404504669476,22.00307242335214,17.728090098802173
ST7012J0-PSG.edf,ST,Wake,0.7531309200197636,0.0639751600654557,0.07057887512198911,0.04799376498107234,0.1037225520644052,170.29848013184397,22.352159109517075,18.854044420165536
ST7012J0-PSG.edf,ST,Wake,0.9074139026893925,0.039106608825393054,0.019708971930731397,0.009436810338764113,0.026891512108964934,437.2825489837026,45.114285335992676,26.219239023831552
ST7012J0-PSG.edf,ST,Wake,0.6761357606464458,0.09300990152308039,0.10405465520370166,0.04312629872976296,0.11825399461144247,182.0179454312397,25.443200169259477,12.159817585018883
ST7012J0-PSG.edf,ST,Wake,0.3476396015735031,0.15079918874125564,0.2834007843616346,0.10250688899641572,0.20615209984062927,120.85698590001832,17.879904117834617,8.69898978342104
ST7012J0-PSG.edf,ST,Wake,0.8127402073457864,0.05550671391101466,0.05348711062268373,0.03330231968674502,0.07328772819095533,182.75041201245193,19.210759955332495,14.32937376745123
ST7012J0-PSG.edf,ST,Wake,0.6986521053532698,0.08985024772737318,0.08222156284674435,0.049590920393769174,0.12233194575470026,122.32191906244279,15.543607115928186,11.22310177307172
ST7012J0-PSG.edf,ST,Wake,0.6585777465077985,0.09502196614247707,0.08552753941686722,0.0699801595759569,0.1527460411260234,132.94268449002013,18.960110584544935,13.784047774436944
ST7012J0-PSG.edf,ST,Wake,0.6103147988064815,0.1264344846816389,0.11409926680430539,0.0732556447670383,0.14267542750903311,136.97125068668743,19.262186151840837,8.339564751254214
ST7012J0-PSG.edf,ST,Wake,0.5581493959634776,0.09910100388742847,0.1302083572456679,0.08361641071784973,0.20765969336434537,161.8751144479033,22.455850177823578,12.018597300385446
ST7012J0-PSG.edf,ST,Wake,0.6241604471281722,0.09637665926101407,0.08566142933636497,0.06433141398257301,0.1828162039288163,118.29335286577549,15.741289940541668,9.475324065338608
ST7012J0-PSG.edf,ST,Wake,0.4612366201877701,0.1375772454057061,0.13872479935590373,0.0913443097422387,0.25647432726973557,134.04138436183848,18.02525224184514,11.64225824062728
ST7012J0-PSG.edf,ST,Wake,0.5158476332787061,0.11999253628891614,0.08171599981316459,0.07922227012857562,0.27585593022305865,176.52444607214795,23.95480212057583,13.429210751198314
ST7012J0-PSG.edf,ST,Wake,0.6283961949624295,0.10206085829982606,0.07865623925512233,0.0604334240260146,0.18703455736842658,147.59201611426477,25.84882202701443,12.447673824609542
ST7012J0-PSG.edf,ST,Wake,0.8698534694116244,0.018743644263695864,0.04053964941921562,0.02769726748355484,0.06831954888419098,888.8481963010438,140.15412391248574,84.61989278679839
ST7012J0-PSG.edf,ST,Wake,0.5136345940023674,0.06964095845143213,0.17390554347281453,0.08562945440268235,0.2342320716156245,382.71378868339133,62.20321638387847,20.716396476030074
ST7012J0-PSG.edf,ST,Wake,0.8590502993196886,0.028359325585792943,0.02289304683451547,0.017822977476305575,0.0874070005415613,650.064090825856,121.62415612445416,68.17377593715902
ST7012J0-PSG.edf,ST,Wake,0.9241999003119284,0.02688159127964557,0.012233481593020666,0.009975598584038244,0.03462032500840546,949.2766892510529,151.42592032006593,55.74488659357066
ST7012J0-PSG.edf,ST,Wake,0.9057114769106425,0.021203150628386146,0.022319077485098548,0.022243070859665707,0.048516005949590865,511.62790697674416,71.77130865271982,84.01006105488173
ST7012J0-PSG.edf,ST,Wake,0.3793122611674018,0.10591296183526705,0.21971129524892902,0.11646394969979457,0.2840889988022108,626.6251602270647,103.94989664385304,35.45830893456222
ST7012J0-PSG.edf,ST,Wake,0.2884533838043292,0.12063422922623637,0.1960161921369346,0.09323537997084885,0.3779769843370793,465.48251236037356,75.41626288208148,36.42153294111987
ST7012J0-PSG.edf,ST,Wake,0.9117045186856966,0.02055748855904784,0.024272956631730343,0.017707777826109262,0.04223400010039955,765.7938106573888,73.95459817041883,84.55330885330066
ST7012J0-PSG.edf,ST,Wake,0.9496582650767587,0.018142366118396536,0.008533033024973323,0.007354470751105374,0.02224532455816574,1559.7875846914485,210.61168763725266,667.9592653698453
ST7012J0-PSG.edf,ST,Wake,0.8599792936312385,0.03915286075269466,0.03286617455280624,0.018271116777376122,0.0640519589834271,599.8901300128182,115.5935977086373,41.458611408668105
ST7012J0-PSG.edf,ST,Wake,0.8947629549884769,0.031007099580086968,0.029564398305044228,0.01598499466909569,0.039111218976285986,577.1836659952389,93.02581876885003,151.67103075134736
ST7012J0-PSG.edf,ST,Wake,0.8444658417464962,0.06866748996588416,0.04962581922140823,0.01421335395931799,0.03271200898338032,518.5863394982604,65.2809994065924,31.5164553896135
ST7012J0-PSG.edf,ST,Wake,0.35654751347159597,0.12357407838886701,0.229908594414009,0.060256534362303646,0.2799540341074171,368.06445705914666,85.8923275366198,14.241861935421271
ST7012J0-PSG.edf,ST,Wake,0.4137650985201898,0.2096824690516478,0.23658900421888346,0.07095009297146675,0.12622059053439383,125.2517853872917,19.843721490106436,10.189337878253468
ST7012J0-PSG.edf,ST,Wake,0.31616356058812545,0.3398280649750888,0.21365844756374058,0.06474546562186959,0.12481925824452057,280.16846731367883,53.07242604870501,10.37458355000569
ST7012J0-PSG.edf,ST,Wake,0.28594325624128575,0.258941358836001,0.17151418845572936,0.08790052003710484,0.27091823020942996,247.9399377403406,60.22203172997764,11.707796408860519
ST7012J0-PSG.edf,ST,Wake,0.5007950444213334,0.2346181708970048,0.1339717055452994,0.049785267814145974,0.11807868816988215,232.92437282548985,42.74991836838692,9.632801454665406
ST7012J0-PSG.edf,ST,Wake,0.35516440440208147,0.15574397451232713,0.1670097904056866,0.07030262315927098,0.30800285478038325,355.24629188793256,70.81152239240282,14.629688447328743
ST7012J0-PSG.edf,ST,Wake,0.5091532734023779,0.20755313394841282,0.13253518175173007,0.05821188953167709,0.14083878423353688,364.7683574436916,80.02523379842242,13.827145822721565
ST7012J0-PSG.edf,ST,Wake,0.3968548558082794,0.19197794080400943,0.2101704586811894,0.07992189613922836,0.18789986179136872,228.16334004761032,37.79663002833492,17.79642497876264
ST7012J0-PSG.edf,ST,Wake,0.30952682023941513,0.25507519350769875,0.09823334488625525,0.06827663973769213,0.3276323589936829,245.01007141549167,65.06958544801313,16.68357994248958
ST7012J0-PSG.edf,ST,Wake,0.4396040687691998,0.22458223298545357,0.16181031193218065,0.08065054765637766,0.16931349449819097,231.45943966306538,56.633886935103064,16.900075466089035
ST7012J0-PSG.edf,ST,Wake,0.5726942706056701,0.18311387536487478,0.10328504415205488,0.04566173422352583,0.13323670465872303,184.2153451748764,36.397358964162855,12.636235320216754
ST7012J0-PSG.edf,ST,Wake,0.8298069103300995,0.057671466713440554,0.05739688374047081,0.02015268075086567,0.04986300482376424,277.9710675700421,46.46610990457363,18.45284870101492
ST7012J0-PSG.edf,ST,Wake,0.9699007818111218,0.014273083757491499,0.005452669104646684,0.0035229506025433424,0.009619612293794148,691.082219373741,125.18682438493437,371.1678717238091
ST7012J0-PSG.edf,ST,Wake,0.8423021543250072,0.07770544958055942,0.018376371778419658,0.014998795110215627,0.054859089072250435,896.9053286943783,139.40214169213635,142.72806719095394
ST7012J0-PSG.edf,ST,Wake,0.8424123347539829,0.07143649684239052,0.033180354056448355,0.016631161278037918,0.046563636357974135,792.1626075810291,110.3905715798401,52.068018004378736
ST7012J0-PSG.edf,ST,Wake,0.5412690240143074,0.12978280791549182,0.15477659111798853,0.07686626947367321,0.16741475951315543,197.03351034609045,25.482314796157986,14.234023864227066
ST7012J0-PSG.edf,ST,N1,0.38776424346039773,0.12110631813038172,0.1096859281155616,0.08563960381674128,0.37619500560684893,236.95293902215712,53.93448375188709,11.987806967749043
ST7012J0-PSG.edf,ST,N1,0.6333075778906783,0.08652742386319445,0.0740763755345626,0.0657345605993886,0.20267581308148838,224.86724043215528,34.5982558611522,12.969119411655898
ST7012J0-PSG.edf,ST,N1,0.43778339111865305,0.13312181033388884,0.09527491959741693,0.0769775833764717,0.3235562484642846,309.4671305621681,66.37359491143796,13.819476438979128
ST7012J0-PSG.edf,ST,N1,0.26952721557439935,0.15352549566608623,0.19955071479874806,0.09116740092785466,0.36801656569042557,180.91924555942134,35.60013466517723,10.608336698004495
ST7012J0-PSG.edf,ST,N1,0.4497574699203936,0.134277117225225,0.08335560142797237,0.060739614963893344,0.32724469731972106,258.1944698773118,54.70945466437819,11.326692566960732
ST7012J0-PSG.edf,ST,N1,0.4589939872675612,0.12317151442797762,0.07181676640393839,0.047160780611455726,0.342345261435031,294.81779893792344,59.12566356266897,23.45756903936214
ST7012J0-PSG.edf,ST,N1,0.5557090466248192,0.13091213197380833,0.06470453371664293,0.041893172625128566,0.24148023240383448,336.5683940670207,63.46249460066587,19.47195215002693
ST7012J0-PSG.edf,ST,N1,0.5685873296220832,0.11320847770450553,0.05819849387425249,0.04740376580134804,0.25084621021972664,404.6877861197583,72.61802908951465,12.289518129909125
ST7012J0-PSG.edf,ST,N1,0.5898429246797213,0.10337977648903467,0.08265073667463244,0.042698179224102406,0.21473014546995883,311.66453030580476,67.105220855707,10.60801222072722
ST7012J0-PSG.edf,ST,N1,0.3719712642155361,0.13342612296445738,0.1619180181404802,0.11057191382040811,0.3178417119495175,462.91887932613076,89.7431094463249,29.958110288090793
ST7012J0-PSG.edf,ST,N1,0.8189731343366013,0.03153076833701295,0.053579942864352116,0.03841381125716535,0.09168025690539192,535.4330708661416,84.76806261891025,39.107903461560454
ST7012J0-PSG.edf,ST,N1,0.5027875488072759,0.09671797765230852,0.13329363709039188,0.1480627467132776,0.2545812928419,529.93957150705,89.9115573598935,32.687659637345256
ST7012J0-PSG.edf,ST,N1,0.28501514273146306,0.08495798026082492,0.2391687453866563,0.20353557301436595,0.3825948398826845,316.4255630836843,50.39624456059075,18.663876556356104
ST7012J0-PSG.edf,ST,N1,0.457511418270205,0.11591174499430451,0.10978327323557881,0.09212880799653643,0.3073793304203724,331.07489470792893,50.17059243353661,40.811825469848955
ST7012J0-PSG.edf,ST,N1,0.6151547440769081,0.06571292111825058,0.08791864875470985,0.07153954261668576,0.22548317051513708,313.4956967588354,58.865231340807014,76.08628889417182
ST7012J0-PSG.edf,ST,N1,0.8764274568676683,0.029410732580706676,0.044098636204381376,0.020591932402178877,0.048040879449856404,617.8355612525179,56.457841664500826,43.430974741198476
ST7012J0-PSG.edf,ST,N1,0.7069417235877963,0.09927743454198001,0.06736185795481542,0.04174403418764368,0.11807008890469055,334.370994323384,66.05780141379887,40.307080804649935
ST7012J0-PSG.edf,ST,N1,0.6700143007841165,0.05176332938542419,0.09272532866526782,0.059089264318514564,0.18185062482065578,526.2772386009888,96.44759439499504,40.79390552635479
ST7012J0-PSG.edf,ST,N1,0.2565248556517183,0.20220370948492922,0.17091679956055233,0.08199960597737473,0.3592342525042615,284.5632668009522,78.0714126981974,11.724053197045619
ST7012J0-PSG.edf,ST,N1,0.4963619402740147,0.10614374424347084,0.1263209499059516,0.07971114602075255,0.2585478074316557,551.913568943417,100.06305012491681,23.149306319313858
ST7012J0-PSG.edf,ST,N1,0.630708135474476,0.1039262700014856,0.10561096973601092,0.06229770809788573,0.1520121583330432,125.98425196850394,24.83968191428855,14.214247473132534
ST7012J0-PSG.edf,ST,N1,0.8883243363107228,0.0340653959450219,0.02019174539978009,0.01983378012780691,0.055317283773193705,991.0272843801501,113.70034289854003,149.00412622569252
ST7012J0-PSG.edf,ST,N1,0.5793330084193388,0.16804213337832966,0.08300000600446786,0.046207034001476084,0.16449177618328248,338.3995605200513,64.0897465749151,24.423724796988406
ST7012J0-PSG.edf,ST,N1,0.5274256891935419,0.19453189572670748,0.09568173755075128,0.0434056556955726,0.16849127782592785,162.60758102911555,32.58566473758224,17.97029533592447
ST7012J0-PSG.edf,ST,N1,0.6085697014227405,0.22314429060064656,0.06305824559083519,0.03758583021698801,0.09516412378824676,161.5088811572972,35.92675232869148,23.34211943706573
ST7012J0-PSG.edf,ST,N1,0.6061618428199891,0.18751382594695823,0.10553132638400642,0.03725492035410525,0.09329335871846269,210.21790880791065,43.21617969200671,15.97938506255449
ST7012J0-PSG.edf,ST,N1,0.30660159308337553,0.34509066059834453,0.08447204270659339,0.05653970415533229,0.25507234025785464,336.2021607764146,81.8659913843285,20.59404179058986
ST7012J0-PSG.edf,ST,N1,0.68316632438553,0.10773086355164928,0.07508933147279846,0.03937952474669563,0.12734907323626504,442.0435817615821,82.45576200816154,18.577020523900963
ST7012J0-PSG.edf,ST,N1,0.6546368690888594,0.15469812514229656,0.0767047964916267,0.03811788683778792,0.10509216584896597,172.8621131660868,48.017388931356585,12.308949731430841
ST7012J0-PSG.edf,ST,N1,0.6274419342712725,0.1434594334354983,0.08207558010615632,0.056786447126373256,0.13414209453265855,303.97363120307637,63.53342293530218,43.502775602491184
ST7012J0-PSG.edf,ST,N1,0.49380846495371095,0.22197058326150773,0.07062518932212612,0.03727882564598083,0.1971252122982866,331.4411279985351,76.64731597851609,17.259516540726064
ST7012J0-PSG.edf,ST,N1,0.34670152543932814,0.14579806910828602,0.13455801191971362,0.07352397051456126,0.3669344006817895,335.1034609045962,60.93653373819983,17.75959142057748
ST7012J0-PSG.edf,ST,N1,0.7256773654248252,0.04749612351711777,0.06623588643539245,0.05723271464385948,0.15671157882074127,284.1970335103461,51.751133715106555,23.914854105335742
ST7012J0-PSG.edf,ST,N1,0.39119632783806735,0.1364058413762959,0.0952223377673012,0.06374257960316732,0.3692307171916547,250.5035707745834,61.53899348517142,18.542972559602816
ST7012J0-PSG.edf,ST,N1,0.536123386190299,0.1501516721120298,0.10429607829724731,0.13498995188638027,0.20236476417927796,165.9036806445706,37.340852987168155,18.99953861136248
ST7012J0-PSG.edf,ST,N1,0.4371274130629241,0.10190118229226844,0.20355064129618988,0.0744794949382724,0.24597969881238654,424.46438381248856,69.28219998186823,29.958908319719466
ST7012J0-PSG.edf,ST,N1,0.4270967737113385,0.21355619809652313,0.1455910353379879,0.09378210070337142,0.1990860403644262,212.4153085515473,44.35469536138697,16.043376931843454
ST7012J0-PSG.edf,ST,N1,0.5276104740426588,0.17984109892401653,0.13582881221302834,0.05246234537347873,0.1485287778755891,399.92675334187874,79.8132696631707,34.3784366918823
ST7012J0-PSG.edf,ST,N1,0.2738100437450417,0.20140165039089497,0.14913447306448746,0.08863500706955107,0.34977720086382946,318.2567295367149,79.42895028371395,12.587444589128237
ST7012J0-PSG.edf,ST,N1,0.23337519365635404,0.197461359523588,0.2644193428032182,0.08490938248094833,0.28902272683658425,367.6982237685405,64.51795411915845,25.202649744653584
ST7012J0-PSG.edf,ST,N1,0.5724375417749993,0.08785716514854733,0.15336106921099843,0.06849578883992347,0.1801037342787163,239.51657205639992,36.44978272574963,20.053419161186795
ST7012J0-PSG.edf,ST,N1,0.3211642384292248,0.2117734083976526,0.23069746768082652,0.06892085759790192,0.22040439268691525,181.28547885002746,24.930551853206495,20.671584938581844
ST7012J0-PSG.edf,ST,N1,0.398787337677983,0.20044391549055296,0.1665874666881811,0.09909943594772476,0.2234289840796592,169.19978026002565,41.79451556696321,19.555967106130005
ST7012J0-PSG.edf,ST,N1,0.3697235573461852,0.13553931128355,0.10985362471744968,0.05324342668061094,0.37259013338663305,377.22028932429953,91.55513506351781,12.818958942761027
ST7012J0-PSG.edf,ST,N1,0.41019131308909984,0.11149239889775713,0.09028440048510464,0.07149970240254938,0.3816837650911175,279.8022340230727,53.38564385973506,21.682095597143622
ST7012J0-PSG.edf,ST,N1,0.3522228548321076,0.1920150617702012,0.09863903823690459,0.07096541125078855,0.35031244269599326,147.59201611426477,29.510645772187292,12.19268431698035
ST7012J0-PSG.edf,ST,N1,0.6678962985325643,0.07370284249145563,0.048606520579934975,0.03849249083423729,0.20536739267728443,246.10877128731002,45.769600045866376,14.889992254772357
ST7012J0-PSG.edf,ST,N1,0.5995273586887341,0.11257987335275649,0.06634039613013937,0.04247389385860624,0.21349959677287825,247.9399377403406,59.08261412702374,21.677913400688645
ST7012J0-PSG.edf,ST,N1,0.2596529368273309,0.21474214993698762,0.20895116132771924,0.09664089662542373,0.3019504068221033,263.6879692364036,48.8420865019705,14.916338923291775
ST7012J0-PSG.edf,ST,N1,0.327869540855366,0.13437246840150674,0.2520842704709613,0.08697400613452477,0.2674188513265338,185.31404504669473,41.68406763708709,24.840090978670812
ST7012J0-PSG.edf,ST,N2,0.6610047196334694,0.08508075143835143,0.06625058793798609,0.0607910965592354,0.1842963226678553,211.68284197033512,44.56184470458044,17.803560201779757
ST7012J0-PSG.edf,ST,N2,0.8042328132294532,0.043968980151591806,0.04479802398087007,0.0351278667957902,0.10317903283097293,252.7009705182201,44.024784371901774,17.609940757016336
ST7012J0-PSG.edf,ST,N2,0.6582819439449702,0.09894165997220587,0.06232694240388724,0.054844284903205864,0.16855196330600547,332.5398278703534,74.98804682869823,15.651780941396476
ST7012J0-PSG.edf,ST,N2,0.603044050916414,0.09252488138511138,0.07397455741983602,0.06185078982169663,0.22493711793696017,568.3940670206921,104.03424291027913,28.361190125230337
ST7012J0-PSG.edf,ST,N2,0.8733573279303436,0.04373312228824637,0.023271513699063003,0.01971704222707038,0.055152064033322366,383.44625526460356,87.56320585695518,26.861077870766824
ST7012J0-PSG.edf,ST,N2,0.8868553774594397,0.03505732563632969,0.022499432913445833,0.019896583372796973,0.05283745465551136,436.18384911188423,86.2190272305167,27.134268912956735
ST7012J0-PSG.edf,ST,N2,0.8367360627846855,0.051989057940064316,0.030905622506438933,0.0217605793888419,0.07573027099829227,317.8904962461088,60.32442758112686,19.29571117064241
ST7012J0-PSG.edf,ST,N2,0.8348121425820404,0.06453413267939555,0.02898672517853513,0.03181089278444429,0.06598054258694303,509.7967405237136,101.01917281788558,22.661078794566123
ST7012J0-PSG.edf,ST,N2,0.8138821372452383,0.05742167975408619,0.038180075498724306,0.03980606434284303,0.0867337892668756,468.77861197582854,90.54606677405899,22.270116933771163
ST7012J0-PSG.edf,ST,N2,0.8317075254135694,0.06435812311222461,0.03858952224775771,0.03736888915157046,0.059845033684259384,296.2827321003479,70.89576693345802,27.00011527175411
ST7012J0-PSG.edf,ST,N2,0.8893250070065221,0.03473417441057487,0.02551516737929875,0.021660435332828607,0.0478974795068205,357.8099249221754,75.3137083939043,34.02226844107317
ST7012J0-PSG.edf,ST,N2,0.8471908108810677,0.040545511573009785,0.04680200096970569,0.033563140867405264,0.06300904607864094,331.4411279985351,66.68452767555948,28.025329207941386
ST7012J0-PSG.edf,ST,N2,0.8626702804230606,0.058046746946436946,0.021644885443679717,0.019771802513223826,0.05505331706876541,257.8282365867057,55.65733806505981,19.814807667941896
ST7012J0-PSG.edf,ST,N2,0.7633397282663307,0.0626534774015034,0.05572463313071832,0.09920180437848819,0.11351391887910407,412.74491851309284,90.61816640081788,26.0882455341798
ST7012J0-PSG.edf,ST,N2,0.7994605228894052,0.07067342970251589,0.056323949636430705,0.05388192678595426,0.06997526057349203,429.59164988097416,88.72664705101887,34.58460388597971
ST7012J0-PSG.edf,ST,N2,0.8028224372822891,0.06085592830989218,0.04006662082758746,0.07076815510785145,0.0911578449367249,472.4409448818897,102.33112623181377,28.387611583495442
ST7012J0-PSG.edf,ST,N2,0.7312723725156163,0.09202294270580823,0.06926637324052248,0.06777608382403104,0.09730032670509245,308.7346639809558,68.30577602206968,17.84571060183848
ST7012J0-PSG.edf,ST,N2,0.8076386979017086,0.05466040193307015,0.050500036851933695,0.07258570618105936,0.08248492990796488,374.65665629005673,72.57645164048824,28.861582863597462
ST7012J0-PSG.edf,ST,N2,0.7132573510299448,0.0766084848269143,0.07920937807422322,0.05877983495859031,0.12507447901002905,216.44387474821463,48.33695510051865,19.70266874726944
ST7012J0-PSG.edf,ST,N2,0.8981623028587811,0.040566812455381955,0.0264954915256759,0.027163438007238836,0.0323032437757148,360.0073246658121,70.95116120300463,35.78782166258623
ST7012J0-PSG.edf,ST,N2,0.5913295393127368,0.09803286235006758,0.11741342750275305,0.07314609582325864,0.18090747522690406,356.34499175975094,65.30026942347625,20.947931343492673
ST7012J0-PSG.edf,ST,N2,0.7049139023690655,0.09380594364111047,0.07631055796865616,0.095448918721222,0.11956600583791148,442.40981505218826,92.14966792548253,28.747596757522267
ST7012J0-PSG.edf,ST,N2,0.7854247217088051,0.07772915928656096,0.055866898935150025,0.07615820367117651,0.07484669462067238,332.90606116095955,55.591596381667884,26.70915250903452
ST7012J0-PSG.edf,ST,N2,0.7951569265521538,0.06181853914435276,0.04906260323018687,0.08555267651606545,0.08905878519261516,380.88262223036077,66.73466872588219,31.03888589064008
ST7012J0-PSG.edf,ST,N2,0.6483003625283784,0.09284957966434838,0.1545777591437414,0.09376767512932423,0.09675959370823052,263.6879692364036,47.48140757378185,35.295270023233755
ST7012J0-PSG.edf,ST,N2,0.8778983901753797,0.05500336204026623,0.031401406656437675,0.02926106643401929,0.0321170424888529,436.9163156930965,87.68061302266325,25.18132880052085
ST7012J0-PSG.edf,ST,N2,0.8274455682474694,0.05274026926386751,0.04070894617665997,0.08328775778236802,0.07521578627613186,226.33217359457973,49.00272393099281,31.8781730295282
ST7012J0-PSG.edf,ST,N2,0.7775216814177164,0.07920217563602898,0.06011496036159214,0.08404962357897458,0.07851713282395255,212.0490752609412,52.92526636688748,23.683347998836613
ST7012J0-PSG.edf,ST,N2,0.6934338456653437,0.0939213907418118,0.09980858862494367,0.12755834488192305,0.10188580925358746,280.1684673136788,53.77700922275651,25.957408496166106
ST7012J0-PSG.edf,ST,N2,0.7073874428019377,0.11709870176135584,0.07633318948468076,0.09737264344047276,0.0910964801429658,278.33730086064827,64.21533670761953,19.81061760675273
ST7012J0-PSG.edf,ST,N2,0.8150264269913957,0.06697461050747905,0.04249154939823717,0.07758011318441357,0.06989124619359433,238.05163889397545,42.72938521370039,24.86942155479853
ST7012J0-PSG.edf,ST,N2,0.7873269012471986,0.08576675256631651,0.05953272880975376,0.031117504135371166,0.06260802786201515,310.9320637245926,67.8215311414291,24.95598669946227
ST7012J0-PSG.edf,ST,N2,0.681231553115529,0.10821038862357152,0.08481960506977933,0.12522475791574436,0.11778018297731616,293.7190990661051,75.42365672249025,22.8007559220478
ST7012J0-PSG.edf,ST,N2,0.7416146054319855,0.10265316236746329,0.08413301378161607,0.08284553082173923,0.06130614693725285,339.8644936824757,61.70275115856699,19.32722326026468
ST7012J0-PSG.edf,ST,N2,0.7679482220276133,0.08749296104776601,0.07618573250373928,0.09421666969817566,0.059803070264176104,162.60758102911552,27.517620072596053,24.122948782871124
ST7012J0-PSG.edf,ST,N2,0.7962560601353224,0.07772195064419667,0.06217671424058246,0.07048785626318688,0.05643642328075583,147.9582494048709,28.071410923579887,19.58882693444212
ST7012J0-PSG.edf,ST,N2,0.828187635067485,0.08451507266519617,0.05014064855603305,0.04487077146793049,0.02657707681789934,182.3841787218458,19.83870750901908,26.443831706631055
ST7012J0-PSG.edf,ST,N2,0.8799349541694992,0.054617958769028085,0.038073893999601864,0.030070219290379088,0.023117253367470548,103.27778795092473,15.701343998178155,23.386167478704884
ST7012J0-PSG.edf,ST,N2,0.7983032215816263,0.09109519330117499,0.03583944509928457,0.07384605353885938,0.06870089157248829,124.51931880607947,20.028032783536005,29.141592148656297
ST7012J0-PSG.edf,ST,N2,0.8210951089570464,0.0861864516984459,0.060592106472088965,0.041900885048115157,0.024139599652819844,143.5634499175975,22.49311965858292,27.258511744781586
ST7012J0-PSG.edf,ST,N2,0.8102552686031335,0.10262487252572106,0.046310955970204515,0.03033494672681306,0.03587799225778044,361.4722578282366,66.71303278762856,26.314724783113395
ST7012J0-PSG.edf,ST,N2,0.8578515327379053,0.06925900650333412,0.0419505803392065,0.02410420500859569,0.026774044711770324,209.4854422266984,41.255707269370106,26.586916623365294
ST7012J0-PSG.edf,ST,N2,0.8711546507474132,0.05673777278318257,0.03796640195004197,0.04176413481331078,0.029666309453549367,104.37648782274309,15.270271695661231,26.148523698821595
ST7012J0-PSG.edf,ST,N2,0.8051760631070102,0.09002346150552205,0.06053338482706608,0.038120965687310805,0.03802027005799113,197.03351034609045,42.941557877235404,28.72332998308775
ST7012J0-PSG.edf,ST,N2,0.8067300821698513,0.08643093001376206,0.05308220134833535,0.060682265247904627,0.045659267292196964,188.24391137154367,43.939831862425876,22.76743481552723
ST7012J0-PSG.edf,ST,N2,0.8700700755649422,0.07242916362045043,0.03238141568774229,0.023764830822894944,0.0216835483421182,272.8438015015565,47.672201364887044,24.194694193677407
ST7012J0-PSG.edf,ST,N2,0.767092773582535,0.10536496531785357,0.0653907635469783,0.07543917004644753,0.055599643577916705,140.63358359274858,23.251229014017575,23.74849833543762
ST7012J0-PSG.edf,ST,N2,0.7060421268731067,0.08690887305464656,0.13729802971367092,0.05647536822663939,0.06065877223802783,275.4074345357993,53.17503749642132,31.937411048390008
ST7012J0-PSG.edf,ST,N2,0.8402770878195848,0.036427886591980416,0.03535333242616396,0.032209220117802036,0.08447875468847447,310.56583043398643,50.11499821526057,23.353078578927125
ST7012J0-PSG.edf,ST,N2,0.7690930717391208,0.07065051374221681,0.08143342427995975,0.048508078479419396,0.07464972830829786,380.88262223036077,59.289971028893056,22.95835323938102
ST7012J0-PSG.edf,ST,N3,0.8617242875420871,0.05213373045307357,0.033522475822350566,0.052616750445615514,0.047172409713032555,175.42574620032963,30.002687768963423,30.744889938738464
ST7012J0-PSG.edf,ST,N3,0.8670367626288534,0.04990071544471505,0.037902873518325116,0.04389228498777049,0.03973626150465771,283.0983336385277,46.94970029497339,30.36283749678449
ST7012J0-PSG.edf,ST,N3,0.8965876403542528,0.04141586604814363,0.03276630988234731,0.03256484599332599,0.025039866238657667,207.2880424830617,38.328426115714024,34.72753994516233
ST7012J0-PSG.edf,ST,N3,0.9057890827285171,0.04160071026107502,0.026139350501337113,0.023096481176791993,0.02345783102002193,243.1789049624611,44.533956403612976,30.044451926692027
ST7012J0-PSG.edf,ST,N3,0.9013433754796776,0.03460396737675862,0.028350104515845607,0.03846459649950982,0.03157149117848548,135.87255081486907,20.926804345174354,27.38304998063189
ST7012J0-PSG.edf,ST,N3,0.8861527476740708,0.058834902724493494,0.02935178375196202,0.028563819217645756,0.022634855858234257,157.1140816700238,27.069345215119082,30.591861602160428
ST7012J0-PSG.edf,ST,N3,0.8769614214129045,0.051448790075514166,0.04376983050376886,0.03386102362481861,0.023745590138636568,123.05438564365501,18.2931062580696,26.28445887199061
ST7012J0-PSG.edf,ST,N3,0.8486058918859771,0.08876403273921071,0.03710111632750478,0.02949582932552661,0.02127450131208826,131.84398461820177,15.670204510805869,27.94920008124569
ST7012J0-PSG.edf,ST,N3,0.8809438171528318,0.056338307229207636,0.03713869862504919,0.03395278343597287,0.019060496631466837,155.64914850759934,19.67916710113333,26.647599947826127
ST7012J0-PSG.edf,ST,N3,0.8450109285067386,0.0685248815844214,0.048179150152013545,0.0523712206256165,0.03353660289146674,181.28547885002746,33.67170320006258,28.152208346588395
ST7012J0-PSG.edf,ST,N3,0.8973984611893451,0.05609043838110853,0.02756608397485143,0.02216034641824774,0.016443994844671395,157.48031496062993,19.353402792695736,23.86815885478418
ST7012J0-PSG.edf,ST,N3,0.816167460431158,0.0798416977836497,0.0606502825379231,0.06155373259767563,0.032598989289414744,186.7789782091192,34.628763047537035,26.129584414064087
ST7012J0-PSG.edf,ST,N3,0.9211875478795818,0.041847113229534404,0.02027662888216008,0.01649847557076342,0.01381030912246393,236.95293902215712,41.02337752970831,31.965677383636017
ST7012J0-PSG.edf,ST,N3,0.8813140034388475,0.0653439140939561,0.026655732062911452,0.017092145710277097,0.02287980598643173,256.7295367148874,42.62785208726894,31.928171672238715
ST7012J0-PSG.edf,ST,N3,0.8370241051268699,0.07038339530287131,0.06590440135404153,0.04246162559304554,0.021060421386087224,105.84142098516755,18.41206408937258,26.035714868774676
ST7012J0-PSG.edf,ST,N3,0.9080386747763967,0.0490302968649914,0.025613417054101372,0.019876499162991137,0.014591068171333517,114.99725325032045,16.884737798121645,28.20353890915749
ST7012J0-PSG.edf,ST,N3,0.8795829615034237,0.053145174383316486,0.040562189608296696,0.03720473245096911,0.0235115266152355,114.99725325032045,20.187194351351582,26.69145849780931
ST7012J0-PSG.edf,ST,N3,0.9004590057072634,0.04580461875731744,0.03236094603571611,0.024527127771150386,0.017611088522885534,160.04394799487272,22.129871606501826,25.86773533138533
ST7012J0-PSG.edf,ST,N3,0.8315371951554569,0.07731065778161675,0.0553079860911324,0.05047525515119424,0.03196662375363638,113.16608679728986,16.357883606902025,30.219172579287672
ST7012J0-PSG.edf,ST,N3,0.886276664080586,0.04724673677333096,0.04085285698087214,0.030990531070334382,0.023283487853507607,116.82841970335103,20.112018987540736,27.357685902076277
ST7012J0-PSG.edf,ST,N3,0.7678929035908868,0.07844911838365314,0.08853628243378046,0.09399152138290877,0.057694302919113226,119.75828602819996,16.100431877522837,24.262427099809276
ST7012J0-PSG.edf,ST,N3,0.8267591257952075,0.06641427163223244,0.04321613259460387,0.06524355410177353,0.06012850689094189,138.4361838491119,21.39225838705594,27.78147271703755
ST7012J0-PSG.edf,ST,N3,0.827058602803518,0.07583761166026341,0.04844664350465084,0.05572661873281721,0.044227410440239597,108.40505401941036,15.952583200933114,25.756818702802295
ST7012J0-PSG.edf,ST,N3,0.8863012006296754,0.048766134935692804,0.042312372181222205,0.025280319880633745,0.019592638763959367,157.48031496062993,23.043014860903565,27.519592513974153
ST7012J0-PSG.edf,ST,N3,0.8629646811102704,0.05735098460224211,0.03961000179184121,0.04296317298810621,0.03536819804620647,123.78685222486723,15.706858444960762,27.67208491545025
ST7012J0-PSG.edf,ST,N3,0.9038160761016555,0.047509248241547605,0.029523858068350832,0.02060104510135983,0.017039472191245852,105.10895440395532,16.882967417345995,26.480390773959414
ST7012J0-PSG.edf,ST,N3,0.7998539856998073,0.0698957479383227,0.06432663144614564,0.08590477795596899,0.05822550531684958,111.3349203442593,17.21579600592967,27.26365108460989
ST7012J0-PSG.edf,ST,N3,0.8565757979560106,0.06223083814416419,0.043444051366341246,0.04285567424127485,0.033786806531421916,134.4076176524446,18.129966870845383,25.719941934590008
ST7012J0-PSG.edf,ST,N3,0.8807065394825708,0.04906084857117324,0.043476547872332155,0.03474200314684592,0.024049261081821777,125.61801867789782,18.74287184595394,25.389752000818454
ST7012J0-PSG.edf,ST,N3,0.7951895158412711,0.07897583388756359,0.06965200556921532,0.07831791448350066,0.048402869005753205,99.61545504486358,16.452607469498112,23.683029334463367
ST7012J0-PSG.edf,ST,N3,0.9397866821352074,0.031599862281939,0.01574202215029932,0.017350548919645544,0.011249019644235357,115.36348654092657,17.34992202615362,26.902418369152546
ST7012J0-PSG.edf,ST,N3,0.8312915419377596,0.06699371555611383,0.05604052308766518,0.060298680781420734,0.041340837863531765,120.4907526094122,17.01931840587968,24.74935118674161
ST7012J0-PSG.edf,ST,N3,0.8626731459834724,0.0490460122346843,0.04135899920976249,0.0515997506683193,0.041030607833134634,117.92711957516937,16.780940591337142,31.804643160206787
ST7012J0-PSG.edf,ST,N3,0.9280133266041183,0.02769311963260214,0.023270642299566092,0.023364678808713197,0.01841574699273837,112.43362021607763,16.937593931973172,30.603172966379876
ST7012J0-PSG.edf,ST,N3,0.9200616311316802,0.04404929380741809,0.02042879085083863,0.014673806610268968,0.01321978919428636,113.53232008789598,18.88456368252756,29.565779510366795
ST7012J0-PSG.edf,ST,N3,0.8924488421897958,0.05481297771458262,0.03334963541079471,0.015428889374242622,0.01647770820996852,137.33748397729354,17.472029672581233,26.456791636382686
ST7012J0-PSG.edf,ST,N3,0.8996263844263781,0.040862754739929875,0.029070005800925048,0.030080469210683948,0.026726163677219757,96.68558872001464,15.777101247203198,24.44063049249257
ST7012J0-PSG.edf,ST,N3,0.8655327202461086,0.05264014213413731,0.04979955024764522,0.046339048362966935,0.029204208080289177,139.53488372093022,27.129747444721993,31.161958838781953
ST7012J0-PSG.edf,ST,N3,0.8483059914319194,0.06628087960430405,0.04861784739378276,0.03603971291131791,0.03304673543233466,123.78685222486723,17.53844848575877,25.84026375340834
ST7012J0-PSG.edf,ST,N3,0.9000217854995584,0.03936592268940513,0.034293301988596384,0.032111032671932487,0.022560734685966588,184.5815784654825,20.62599577600295,32.36248616563053
ST7012J0-PSG.edf,ST,N3,0.8515968074776515,0.0760030330432189,0.03392728547798565,0.04173571703084093,0.03121187264895141,183.48287859366417,19.535660388833318,24.945633041210083
ST7012J0-PSG.edf,ST,N3,0.9191552609988,0.04009640198531508,0.021144842620564024,0.02036363391236182,0.016236627583184615,99.24922175425746,13.4408046614837,28.793708899407665
ST7012J0-PSG.edf,ST,N3,0.8610856282852625,0.06969972711595825,0.03010486022762461,0.03801759287870231,0.0340398034187286,86.4310565830434,13.793327557879037,21.277502672602306
ST7012J0-PSG.edf,ST,N3,0.8861748850559524,0.06109023646103181,0.026725980873369682,0.03197552400236771,0.022052286081823018,116.09595312213881,16.983035185237725,26.51367695564081
ST7012J0-PSG.edf,ST,N3,0.8772188165572455,0.04776700958835112,0.035562760144668894,0.03972831333414058,0.032802194713732316,90.09338948910457,13.485528403382487,24.000042406082642
ST7012J0-PSG.edf,ST,N3,0.9391308888035389,0.033795289618899334,0.016484613024968422,0.010395710139335958,0.008544582458193773,119.39205273759384,19.635703193583073,30.31724614380297
ST7012J0-PSG.edf,ST,N3,0.8598237942797995,0.07851984589974748,0.035329988954903836,0.029500486510668587,0.019728528892479745,164.07251419154,17.82088921464928,23.653368061986395
ST7012J0-PSG.edf,ST,N3,0.9242112549931191,0.03811445924756043,0.016977495106126252,0.023550678890021305,0.01780031027634612,139.16865043032413,17.321588390767094,33.10542513964962
ST7012J0-PSG.edf,ST,N3,0.9250656134433733,0.04560685723460385,0.015437512481428044,0.015003438529045154,0.011169538137856788,109.1375206006226,16.035949370630107,26.26845508723647
ST7012J0-PSG.edf,ST,N3,0.9108888182954331,0.04462976970911058,0.02455122109615324,0.024554355784078944,0.016837042941463026,128.54788500274674,18.031951198904775,31.060167583840204
ST7012J0-PSG.edf,ST,REM,0.41938734348748496,0.10369236821877807,0.20193677102656754,0.34007491414371843,0.2647409335687914,405.7864859915766,76.85288952764652,19.16035303414149
ST7012J0-PSG.edf,ST,REM,0.6068013157470765,0.11262727576622084,0.06567317080926593,0.11277527158241743,0.20635596074641102,329.2437282548984,71.79247115655009,15.232248874562206
ST7012J0-PSG.edf,ST,REM,0.701955213902903,0.11064820057474321,0.060311077009019824,0.05936617918181246,0.12057240543546999,368.4306903497528,77.82288291742402,23.0937190094174
ST7012J0-PSG.edf,ST,REM,0.5164297743921474,0.19855200544523938,0.07318262956046545,0.08126531610919509,0.2010724005759824,318.2567295367149,69.12177983274134,16.586544315336305
ST7012J0-PSG.edf,ST,REM,0.682048889132061,0.10796706416302947,0.048298906422775296,0.030434973408911433,0.15409649915100992,390.03845449551363,78.00387458140624,22.054809751746564
ST7012J0-PSG.edf,ST,REM,0.5465733102653697,0.17193562728668668,0.05519905343872117,0.06700577665544816,0.2124606914647573,363.66965757187324,66.25439083237836,28.898174586403954
ST7012J0-PSG.edf,ST,REM,0.4648794118263636,0.11738234886048632,0.08159572541361093,0.2320261375438393,0.32849466298287616,192.63871085881706,40.77424478986434,28.752817268679166
ST7012J0-PSG.edf,ST,REM,0.5005502745515266,0.19291473881691162,0.09118014669267313,0.07825438052562468,0.20473790384936788,284.5632668009522,54.34932597961938,15.88199089965299
ST7012J0-PSG.edf,ST,REM,0.5809482788518355,0.1808074014564777,0.08004122301734569,0.04181844590151419,0.14702189596179469,280.16846731367883,55.529944589862126,17.806024213390028
ST7012J0-PSG.edf,ST,REM,0.6024367526785104,0.1729554185511908,0.06168958072026316,0.06872928687359006,0.14890552236281643,265.1529023988281,51.690396389320505,21.339516817876465
ST7012J0-PSG.edf,ST,REM,0.3987031162781388,0.17734354511373707,0.13594647111049335,0.14617427356463925,0.27886625649622415,170.6647134224501,36.09470901214749,24.041081089961022
ST7012J0-PSG.edf,ST,REM,0.5408834144282041,0.20630670296615267,0.06343685877171198,0.04261462385012716,0.16228849388207395,145.02838308002197,30.04952749433474,9.363024164019599
ST7012J0-PSG.edf,ST,REM,0.39642203919320845,0.18516310794926086,0.16028043201550393,0.07971139306361325,0.23217537385802767,152.35304889214427,39.958480416486054,14.01380221175883
ST7012J0-PSG.edf,ST,REM,0.32886052692256035,0.11994961721876572,0.21003128079323116,0.1171023584504027,0.32700252608761404,172.49587987548068,30.30970954427755,12.091633983192507
ST7012J0-PSG.edf,ST,REM,0.3152683526011676,0.13538002484471193,0.24163778112830692,0.14636299719165308,0.29818221935789957,220.4724409448819,38.27282967061388,12.647285994464104
ST7012J0-PSG.edf,ST,REM,0.3965868131695664,0.09502263408357373,0.1264336840651027,0.11422449120193992,0.3695961344499189,177.6231459439663,29.406989521834873,10.15078608130933
ST7012J0-PSG.edf,ST,REM,0.6971293149695905,0.09523213848832715,0.08994322320367446,0.08070374697373948,0.10868820108383587,422.26698406885185,89.56268353111855,20.09960004313467
ST7012J0-PSG.edf,ST,REM,0.6806178128536422,0.14384229775183113,0.0724802696334083,0.041243776926845985,0.09231432457002674,338.3995605200513,77.25765124402594,18.501276292902922
ST7012J0-PSG.edf,ST,REM,0.5697579508614946,0.21497990057658561,0.08124858071848177,0.06021416382836119,0.11830875620849017,387.1085881706647,80.11183403995163,17.046833026315213
ST7012J0-PSG.edf,ST,REM,0.7517964579407321,0.1200915889392045,0.0451780760839927,0.024170811583693958,0.07183563890059821,728.4380150155649,168.00508272720387,15.899133338772115
ST7012J0-PSG.edf,ST,REM,0.5801659795614508,0.16266983740679397,0.10417252919616411,0.05718891101732066,0.14515641855392386,399.1942867606665,102.78996743763078,29.960504068507298
ST7012J0-PSG.edf,ST,REM,0.6023068155643694,0.17619246184424098,0.08521604192142083,0.05314439294427724,0.12935645585028877,413.84361838491117,95.81799995205162,21.017568176748934
ST7012J0-PSG.edf,ST,REM,0.7344591347122374,0.110100130844923,0.05015497127636764,0.034652668190936244,0.09128000295620951,309.10089727156196,72.09048712540952,21.52907106626858
ST7012J0-PSG.edf,ST,REM,0.7859052102337755,0.06997680196489607,0.04799469468826227,0.04426154336721784,0.09264673987093282,649.3316242446438,151.2838237485611,22.697129671038734
ST7012J0-PSG.edf,ST,REM,0.7013957582813195,0.041917205020940006,0.06964965964113537,0.042946331530032404,0.18464954892983354,599.1576634316059,107.34290694725327,74.47839255410392
ST7012J0-PSG.edf,ST,REM,0.7705587108206953,0.09140398842667995,0.04399092927214305,0.037943128690996704,0.08602517413029165,780.8093755722396,167.66679666625086,21.769256371573377
ST7012J0-PSG.edf,ST,REM,0.7102557459968424,0.08523628697186494,0.07292291223192551,0.05211962753340769,0.12522228940230418,586.3394982603918,120.48008825367279,22.230325744138156
ST7012J0-PSG.edf,ST,REM,0.8197783738898553,0.09187535139815178,0.03409573972852858,0.01983380141299411,0.048137195508818696,750.4120124519318,170.69337690699132,16.028042311250132
ST7012J0-PSG.edf,ST,REM,0.6777469041223249,0.14710428214817806,0.06307118609599878,0.03865826866272192,0.10216889055149303,740.8899468961729,168.52017503518795,20.51177879820225
ST7012J0-PSG.edf,ST,REM,0.8763030294278005,0.05830693622109278,0.021396618628334054,0.01175191000995712,0.039995933880459376,681.9263871085882,149.46487626628607,34.41544028592156
ST7012J0-PSG.edf,ST,REM,0.7837902769922112,0.08525817451056047,0.046225293951095835,0.031011135704262383,0.07984285291673607,741.6224134773852,138.2075189770259,27.95518335462528
ST7012J0-PSG.edf,ST,REM,0.5732009803592885,0.19182622742380748,0.07027466397960677,0.05655346680562571,0.1304137724488296,81.67002380516388,17.250336213407063,13.307951424795684
ST7012J0-PSG.edf,ST,REM,0.6249188281659923,0.18527977942061039,0.06474336050329267,0.05159757495254166,0.11323358335063063,288.2255997070134,54.59567713415118,17.369090842847577
ST7012J0-PSG.edf,ST,REM,0.4291860714733939,0.24265580388057706,0.13947078318098174,0.07142189058664702,0.18208922930251364,234.75553927852042,42.019643825834315,13.238707165911551
ST7012J0-PSG.edf,ST,REM,0.6274231654325372,0.14649244858936172,0.07801795371656613,0.041499858211165704,0.1402149179035272,207.2880424830617,50.91999360418709,21.619739919352263
ST7012J0-PSG.edf,ST,REM,0.6926496361583762,0.13012759499852,0.06523647046144777,0.04641369048511651,0.10329846392987241,240.24903863761216,50.687092167801104,15.237139417781515
ST7012J0-PSG.edf,ST,REM,0.6770064510714846,0.16058240273487995,0.05822547819799015,0.04339927497261462,0.09308230861962422,646.0355246291888,159.41017377644326,22.743274795192036
ST7012J0-PSG.edf,ST,REM,0.8825883921784123,0.058038448696435735,0.016721922257311377,0.011448240594583272,0.03655281071166704,898.0040285661967,195.39537119640556,40.64177652119091
ST7012J0-PSG.edf,ST,REM,0.7703386069075311,0.10627820057933816,0.054411294814143335,0.0316877252477378,0.06386268154307949,738.32631386193,182.79602299067426,39.29584407861308
ST7012J0-PSG.edf,ST,REM,0.8704995972753287,0.04436190152653399,0.02499045406448567,0.026070825872653615,0.057061374651747446,644.2043581761582,144.46523623494286,37.25650894854109
ST7012J0-PSG.edf,ST,REM,0.4934609255505661,0.2022867310860802,0.11715894915140354,0.06279534602922998,0.17178814222202732,235.48800585973265,49.195279690080596,10.194677787329534
ST7012J0-PSG.edf,ST,REM,0.6892011586636682,0.15177802396500392,0.05990685615801022,0.0367030512939372,0.09187337405496175,386.7423548800586,82.13438101762772,14.743800908814144
ST7012J0-PSG.edf,ST,REM,0.8628655387679758,0.07209664144219376,0.022942828268789725,0.015782568631232553,0.03843112341033391,776.04834279436,154.85710778756948,41.018440568742
ST7012J0-PSG.edf,ST,REM,0.7769396704575449,0.10250935972433793,0.05102894397462551,0.030423730356910633,0.06229925450322144,680.8276872367699,167.6172858939941,33.837405629646305
ST7012J0-PSG.edf,ST,REM,0.4375488684975148,0.18478567190641437,0.2015330099596214,0.06451847683087107,0.16430070984624423,776.04834279436,132.91459329584796,54.202833704335404
ST7012J0-PSG.edf,ST,REM,0.6441776668284024,0.14984935807657151,0.06692659095363235,0.04729277125736116,0.13339293832189722,311.66453030580476,59.65939501800018,18.153806294496626
ST7012J0-PSG.edf,ST,REM,0.5886011184461304,0.10727323037261098,0.09660187028580293,0.0809167786406304,0.19456736973339475,300.3112982970152,57.61309465492483,24.901752056704595
ST7012J0-PSG.edf,ST,REM,0.7324185675432178,0.10903266261578792,0.05115724152954321,0.03208525492843771,0.09042033036549971,261.12433620216075,62.973540720459965,25.88588746997992
ST7012J0-PSG.edf,ST,REM,0.8511993853543921,0.08663254064662484,0.019833718089905628,0.014160298855778098,0.03517429704775702,658.8536898004029,120.39233940378416,32.57336237896717
ST7012J0-PSG.edf,ST,REM,0.7691881777140714,0.1218818046239409,0.037699309093807365,0.029322127691165642,0.06790475940850761,625.5264603552463,129.7869222225573,36.847890274234594
ST7051J0-PSG.edf,ST,Wake,0.9073571650379778,0.05279750723128044,0.015336172661149875,0.009163348922138536,0.01918209396671481,643.8381248855521,117.00797299285729,62.74807828156071
ST7051J0-PSG.edf,ST,Wake,0.958379594001761,0.02548973615611313,0.005242445984572306,0.0027523002375371146,0.008303723305898857,1496.0629921259842,211.21373688006773,122.68562937184159
ST7051J0-PSG.edf,ST,Wake,0.8842905602588241,0.0676013486129528,0.012409396591283034,0.007754797449058093,0.026032058230576367,434.7189159494598,88.28699516375472,36.90146794701443
ST7051J0-PSG.edf,ST,Wake,0.9035117811048292,0.055270845013955704,0.011147329318493547,0.005599962927394061,0.025664713527584808,354.5138253067204,75.34821636253862,62.16519681264023
ST7051J0-PSG.edf,ST,Wake,0.8298048189166399,0.06307796733240008,0.02441798263744407,0.01466274328138118,0.07412173818461651,342.42812671671857,66.82902839468053,65.01149102995466
ST7051J0-PSG.edf,ST,Wake,0.8305761108673421,0.07945885518382714,0.027702034381047014,0.01710840519798628,0.057832490030389164,406.51895257278886,66.97334906352178,38.06876179553904
ST7051J0-PSG.edf,ST,Wake,0.8872766572092541,0.0533250061419306,0.016336274055876936,0.008431280321196331,0.03828944589754697,400.2929866324849,62.6995183521624,54.34023154849844
ST7051J0-PSG.edf,ST,Wake,0.8696231352050166,0.0606968358961965,0.02242148727885043,0.01608999770689629,0.04334766018100077,305.43856436550084,57.687463770412364,44.38298593613052
ST7051J0-PSG.edf,ST,Wake,0.8393627293413971,0.03271804444532583,0.037194758313084816,0.018688374819142657,0.08719948850046944,818.1651712140633,125.18297267859454,120.81317203493609
ST7051J0-PSG.edf,ST,Wake,0.6542718507411851,0.14064989083680401,0.08726235145985052,0.04036268137055151,0.11147787510258786,525.5447720197766,93.71037668058223,29.23301164601121
ST7051J0-PSG.edf,ST,Wake,0.6065163003423746,0.11258786315000185,0.13548961470647225,0.13872428114516386,0.13374781530761476,297.3814319721663,88.94533601047229,26.354509700404268
ST7051J0-PSG.edf,ST,Wake,0.4942224256977996,0.18304417484833382,0.09078044069373223,0.2314102809199619,0.21290925885553078,132.576451199414,32.12624542569595,18.24737156713671
ST7051J0-PSG.edf,ST,Wake,0.681418207281105,0.138777145670187,0.058373506313273135,0.09901093999555895,0.11106123006917548,203.62570957700052,59.79938713336329,25.818752599786166
ST7051J0-PSG.edf,ST,Wake,0.6428280248368414,0.13596948512462217,0.10409337039762571,0.12545302288329702,0.09512661985206512,109.1375206006226,24.944995463359096,19.81696414221653
ST7051J0-PSG.edf,ST,Wake,0.44267760786115995,0.1211888011721852,0.1879000153054467,0.35001337165577,0.21190373663484705,165.17121406335835,38.681070147538975,16.465215188516627
ST7051J0-PSG.edf,ST,Wake,0.5732751197557665,0.14783226007685457,0.11025192609963434,0.18768001329902023,0.14993470917600454,79.8388573521333,12.961827422041058,14.45493069755361
ST7051J0-PSG.edf,ST,Wake,0.5796497148776791,0.0891791998636063,0.13416981270043998,0.2510368536658225,0.16000302522142404,83.86742354880059,14.88483877241884,15.136111891044774
ST7051J0-PSG.edf,ST,Wake,0.4429344462357688,0.10286500244959591,0.20659498571015608,0.38653261599096167,0.22378021877522516,325.94762863944334,67.17933545958675,27.72454250437633
ST7051J0-PSG.edf,ST,Wake,0.6109485403291657,0.19416404378739519,0.09856477061076933,0.034591971797696956,0.0866138129808499,263.68796923640355,72.81898439928868,43.110978724430154
ST7051J0-PSG.edf,ST,Wake,0.8881129927757492,0.0469389889071968,0.034164995955105255,0.036417946126348646,0.022538394624827908,182.0179454312397,31.360946205223016,28.62234485511246
ST7051J0-PSG.edf,ST,Wake,0.8917880689628865,0.05058307612028857,0.02321769824861752,0.038372762689250106,0.02878505090991718,112.43362021607763,18.544337705705903,31.14184067411453
ST7051J0-PSG.edf,ST,Wake,0.8530182603696821,0.06745146363771448,0.031058802707296496,0.019492050932391675,0.04377861686247311,437.6487822743087,116.86754059740387,28.228910690918614
ST7051J0-PSG.edf,ST,Wake,0.8652081799425065,0.07353122871882976,0.027947588959207268,0.01777458071362268,0.030059813151155846,1763.0470609778429,485.33808037405396,43.12328002855892
ST7051J0-PSG.edf,ST,Wake,0.6200622649555928,0.24628797958079687,0.058406794299186035,0.03662693866405739,0.05475408476727562,1282.9152169932247,207.7132112481484,26.12143374189393
ST7051J0-PSG.edf,ST,Wake,0.6007133778042242,0.17358393637445416,0.09634755128818406,0.059095417056405565,0.11769403337842595,1230.54385643655,266.61903195192497,17.609273099172402
ST7051J0-PSG.edf,ST,Wake,0.6810866529218246,0.1481221496142229,0.07649205939928462,0.05529033792039944,0.08310427476105238,635.4147592016114,178.42927562931283,29.863979481329185
ST7051J0-PSG.edf,ST,Wake,0.7091011140867979,0.10483420145713264,0.07141615556474153,0.0449415773493583,0.10167734429971216,714.5211499725325,156.50917922778524,45.23544809879447
ST7051J0-PSG.edf,ST,Wake,0.7602750981462818,0.14890982187541357,0.041545032434138936,0.024295518923411124,0.03909868484683741,1946.5299395715072,421.0143569627929,47.803726381668476
ST7051J0-PSG.edf,ST,Wake,0.6667624468040699,0.21346866409816578,0.05611573941107784,0.031058155008345384,0.05136558328784943,1164.621864127449,353.96124680656743,31.38996669295969
ST7051J0-PSG.edf,ST,Wake,0.6204915135273593,0.11238172801864751,0.09118655873227043,0.087581461880598,0.16884930116877891,405.0540194103644,90.13386462901009,20.73757515925307
ST7051J0-PSG.edf,ST,Wake,0.6965813799146475,0.13978741763366245,0.06984956431562007,0.04802700393409142,0.08468030224978222,337.667093938839,85.35835602524399,35.993357417571374
ST7051J0-PSG.edf,ST,Wake,0.6855996200094893,0.17271173926170777,0.06214006680017249,0.04404164314229509,0.06948652187207814,462.18641274491847,104.29547610228369,19.43204528187537
ST7051J0-PSG.edf,ST,Wake,0.6597420697307502,0.14058984972442226,0.0849598028945838,0.060938920269386375,0.10510220689166117,809.0093389489105,237.44608822846575,50.45422903107332
ST7051J0-PSG.edf,ST,Wake,0.6088612786798524,0.1832929787690037,0.06513832991617238,0.13636665289672636,0.13352106065836233,675.334187877678,195.28173500093357,26.13083627714961
ST7051J0-PSG.edf,ST,Wake,0.699102639051218,0.20227650506095982,0.04553157794287626,0.024165623390616363,0.03980816277396982,728.8042483061711,158.63971376067667,31.656869341554465
ST7051J0-PSG.edf,ST,Wake,0.6358252970840166,0.18170692523970225,0.08081647946893795,0.043470239365653245,0.08650371369274551,577.5498992858451,174.0923874903759,33.119770817478646
ST7051J0-PSG.edf,ST,Wake,0.6929954190729446,0.15037698106068131,0.0769238154292993,0.045082818145783,0.07047584084634029,543.8564365500824,171.4236163582649,36.27998968842096
ST7051J0-PSG.edf,ST,Wake,0.8284804580490583,0.09181384287067844,0.04410949275138345,0.02008896718472373,0.02972105539161698,1122.871268998352,228.73349322136994,48.615244776367774
ST7051J0-PSG.edf,ST,Wake,0.6540280049078415,0.1484451727162663,0.08974039216873529,0.05989256384641406,0.09783656307317168,382.3475553927852,90.71314754294919,29.53484991621653
ST7051J0-PSG.edf,ST,Wake,0.7047107151270631,0.19013562011116056,0.04449316758929029,0.03019985425816849,0.05077802128521956,841.9703351034609,202.24387834148942,46.00871567319965
ST7051J0-PSG.edf,ST,Wake,0.6950073221141722,0.16869977492832183,0.06043222392081028,0.02814505559783126,0.06735980435988388,1152.5361655374472,307.9450746551726,33.55812509887193
ST7051J0-PSG.edf,ST,Wake,0.6849268332927726,0.1336057131001256,0.07863079325083962,0.06034325147144909,0.09278777366536306,843.0690349752792,206.82879131750434,19.27861169384109
ST7051J0-PSG.edf,ST,Wake,0.772254998549518,0.09878956776668489,0.05426318086910832,0.030872854295713487,0.06952185097236738,1098.6998718183481,285.6655626353178,72.22339024967069
ST7051J0-PSG.edf,ST,Wake,0.7125901382327784,0.06854849417557808,0.08414167570153006,0.054917949714669186,0.12664498167985763,578.2823658670573,146.37496812169888,210.6494109441351
ST7051J0-PSG.edf,ST,Wake,0.6005222177041482,0.0975554319790491,0.1050255483109279,0.07580015887024795,0.18639850163789318,413.4773850943051,96.03177663362551,13.290743707126316
ST7051J0-PSG.edf,ST,Wake,0.5646983220378127,0.08939225610260626,0.07358985054823777,0.07931878234572767,0.2672259752877001,1007.8740157480315,173.93644817380934,31.166515277027944
ST7051J0-PSG.edf,ST,Wake,0.4865068969414695,0.13794648242456137,0.16235437465388206,0.07831765077650618,0.2016730297200951,558.505768174327,120.82592316370022,17.9418952863627
ST7051J0-PSG.edf,ST,Wake,0.8117693880863315,0.054205847423698966,0.05426636451658603,0.031295564241297015,0.07561259986612041,806.0794726240615,157.31394415287767,206.73493318793143
ST7051J0-PSG.edf,ST,Wake,0.7782035866546795,0.06251786796004198,0.05769523757437647,0.029702802438672866,0.09706007136308191,1447.3539644753707,178.1320603239848,130.68829615382484
ST7051J0-PSG.edf,ST,Wake,0.4081031534626497,0.10095383392650586,0.10070967501048353,0.07345123555913921,0.37858067697138215,461.4539461637063,74.41607683904442,26.414694497733507
ST7051J0-PSG.edf,ST,N1,0.34786468288883404,0.2532033719675113,0.09169688081054386,0.05212898401415917,0.2936943001478528,5625.343343709943,164.01774429515012,72.44469425298183
ST7051J0-PSG.edf,ST,N1,0.8773588469130668,0.07921024501243674,0.014327833187280446,0.010385282050200636,0.02311562089130286,2261.856802783373,394.9072277485574,91.85839636269237
ST7051J0-PSG.edf,ST,N1,0.9289261123385847,0.04231713697933512,0.009463658813370216,0.008616746902458092,0.01600388367052153,1998.9013001281817,360.71344119119175,164.15379635484996
ST7051J0-PSG.edf,ST,N1,0.8213506426764798,0.10051595310483791,0.0270327293480484,0.018134317508800037,0.04123872692298518,825.1236037355795,113.31103870648792,82.52287092648643
ST7051J0-PSG.edf,ST,N1,0.8797015736263417,0.059577015474051524,0.021567691244989577,0.012025579541248246,0.03237367169140385,559.2382347555392,107.7084042340348,85.68864993593736
ST7051J0-PSG.edf,ST,N1,0.9103307815952405,0.05256118572350253,0.012605963392043406,0.007581634660078528,0.02057424003466067,567.66160043948,121.98855272988766,46.160286339938246
ST7051J0-PSG.edf,ST,N1,0.906467638591896,0.054870715848659386,0.01330540771788969,0.007738566197934567,0.01939542248341517,687.0536531770738,94.31557018759646,51.39360029392586
ST7051J0-PSG.edf,ST,N1,0.8566093608744755,0.06364591174851637,0.024032977093191882,0.013196974818075765,0.04642412925518816,375.7553561618751,70.48895863225783,23.205998362502832
ST7051J0-PSG.edf,ST,N1,0.921738011176306,0.03178653446737027,0.011803182787799038,0.00833034955402213,0.0328445424938071,576.4511994140267,100.30864752512821,78.23911359710202
ST7051J0-PSG.edf,ST,N1,0.7960406680996944,0.10046681021216505,0.04546362928245576,0.02592635431797284,0.04950553618695592,256.3633034242813,56.67118702725521,54.45978056758978
ST7051J0-PSG.edf,ST,N1,0.9457418912773149,0.026096529759501382,0.009499536685340738,0.0051267524675734566,0.01764250021021466,392.9683208203626,83.38009633160351,78.64420116512174
ST7051J0-PSG.edf,ST,N1,0.8643338265233532,0.06176747378406929,0.0270222062156355,0.013495137858308344,0.04345627397625165,518.5863394982604,83.34681231792996,53.52174423462998
ST7051J0-PSG.edf,ST,N1,0.7734771422718296,0.067146030537107,0.04167641400171503,0.029337975677819983,0.11194909933886533,317.1580296648965,55.56783809040502,43.903972603133056
ST7051J0-PSG.edf,ST,N1,0.7831206230760787,0.0797671003501561,0.043004928597290375,0.03183960240639574,0.09171250354774567,297.3814319721663,62.02795901234816,43.25157604214935
ST7051J0-PSG.edf,ST,N1,0.8618224787054832,0.058772451063105406,0.02174431461453986,0.017290856237837576,0.05398640236897227,344.6255264603552,64.09232935642557,35.74382013921493
ST7051J0-PSG.edf,ST,N1,0.9191255424244283,0.028452729085649484,0.01314568618663117,0.010549259623473868,0.03731074021316009,292.62039919428673,59.0718899399835,52.425912472283585
ST7051J0-PSG.edf,ST,N1,0.8872807210950528,0.055282272895964296,0.01726456579156074,0.012036653787903046,0.036902915967976124,298.4801318439846,57.34410363617908,31.426908659571552
ST7051J0-PSG.edf,ST,N1,0.8598494323817578,0.06030961372460668,0.022896883473882208,0.015512205786763388,0.05262571862615258,383.0800219739974,81.10075728374596,39.08982701774484
ST7051J0-PSG.edf,ST,N1,0.6660316690126532,0.13666353543833107,0.060453345667790245,0.0328052835840405,0.12854880210295566,962.094854422267,206.7980207805555,29.046120957593835
ST7051J0-PSG.edf,ST,N1,0.5542249564769626,0.16808315370343682,0.07296519758924232,0.045646110058389415,0.18421532530466878,785.2041750595129,194.58884077839974,30.15166678026719
ST7051J0-PSG.edf,ST,N1,0.5617246364428768,0.1951362532774365,0.08329232274541744,0.04319968825869148,0.14471745502342578,937.9234572422633,247.65239609895423,28.89550140701427
ST7051J0-PSG.edf,ST,N1,0.7344232899508775,0.052520072930104425,0.053014223947454496,0.04326324299434093,0.1551793759478023,773.8509430507233,121.36079334399685,66.81676896674284
ST7051J0-PSG.edf,ST,N1,0.831663213641159,0.09237434429400454,0.029400216647507957,0.019090373547396858,0.04262480395240289,349.02032594762863,56.22231248069545,30.593020628062185
ST7051J0-PSG.edf,ST,N1,0.5896266003395954,0.172096721209173,0.05830682135493406,0.044008458004835084,0.1637338419953484,636.8796923640359,147.08971545009499,45.31600469380579
ST7051J0-PSG.edf,ST,N1,0.6980215369645135,0.16329563908162084,0.04808124972258878,0.028267350646238,0.08409815580522909,822.5599707013367,204.44657659688932,31.501229920361638
ST7051J0-PSG.edf,ST,N1,0.7399681482880216,0.14654322577201162,0.03768758181601218,0.02695566041330046,0.07056348520305251,933.1624244643838,231.49505156695474,48.141217197107586
ST7051J0-PSG.edf,ST,N1,0.7225183548178834,0.12211010214949902,0.056181939298797896,0.034380531756810696,0.0922392556732874,521.1499725325032,85.31271456600176,40.84133326484617
ST7051J0-PSG.edf,ST,N1,0.6226134577290869,0.1564673692388027,0.06772189415338509,0.03973462521347567,0.14055452900321355,991.3935176707562,243.4709842781898,36.887656987155545
ST7051J0-PSG.edf,ST,N1,0.6806860599192442,0.12198957374082361,0.05476224699166355,0.03767820937570296,0.13677295361080416,890.3131294634682,197.06781823133178,64.48194525867856
ST7051J0-PSG.edf,ST,N1,0.8774011174318795,0.05761848519734358,0.020962563673717245,0.010650946296669767,0.04095798017890928,524.8123054385644,83.03469098631626,26.482112189441814
ST7051J0-PSG.edf,ST,N1,0.6901295643414417,0.13127710611863735,0.048043611060047314,0.027730706032842486,0.11889795779462593,706.0977842885918,157.01374302136924,13.428274618791624
ST7051J0-PSG.edf,ST,N1,0.6575208486351442,0.16623835610779228,0.05960100563500608,0.04298750812534839,0.10616530615458931,514.191540010987,127.23496802816452,14.664861856861108
ST7051J0-PSG.edf,ST,N1,0.7361212793833272,0.11475053509384328,0.04910100158305154,0.030218207168959982,0.08892228072629389,671.3056216810107,124.87194263387981,17.961142092073153
ST7051J0-PSG.edf,ST,N1,0.9466413553726925,0.02948339838775047,0.015292216502496729,0.009965109419669363,0.006259693116989659,132.576451199414,20.00638889168841,37.381818334669866
ST7051J0-PSG.edf,ST,N1,0.931565117129803,0.038318518913660685,0.022925753653330414,0.019149220223099003,0.005398671587281845,111.7011536348654,18.44356545052168,44.958514084624575
ST7051J0-PSG.edf,ST,N1,0.8257676963520008,0.06912508870422494,0.07508997916301671,0.058598206962670644,0.021470340222226717,90.82585607031679,16.07979327067129,27.273768823345716
ST7051J0-PSG.edf,ST,N1,0.920275445433945,0.040599026932612144,0.024155818841314118,0.018678320117773112,0.011591229807655016,98.88298846365134,19.56472485562527,34.32972226221638
ST7051J0-PSG.edf,ST,N1,0.9129010377796918,0.0393475779490608,0.032562119409498845,0.027637047559778336,0.011410067974086183,98.88298846365134,19.879071906899167,36.83252526901524
ST7051J0-PSG.edf,ST,N1,0.9403039558680941,0.02367038568549113,0.02546007222281594,0.026138184754803624,0.007975627169842441,114.26478666910822,18.93598237562322,46.445668591027314
ST7051J0-PSG.edf,ST,N1,0.9515700432754168,0.027072846126594687,0.012573999059717065,0.010592819890887077,0.0064026427147631385,166.2699139351767,28.648378510652243,45.14162110897533
ST7051J0-PSG.edf,ST,N1,0.753195699173452,0.09067528851050106,0.07356247133247945,0.09672009680424676,0.07579862597256046,104.7427211133492,21.667645244101045,20.870061476265096
ST7051J0-PSG.edf,ST,N1,0.7716421140165503,0.08261942525625002,0.07096099499371833,0.08499793525214634,0.05816795629623313,120.12451931880608,22.37409484554659,22.17607632713046
ST7051J0-PSG.edf,ST,N1,0.7031596915677524,0.09087425502555795,0.11469838901901244,0.1414363677287583,0.07384866045409631,390.77092107672587,66.83158688767847,35.463784581172405
ST7051J0-PSG.edf,ST,N1,0.8498119835525556,0.0772797784790744,0.02687142131167809,0.03215252334278314,0.040899337421056906,403.22285295733377,88.7646657268009,45.47675654651352
ST7051J0-PSG.edf,ST,N1,0.6993064958533536,0.08560128878297857,0.12160108902408924,0.15930078809505654,0.073998660970774,126.71671854971618,25.211233649429595,27.313868850893073
ST7051J0-PSG.edf,ST,N1,0.8130181217314029,0.07440903804747628,0.062362165905037466,0.0776089644722139,0.04184737789636855,221.20490752609413,52.271830069946695,34.66044632367015
ST7051J0-PSG.edf,ST,N1,0.8138850136307889,0.09316226790903562,0.025687524580607267,0.04748645028075217,0.05980706134934415,887.7494964292255,238.28814983277644,47.431412021147224
ST7051J0-PSG.edf,ST,N1,0.6688313040764398,0.1033204693449168,0.06269788718426092,0.16978762189166335,0.15324207637120266,1041.9337117744003,172.77776535445525,49.65396831859157
ST7051J0-PSG.edf,ST,N1,0.864897141376365,0.05945327508708264,0.05227714521370108,0.053341240508641106,0.01740270700772035,119.02581944698773,23.157026537705946,31.428051422395388
ST7051J0-PSG.edf,ST,N1,0.8593176001382754,0.05360235349406088,0.06601400016765333,0.058370998602639314,0.012912892388132102,84.96612342061893,15.607776560160513,30.942210122904704
ST7051J0-PSG.edf,ST,N2,0.7141451529606533,0.15717938303336051,0.05105875035282851,0.027776285730335224,0.07023402918790385,909.3572605749863,243.64471974827856,57.91208276893543
ST7051J0-PSG.edf,ST,N2,0.8641490723308275,0.0718244878893002,0.019325711852500798,0.014788765338090966,0.03768915787840446,798.7548068119393,109.26626873069723,60.3239283190467
ST7051J0-PSG.edf,ST,N2,0.790996838839206,0.09164190609809686,0.03906996962833678,0.02038244625327285,0.07507157036050803,565.8304339864494,123.87211473976315,23.405111707445982
ST7051J0-PSG.edf,ST,N2,0.6467507351897196,0.15911744949332546,0.08522699257180565,0.03656018054950389,0.09456370265855414,685.9549533052555,152.86298242374284,18.94073178320286
ST7051J0-PSG.edf,ST,N2,0.7206270389256197,0.12799581573916502,0.059584434811212866,0.027555598006230947,0.08648310591839327,740.1574803149606,194.4055460517721,21.225731826742273
ST7051J0-PSG.edf,ST,N2,0.7355746260477449,0.1302125820427192,0.04828662062884518,0.025672718238188327,0.07714696844313218,674.6017212964658,184.8585768118613,24.719822176886023
ST7051J0-PSG.edf,ST,N2,0.6909377844061644,0.1784172115141421,0.03941868177651417,0.02868155922656199,0.0838313235935205,770.9210767258744,162.37378336300765,20.760618554672817
ST7051J0-PSG.edf,ST,N2,0.7676830820631442,0.15108079015928458,0.04056804465270306,0.020820664633700643,0.036218174385004326,876.3962644204358,196.4772767419065,22.829795034897806
ST7051J0-PSG.edf,ST,N2,0.8035852511264776,0.12349624567195387,0.037189489816409786,0.02139138813988676,0.027935312184305557,1231.6425563083685,321.4885674609975,32.92048744334586
ST7051J0-PSG.edf,ST,N2,0.7383175746608994,0.12585979073250106,0.05977259914649827,0.029141288622334595,0.0616611231264263,952.572788866508,238.71189975329457,23.45609085877941
ST7051J0-PSG.edf,ST,N2,0.7890586759668673,0.12572131802246636,0.04091140451452905,0.027264280992361084,0.036680434259159664,1030.2142464750045,253.15287282500594,32.22572137920293
ST7051J0-PSG.edf,ST,N2,0.7564497751490126,0.09957426087844917,0.06524493795217505,0.06382128145640406,0.06990980322078018,973.4480864310566,199.30229559747744,35.34501480924552
ST7051J0-PSG.edf,ST,N2,0.7272629528732943,0.14097703663706718,0.06129734679314102,0.04954826664621637,0.06520944028196,814.5028383080021,183.68386158284576,50.35266188384015
ST7051J0-PSG.edf,ST,N2,0.7238234511011069,0.13038313638287544,0.0806090530986589,0.06979214505632332,0.05898922507383665,759.5678447170848,219.38448519114738,23.786805204363215
ST7051J0-PSG.edf,ST,N2,0.6556806900652444,0.14294502752990512,0.07935897231455466,0.11460394782007562,0.10547669460035027,952.9390221571141,230.77382978100286,29.155185194199703
ST7051J0-PSG.edf,ST,N2,0.737073045162628,0.09968868570983147,0.07214891205288412,0.05363054782918186,0.08399652369372676,763.596410913752,153.99862652470637,21.97565559642009
ST7051J0-PSG.edf,ST,N2,0.7985417119797801,0.09624798613137238,0.047846574804480804,0.06274562890716112,0.05232164610916505,604.6511627906976,142.5850980528613,27.98540930256631
ST7051J0-PSG.edf,ST,N2,0.6697248874761546,0.0816331805808798,0.06794383311829358,0.04908919755780735,0.17601277841197832,1254.7152536165536,291.0733675291692,39.78225024406585
ST7051J0-PSG.edf,ST,N2,0.8115002740499225,0.08816332856986904,0.04399685457853529,0.03197481766752667,0.050957923944006896,1313.3125801135322,283.4911133737093,30.587237535350656
ST7051J0-PSG.edf,ST,N2,0.8039572939558605,0.09424635470786366,0.04647661026711773,0.03485678561109838,0.04742578495036624,1277.787950924739,345.6681061753095,33.55630892863077
ST7051J0-PSG.edf,ST,N2,0.7831260467740281,0.1022919002461657,0.04526413738600093,0.04667640620647747,0.05915844229746704,1044.8635780992493,224.00432301878308,30.403960578772487
ST7051J0-PSG.edf,ST,N2,0.6059118463656623,0.09709387721189548,0.07742849177654344,0.051522138704441243,0.2116204919132888,837.5755356161875,198.22251549058814,67.76882987365678
ST7051J0-PSG.edf,ST,N2,0.8596946087383872,0.0396682531552384,0.027167859918933227,0.024716471811919473,0.07047296581293583,1018.8610144662149,153.9122363719034,110.3086334205225
ST7051J0-PSG.edf,ST,N2,0.7912233898914659,0.12402620234948732,0.038167687615080485,0.02350294220122236,0.03518106868035782,1008.6064823292436,260.6254100007421,31.13965312221357
ST7051J0-PSG.edf,ST,N2,0.7247645735935887,0.13907220717484323,0.05661272152628679,0.0480849207586934,0.06745904699543774,1397.5462369529391,323.3585143844042,27.64149937288947
ST7051J0-PSG.edf,ST,N2,0.9324225053302,0.03034504386331792,0.02491890908685108,0.020211093013823594,0.00889186446272509,120.4907526094122,17.273631658913978,36.960728035180146
ST7051J0-PSG.edf,ST,N2,0.9556973474565242,0.02818913280762581,0.011118436845049344,0.005046352419978786,0.003923315527513809,161.14264786669108,23.27755738971602,37.952517452991174
ST7051J0-PSG.edf,ST,N2,0.8540236293906132,0.05989292472860475,0.03700423793687767,0.05581157121515564,0.042929940097786265,395.5319538546054,99.05003468848953,40.10924775564336
ST7051J0-PSG.edf,ST,N2,0.8381908005444648,0.09265227621856813,0.01937154072279357,0.03678611504551989,0.044941982413074295,662.8822559970702,140.91470332093044,33.33532715365308
ST7051J0-PSG.edf,ST,N2,0.9624353013296746,0.019615507039892118,0.009318644813402065,0.006145132165696932,0.00713779847617951,526.6434718915949,156.21626088144276,42.88757857974871
ST7051J0-PSG.edf,ST,N2,0.7626590630324391,0.09317819589739947,0.061573395641380785,0.09137926423802145,0.07769846437529694,575.7187328328146,155.20568896460682,48.934453091467425
ST7051J0-PSG.edf,ST,N2,0.7397985580085747,0.15605952270515397,0.04580579634856038,0.049996393297743184,0.04852626234074557,971.6169199780259,168.34379350760506,37.0846347280898
ST7051J0-PSG.edf,ST,N2,0.8812985869164678,0.05023720206379695,0.03499103828457909,0.026935399760882082,0.028757353140125883,557.4070683025087,118.0333650002893,44.755852929015646
ST7051J0-PSG.edf,ST,N2,0.614498763543979,0.08552538881326359,0.07747260704465786,0.24772971574029035,0.21488246103110117,500.2746749679545,136.48619925766482,52.45151753384142
ST7051J0-PSG.edf,ST,N2,0.7401373367899997,0.08522081715829727,0.04233836927419302,0.13032435321873398,0.1256175387053517,688.1523530488921,197.7871837026937,27.06493175093002
ST7051J0-PSG.edf,ST,N2,0.7857540029816726,0.09690181502082329,0.06477840232705223,0.036806137456608455,0.04567696435556205,606.4823292437283,168.2422037935062,32.34506715876457
ST7051J0-PSG.edf,ST,N2,0.8119499590103216,0.05977432043560906,0.10098070894311933,0.08762119079821223,0.02086512208859898,78.74015748031496,11.976193754741212,27.920811938640675
ST7051J0-PSG.edf,ST,N2,0.8235400732360115,0.08715404118106636,0.06426559292326309,0.05727878485411152,0.01955602847603682,98.51675517304523,17.0126133566901,26.989680173934264
ST7051J0-PSG.edf,ST,N2,0.8666648581024576,0.0686734849318983,0.0388136539734361,0.0370471669377409,0.02049338845847212,85.33235671122505,14.68955920252532,30.585119444697053
ST7051J0-PSG.edf,ST,N2,0.9181119328250146,0.03153856221618387,0.028441100317814227,0.034397380318041355,0.01701070454481099,122.32191906244277,21.972928806409435,33.040821309758485
ST7051J0-PSG.edf,ST,N2,0.9241508020967545,0.03535560400923325,0.027296467750914388,0.02553025289871319,0.009412924450294177,153.08551547335654,21.693996846367003,38.733380958366546
ST7051J0-PSG.edf,ST,N2,0.9253019565557525,0.029592516018274857,0.03014284380276882,0.028967969981026416,0.010172477055722284,117.92711957516939,18.184876320949062,36.50932967773603
ST7051J0-PSG.edf,ST,N2,0.9287754416911772,0.03234549473895199,0.02253010813288044,0.02205582117090022,0.012433999679690253,205.090642739425,45.45137605995828,41.59936973637167
ST7051J0-PSG.edf,ST,N2,0.9216541767643659,0.03412312886293482,0.02667346272535479,0.028091393448180582,0.012780588151020534,151.25434902032595,23.473809807631902,38.62099964270467
ST7051J0-PSG.edf,ST,N2,0.9516454186023225,0.028317666107608504,0.008343371930797875,0.010773318696380514,0.009445008255120766,160.77641457608496,33.31088980272811,46.478735383722146
ST7051J0-PSG.edf,ST,N2,0.9386487649843077,0.02702515906220636,0.017707615184910975,0.022951175191848788,0.014255903978898608,126.35048525911006,25.051956500916372,37.268733328948144
ST7051J0-PSG.edf,ST,N2,0.9197820559482897,0.0375408006028344,0.025252752206380524,0.02658363706582167,0.0128082927239186,152.71928218275042,29.716264261003932,40.04579977295633
ST7051J0-PSG.edf,ST,N2,0.907095041875091,0.05333739204120306,0.019806778227133014,0.01992633992389797,0.016248234065344792,120.85698590001832,26.362114475769857,32.897509913291024
ST7051J0-PSG.edf,ST,N2,0.9183242687188842,0.03605130894010637,0.023847682632848307,0.027222794877642464,0.01644139068825829,136.6050173960813,27.053059187673462,36.901885992357535
ST7051J0-PSG.edf,ST,N2,0.9323255274097271,0.03156703402328852,0.018912916932167675,0.02116418298687179,0.012942378222275983,223.76854056033693,25.434163033624227,43.718022206126406
ST7051J0-PSG.edf,ST,N3,0.6329669023250364,0.12211207064301073,0.10101035854711421,0.04766672768268958,0.13590399292560282,1188.4270280168466,254.6958588895355,26.880711821687214
ST7051J0-PSG.edf,ST,N3,0.6213448827078025,0.16301439157197326,0.08731977393304413,0.048203783452577934,0.12149299627649937,1380.3332722944515,337.2320020343771,30.65431721801825
ST7051J0-PSG.edf,ST,N3,0.7179042201463008,0.1261200450030197,0.06707704288841332,0.0358005296894853,0.08148586561738694,1040.835011902582,242.06154727169903,24.825738612190065
ST7051J0-PSG.edf,ST,N3,0.7624991315819697,0.11957468550356676,0.050346529441356834,0.03190096727607678,0.06369142627296637,984.0688518586339,242.02484742320073,27.404068911139515
ST7051J0-PSG.edf,ST,N3,0.7789912730003395,0.12562610789728318,0.03664575107843411,0.0323797785908099,0.053096953369321104,1285.4788500274676,309.9536452643402,25.380576679459953
ST7051J0-PSG.edf,ST,N3,0.8230812514223476,0.10308494449247486,0.03478662279926765,0.02209415325189549,0.03391573677397102,1288.7749496429226,328.8111305444,30.81630982611768
ST7051J0-PSG.edf,ST,N3,0.7932608100912901,0.0844603816001762,0.0508498611812425,0.04529479721481299,0.06457700994694558,906.7936275407435,248.1242744658325,31.46415436301159
ST7051J0-PSG.edf,ST,N3,0.7992025748864215,0.10943189161793407,0.04495915846776526,0.024545229229943507,0.03800755346267139,1037.905145577733,261.7945131642262,27.25773516950925
ST7051J0-PSG.edf,ST,N3,0.8303352828182199,0.086173751679925,0.042755508771366774,0.04655815902893295,0.0350607082069807,1545.1382530672038,365.7226561381604,60.964485941560895
ST7051J0-PSG.edf,ST,N3,0.6342601713613447,0.13398293133012867,0.060087258232780036,0.1654750216555902,0.1604835367191333,691.082219373741,183.8771666844576,31.095354521796285
ST7051J0-PSG.edf,ST,N3,0.723945925981577,0.1291713388411031,0.06778641057970368,0.045448716487425586,0.06534494686680095,875.2975645486174,229.02226651578303,28.84582857407762
ST7051J0-PSG.edf,ST,N3,0.6514272374088418,0.14679034049640635,0.0896321909215237,0.13039047832549136,0.1017406102518285,693.6458524079839,199.46273762272597,37.134382136842994
ST7051J0-PSG.edf,ST,N3,0.5882028541512216,0.16574628829189655,0.06427779959710261,0.1772437814136763,0.16872019535292504,799.4872733931514,198.1673038567909,25.87805683528719
ST7051J0-PSG.edf,ST,N3,0.7323995694714853,0.14262072237001125,0.051352022283934616,0.0800056126638168,0.06666371595455133,948.1779893792345,258.91731470084596,37.54187506521715
ST7051J0-PSG.edf,ST,N3,0.6563177803711783,0.18241199268796052,0.08590240075858586,0.09556654487724887,0.06514635272153926,1189.8919611792712,255.91606445629571,53.052252828561755
ST7051J0-PSG.edf,ST,N3,0.7717545494107715,0.12201358160886495,0.05030800383215052,0.05390085662087006,0.04718338142275823,595.8615638161509,134.64437652921038,25.997827430135086
ST7051J0-PSG.edf,ST,N3,0.719944799866567,0.11494071597829845,0.04890949439070832,0.12008486719609417,0.10655620592101028,533.6019044131111,139.34772602548142,27.627065608349373
ST7051J0-PSG.edf,ST,N3,0.7162913895407239,0.1376281887227088,0.06772651997741214,0.08638222738622618,0.06744520370319185,486.72404321552824,108.09232338971984,34.556180139705525
ST7051J0-PSG.edf,ST,N3,0.7758216152421071,0.10486371485420898,0.055792283857091333,0.0755099714862313,0.05279970400280984,398.0955868888482,106.55845435124967,36.817449969328464
ST7051J0-PSG.edf,ST,N3,0.7439725237333578,0.09635903855053232,0.06923541216919685,0.11288633700947469,0.0744646734907944,349.75279252884087,98.2112920012588,31.592368359666864
ST7051J0-PSG.edf,ST,N3,0.7201116820650862,0.13983807078376265,0.06941547752506222,0.08348460443463698,0.05600398161710406,496.2461087712873,119.74798492755059,43.61987101539705
ST7051J0-PSG.edf,ST,N3,0.7660459064460311,0.11497040653609915,0.05990200192973621,0.06512161901225728,0.04768610741396183,506.50064090825856,144.05436236311067,38.577874854515855
ST7051J0-PSG.edf,ST,N3,0.820798377865119,0.08413254642496192,0.04013176596242237,0.057049955138194546,0.043703083622206894,309.4671305621681,91.40251107932784,31.055077936861274
ST7051J0-PSG.edf,ST,N3,0.8520884816592369,0.0732957740604989,0.02718394744713238,0.04927451178156612,0.04101517374306368,587.4381981322101,169.14256692763567,31.024033125404817
ST7051J0-PSG.edf,ST,N3,0.8621410226889338,0.06382132139857462,0.028402343266477524,0.04445427393785597,0.03905470020586753,523.3473722761399,126.87008984232057,32.18550051006451
ST7051J0-PSG.edf,ST,N3,0.8284311975645372,0.10150063390986272,0.037718764003493624,0.03624234492505346,0.026804313804221876,361.4722578282366,92.84337956608708,33.70447122907447
ST7051J0-PSG.edf,ST,N3,0.89358901335123,0.06874574886953116,0.018844879693707357,0.0138400778825291,0.013870891742504008,367.3319904779344,93.47291184443142,32.35084045296691
ST7051J0-PSG.edf,ST,N3,0.8395680622449907,0.08168638497006182,0.03836110422600105,0.05403418109933018,0.035161891881447006,295.5502655191357,81.37742559330796,30.956610422518303
ST7051J0-PSG.edf,ST,N3,0.9142289126434661,0.04242081692423868,0.020123642122884554,0.02181658175533298,0.020513475471967677,405.0540194103644,99.68133589426377,31.971648309205033
ST7051J0-PSG.edf,ST,N3,0.8879523802551981,0.05207759812788469,0.021515165876076155,0.04574678569079793,0.03413469970765995,358.9086247939938,72.62301483723854,35.08126772533887
ST7051J0-PSG.edf,ST,N3,0.8142650458010349,0.08479858608664527,0.04475955132155265,0.07190961014390307,0.04707469287504264,217.17634132942683,46.19857709292823,28.83234610113158
ST7051J0-PSG.edf,ST,N3,0.8707280944493472,0.05879599816074275,0.0298423476049444,0.048060833578925446,0.031216752912577455,177.6231459439663,38.965936900207645,35.86382392811822
ST7051J0-PSG.edf,ST,N3,0.9126080992140384,0.03858612108664094,0.030756285108312822,0.029441433618905614,0.014849452232073825,230.72697308185315,41.00018529574203,36.09907973791905
ST7051J0-PSG.edf,ST,N3,0.8639374552809489,0.07268559792140916,0.039175419027222595,0.03764259194443502,0.017483446540900074,230.360739791247,47.980987645791,32.26806982956072
ST7051J0-PSG.edf,ST,N3,0.8961596050459558,0.04821042355481783,0.030187749657620153,0.038111813763660886,0.020668228110673315,236.586705731551,63.841182549580644,34.67984425476315
ST7051J0-PSG.edf,ST,N3,0.8689256426900922,0.05988783580578607,0.04383358537071763,0.04748852641689272,0.02069400760451263,186.04651162790697,36.60289787156045,32.52701446421929
ST7051J0-PSG.edf,ST,N3,0.8735116604384875,0.06347070234195479,0.03367013918024007,0.035106859889022395,0.021582210073359524,135.87255081486907,22.041214964362233,34.33184446764981
ST7051J0-PSG.edf,ST,N3,0.9035628917085439,0.05534919205461892,0.02289478694759779,0.02148515948045328,0.01454288260037184,203.25947628639443,53.41648575251746,32.21615583533024
ST7051J0-PSG.edf,ST,N3,0.8886025380322315,0.05150689303676135,0.035180244305002446,0.03945082112790712,0.019228317486646253,136.6050173960813,28.03225442109893,32.77425818515891
ST7051J0-PSG.edf,ST,N3,0.8658112471328799,0.05949061233914364,0.04256003280647675,0.05663138356071484,0.024755720577184854,136.97125068668743,27.658577862684897,36.82248637052403
ST7051J0-PSG.edf,ST,N3,0.9222794553565429,0.03789873679379072,0.023538531256613312,0.022051860778755806,0.013111124679443916,221.93737410730637,53.788452498277366,41.24945018268855
ST7051J0-PSG.edf,ST,N3,0.8893373395643167,0.05739730617973738,0.03535046603981845,0.03312669256156387,0.014609175861312731,128.91411829335286,23.840438266640415,32.81953989229898
ST7051J0-PSG.edf,ST,N3,0.9267405447818055,0.04321216493977459,0.015548672847457992,0.01625322804104741,0.010782753016581706,156.01538179820545,30.006624293926077,39.620461713293345
ST7051J0-PSG.edf,ST,N3,0.9313593364856466,0.0325565152702802,0.022702029231919246,0.020617200567965746,0.008387727471678688,129.28035158395897,21.66890336318203,39.43460901970465
ST7051J0-PSG.edf,ST,N3,0.8706665705666397,0.07688564497431376,0.031798139770851955,0.02736982393149639,0.015564734011015846,147.22578282365868,26.336877598653853,34.01389959648452
ST7051J0-PSG.edf,ST,N3,0.908157676904803,0.046518392317140424,0.020988312636764136,0.03225096010136024,0.01937185572480888,123.78685222486723,21.460179101212074,34.600453575951065
ST7051J0-PSG.edf,ST,N3,0.8921162498000702,0.04082432057105154,0.030669429960406964,0.048454398277304335,0.03128135590772579,175.42574620032963,37.483360966922525,34.20582465404346
ST7051J0-PSG.edf,ST,N3,0.8943519323185608,0.03901381916473387,0.04620780977340407,0.04918939272693227,0.01663969872906522,210.58414209851674,38.50745443762526,35.15607080769927
ST7051J0-PSG.edf,ST,N3,0.9118159881526354,0.04311933220430385,0.025651140473491048,0.02985677265170232,0.01667178076728758,155.64914850759934,30.15270962651395,34.55071099198488
ST7051J0-PSG.edf,ST,N3,0.8770743940588334,0.05970228261347144,0.047983272399184644,0.04331822637152437,0.010589469832113823,116.82841970335103,21.804383947623176,32.279353808193264
ST7051J0-PSG.edf,ST,REM,0.9425248441752855,0.026345049145754813,0.021166331483437523,0.01843320643856609,0.00725448214367424,89.36092290789233,15.065437026662211,39.166088390663994
ST7051J0-PSG.edf,ST,REM,0.9369561263239117,0.03579606876253015,0.018009463410602108,0.010805189103330733,0.006428402540509652,161.87511444790331,29.61454075186067,37.64533125485692
ST7051J0-PSG.edf,ST,REM,0.9437110383471901,0.03493126982306706,0.011049252486052185,0.01236801335592965,0.007451871676288261,160.04394799487272,22.965202733743205,47.57761618908484
ST7051J0-PSG.edf,ST,REM,0.9334038087538621,0.0368313598304963,0.017881985038378716,0.01750012593696248,0.009515669332337849,131.47775132759568,18.31555477771542,47.796353022906864
ST7051J0-PSG.edf,ST,REM,0.9549118842381027,0.02868048834089283,0.010422868971757515,0.007100862500577666,0.0039012919940529978,101.08038820728805,20.12430214547698,45.33615876603671
ST7051J0-PSG.edf,ST,REM,0.9602928554764207,0.021015687177029806,0.011098463759983853,0.009928717720992181,0.006287014790892158,110.96868705365318,18.63746141864512,45.991055591098075
ST7051J0-PSG.edf,ST,REM,0.9522675389291669,0.029835383661903473,0.008458357833112546,0.009177563486279917,0.006578190071834857,150.88811572971983,24.926606277087263,45.55347524244873
ST7051J0-PSG.edf,ST,REM,0.9673998597036586,0.01434469461191755,0.012815524187418544,0.010198696648178133,0.004057154334769769,141.36605017396082,27.211071075940936,43.582776886444215
ST7051J0-PSG.edf,ST,REM,0.9028436515860234,0.04564404331511062,0.03310486708345521,0.031082866180211107,0.013260388787781392,86.7972898736495,16.260231289876863,37.91908934582647
ST7051J0-PSG.edf,ST,REM,0.9399544649031462,0.03116553591290697,0.019325266687359222,0.01517925802527089,0.006419903980012478,119.02581944698773,22.265790564760348,41.985910120200785
ST7051J0-PSG.edf,ST,REM,0.9493542905322934,0.031299660340960954,0.012519397009705524,0.008269235496112456,0.004086337332541846,101.81285478850026,17.22685273080574,48.92722563044752
ST7051J0-PSG.edf,ST,REM,0.9370322505236661,0.03578659914975846,0.01728013458163711,0.013621196897903127,0.006570407379606944,138.4361838491119,25.516453313583547,39.97131150167761
ST7051J0-PSG.edf,ST,REM,0.9622680700387589,0.02340289234813872,0.007910292330623766,0.006885109420271637,0.004627445166465133,128.18165171214065,18.065266704289805,44.33065046487688
ST7051J0-PSG.edf,ST,REM,0.9580030758085498,0.025185586681000724,0.008164111533575664,0.009417734166720815,0.0069580944206541935,125.98425196850394,19.775929174178433,47.31969941765244
ST7051J0-PSG.edf,ST,REM,0.9618428589294278,0.022923700538536894,0.008620157878387843,0.006306358216779094,0.004292792490447702,109.1375206006226,18.966477515197013,47.126608982697704
ST7051J0-PSG.edf,ST,REM,0.9638653875963241,0.023538647631658995,0.007943534500224262,0.0045434968757495356,0.0031208295931115424,160.41018128547887,22.828923026133804,46.84896065579065
ST7051J0-PSG.edf,ST,REM,0.9488167622678866,0.031937119472011624,0.011967433251469518,0.008043024473840267,0.005683478096543335,153.0855154733565,30.15798897641986,45.07405072649153
ST7051J0-PSG.edf,ST,REM,0.9601257061248928,0.026623868494491006,0.006770631348307434,0.00471980701534485,0.00496053528658832,320.8203625709577,76.91262054375535,49.91903785955561
ST7051J0-PSG.edf,ST,REM,0.9121934944578092,0.04623356633232589,0.020481504252334554,0.01910237325705884,0.01640969033767688,172.8621131660868,28.879850695779847,43.355094542083506
ST7051J0-PSG.edf,ST,REM,0.9541643935021789,0.02284571842154801,0.011998704509726801,0.013593013508962758,0.009219111277016372,204.35817615821276,40.556582684836656,54.77370080580622
ST7051J0-PSG.edf,ST,REM,0.9582548246135244,0.024628877069683232,0.008809073758037592,0.005038134930298309,0.005543966281060498,284.5632668009522,45.37474948296394,50.11113095617274
ST7051J0-PSG.edf,ST,REM,0.9590470241945342,0.017908971378989152,0.01252478736106089,0.004349611841491547,0.009316656177426049,254.53213697125068,45.494445285839504,69.22424622520097
ST7051J0-PSG.edf,ST,REM,0.9163284153901474,0.03402455282466313,0.024170972753541266,0.0323932323902981,0.020640904320241252,179.820545687603,42.1231608566107,32.11398673839764
ST7051J0-PSG.edf,ST,REM,0.8679648918626629,0.044690177334941766,0.054233566934486256,0.06348163645069337,0.024151771968453774,164.07251419154,38.5422767084752,31.488722092579632
ST7051J0-PSG.edf,ST,REM,0.8483508365285823,0.08128462506722654,0.047712403887008065,0.041353664145019266,0.019329724053131155,154.55044863578098,26.73445626839942,25.883321118820227
ST7051J0-PSG.edf,ST,REM,0.8956333860777391,0.045517280222377714,0.04408898336938253,0.038947441499838066,0.011572479813071778,94.12195568577184,14.819319181686781,31.106146457051185
ST7051J0-PSG.edf,ST,REM,0.8988677339258739,0.03257774413376461,0.04716072625083885,0.051362777047659666,0.01656765339384757,136.6050173960813,22.485648094847896,35.72308621045898
ST7051J0-PSG.edf,ST,REM,0.8997651834859495,0.050630748261856845,0.03380558655438511,0.029963563455276288,0.011172503400110398,95.58688884819631,18.408581914088156,35.156644912721326
ST7051J0-PSG.edf,ST,REM,0.926346421967264,0.02588576222148024,0.029516831239864937,0.008429843298571344,0.017241496283777826,384.911188427028,68.30873898267443,189.84593433264826
ST7051J0-PSG.edf,ST,REM,0.846551709071457,0.05390950245247943,0.04258050211676704,0.03609320997180751,0.05107778776971641,608.3134956967588,132.08309962274262,68.54018142581731
ST7051J0-PSG.edf,ST,REM,0.9017899720897998,0.03563554735629626,0.02290680379935688,0.031148603993533593,0.034795150553570554,607.9472624061527,154.564622845278,31.752272724074587
ST7051J0-PSG.edf,ST,REM,0.6727334222984599,0.10164723472448238,0.07946654130312233,0.1693133886020756,0.1345934335513443,358.54239150338765,63.33748018128248,26.70287918867074
ST7051J0-PSG.edf,ST,REM,0.8101495503924053,0.0690379997135971,0.05416248901877444,0.06369362049233243,0.05700971327966399,568.3940670206922,116.43369915363246,36.58704064264342
ST7051J0-PSG.edf,ST,REM,0.720545311088061,0.10276968889067088,0.07607059527629063,0.09233595238624281,0.08638500450609271,233.65683940670206,45.28156244000214,24.39191022307734
ST7051J0-PSG.edf,ST,REM,0.586983149135406,0.11879719703823172,0.11289970465904405,0.22298041486420248,0.16120751381764112,286.02819996337666,77.4574291652641,17.32874044079486
ST7051J0-PSG.edf,ST,REM,0.6307861210921051,0.11406027296821203,0.1381288512740699,0.1830471918727399,0.09823663569356687,107.306354147592,26.194780152474,19.731352491750638
ST7051J0-PSG.edf,ST,REM,0.7651478656321314,0.07522324133658276,0.08990051413276841,0.11348997198181879,0.06137218484738023,134.04138436183848,35.72016294253547,20.656660459381825
ST7051J0-PSG.edf,ST,REM,0.8201032179070676,0.08547372294428064,0.045854402689339956,0.05640328854008899,0.04022042459382795,84.2336568394067,16.75895158592863,20.958471470516294
ST7051J0-PSG.edf,ST,REM,0.780806249728415,0.07362516265364197,0.056307282331209636,0.10372778146564367,0.07583307015670315,89.36092290789233,17.12031495456978,19.08733853650336
ST7051J0-PSG.edf,ST,REM,0.8728621236785454,0.0568426387992724,0.041341008335787154,0.0354663041107842,0.022329676854095114,137.33748397729352,27.96817703642982,31.997740609787055
ST7051J0-PSG.edf,ST,REM,0.7885703707728763,0.06911332777513328,0.07516339225345714,0.10227748854770888,0.05290783716852256,125.98425196850394,20.81086853130729,28.247035068311423
ST7051J0-PSG.edf,ST,REM,0.9316168989143607,0.03535764232104077,0.023305214648698985,0.013058974728817821,0.006454434452881837,115.72971983153269,15.874918590088356,33.88283551423239
ST7051J0-PSG.edf,ST,REM,0.8909271867383921,0.04147607434425652,0.03727584532072851,0.037742787983704944,0.021406942584416173,118.65958615638161,26.222591459273747,40.14551262384812
ST7051J0-PSG.edf,ST,REM,0.8962807112589097,0.04877758223326974,0.033870883800151866,0.026541129829729195,0.016521541384326884,186.7789782091192,44.297735649080245,31.915798191751026
ST7051J0-PSG.edf,ST,REM,0.813969441152819,0.06438605241008989,0.06524811408311439,0.07956391477341007,0.04375625847225463,150.5218824391137,28.04033730282423,30.24968395127193
ST7051J0-PSG.edf,ST,REM,0.8957534363591367,0.04482821175910167,0.04171332407767771,0.03871462647581892,0.013443955942828342,131.11151803698957,21.948504405866235,32.480003964475536
ST7051J0-PSG.edf,ST,REM,0.9439679957004822,0.02506856752389535,0.019950334597219902,0.016287934909068467,0.008421256390761613,118.65958615638161,22.187939079580726,38.28663926879652
ST7051J0-PSG.edf,ST,REM,0.845010299423727,0.05781164738396361,0.06632581430609304,0.058858390115683015,0.020609761891700593,116.82841970335103,14.23879050415005,30.32303511601726
ST7051J0-PSG.edf,ST,REM,0.9124399485838877,0.042160162498886274,0.02745729909823149,0.0268444791019789,0.01342847506517108,119.02581944698773,15.396610831195066,34.489858882492214
ST7051J0-PSG.edf,ST,REM,0.9384269303980677,0.028793845583674423,0.0181647832376029,0.020745826135346642,0.010614486952117757,124.88555209668559,21.67776663295411,41.83437914004284
ST7052J0-PSG.edf,ST,Wake,0.8671301322311377,0.07052407946881724,0.028291552422103364,0.016938393309219535,0.02860360426879308,2134.0413843618385,870.9760604523883,859.9337152609786
ST7052J0-PSG.edf,ST,Wake,0.9458060289661889,0.03453139176090185,0.005366818175316171,0.0032903933833687573,0.010766967773777988,2161.142647866691,273.7724457305292,158.63403941903908
ST7052J0-PSG.edf,ST,Wake,0.8548674089303973,0.034863882775433966,0.03466488435774868,0.026270564512411915,0.0736543449174324,561.0694012085698,75.34326986826386,112.12630616043293
ST7052J0-PSG.edf,ST,Wake,0.7224169277510579,0.08884182297951022,0.037231506913145605,0.029266194367204207,0.14787585235894005,433.62021607764143,81.78845879643971,134.2929994893343
ST7052J0-PSG.edf,ST,Wake,0.9258127402215253,0.03468476719681089,0.015297647124602968,0.0065255192536777095,0.02258823662242777,532.1369712506867,70.90636418220342,103.90891853488972
ST7052J0-PSG.edf,ST,Wake,0.9190929723639827,0.03891463891306087,0.013436528754227524,0.008955718351708887,0.026274513923305855,279.4360007324666,50.1860023210432,51.802357805970324
ST7052J0-PSG.edf,ST,Wake,0.8805936968825336,0.05684133163080266,0.024143373512359595,0.014120675399579098,0.03688564293723669,631.3861930049442,95.86935662357241,75.44125212433792
ST7052J0-PSG.edf,ST,Wake,0.9376033556872788,0.030115857532822993,0.010097897297944637,0.00505872515599676,0.019558185636171684,342.0618934261124,64.83717407550044,39.438781640240606
ST7052J0-PSG.edf,ST,Wake,0.9186510033505652,0.03910036203375128,0.015395778667283077,0.010007420655916581,0.024209011081009986,451.19941402673504,73.99677367357451,55.04143221352489
ST7052J0-PSG.edf,ST,Wake,0.8692396485227908,0.045739836013427466,0.031100310159603017,0.015508084870410896,0.050346363174169836,812.6716718549716,156.97035887890516,66.29640678152492
ST7052J0-PSG.edf,ST,Wake,0.859521344271716,0.04712796401416327,0.021204471567833793,0.017290743025150313,0.06905631593239304,320.08789598974545,70.01868098787446,38.03408588903979
ST7052J0-PSG.edf,ST,Wake,0.8857922396488962,0.036043311645749164,0.027650539363022458,0.015858715986474384,0.04866196095156175,310.9320637245926,61.87355626176684,52.65818118109523
ST7052J0-PSG.edf,ST,Wake,0.8942993140270807,0.050953365570905254,0.0168645333961967,0.011431743499697567,0.03302881228428348,424.8306171030947,79.4227946502025,35.12688524315259
ST7052J0-PSG.edf,ST,Wake,0.9011236193728933,0.045802731590392914,0.023212961031104398,0.01252603373686077,0.026064378252702886,794.3600073246658,179.0507569737415,67.91641325653147
ST7052J0-PSG.edf,ST,Wake,0.9005482338305818,0.03894016842608077,0.013910605382965822,0.011693860558690384,0.042906195913214956,465.48251236037356,61.541323932350245,42.39607092957406
ST7052J0-PSG.edf,ST,Wake,0.9071540385550096,0.03765005234746405,0.01998871325363405,0.010174168517089221,0.03345301003038356,365.86705731551,77.90519066390978,81.24150395645636
ST7052J0-PSG.edf,ST,Wake,0.9194781011854335,0.034762655725834625,0.011658319041918589,0.006708257654401503,0.03017092804277956,535.7993041567479,86.98632509955145,56.667316032174405
ST7052J0-PSG.edf,ST,Wake,0.9419381691981313,0.03318308034666187,0.010134488540386828,0.00558812566590146,0.012285642427804921,722.2120490752609,132.62505206016803,132.3008589872739
ST7052J0-PSG.edf,ST,Wake,0.8510385005258042,0.06411659798567675,0.03090766037609585,0.019842350811359575,0.05116191210275879,331.4411279985351,61.325164829357355,43.665744232248
ST7052J0-PSG.edf,ST,Wake,0.7688864880347956,0.08655467207586612,0.0553065991117201,0.0314960958950823,0.08309508801617531,313.8619300494415,58.827130921352556,40.33254316817417
ST7052J0-PSG.edf,ST,Wake,0.8887006093265786,0.04071023293715881,0.017089912608066502,0.012494403543387657,0.04876364557425215,626.6251602270646,128.4841986291437,72.06323161394025
ST7052J0-PSG.edf,ST,Wake,0.9155098762956219,0.039353543343591084,0.01639667359960281,0.00871208446309655,0.02629163795362589,393.70078740157476,81.79490150720066,68.95743071446884
ST7052J0-PSG.edf,ST,Wake,0.902421516066744,0.0395991932341109,0.015249363076000222,0.010903217709300594,0.040896314350527055,436.5500824024904,63.59768352274551,46.657395987351066
ST7052J0-PSG.edf,ST,Wake,0.9103798426206857,0.03644529851036819,0.015213229298656794,0.009428959187605888,0.03564242280742066,266.6178355612525,49.0028403076895,34.88101412003221
ST7052J0-PSG.edf,ST,Wake,0.6434150825655213,0.12649515860108124,0.07436561431984104,0.054463045065267196,0.1470146850921424,230.72697308185315,46.25074736976368,27.67283492622251
ST7052J0-PSG.edf,ST,Wake,0.8540391060446361,0.045235012256069504,0.026596169386159777,0.01771120126207166,0.07186836302237905,248.67240432155285,41.048700860478036,26.801357899077207
ST7052J0-PSG.edf,ST,Wake,0.91303314167834,0.03676333466987839,0.015732367513871408,0.013437225241195727,0.03258536674105536,519.3188060794726,63.0484915437543,30.84312849087803
ST7052J0-PSG.edf,ST,Wake,0.7233379789766969,0.09711831190481847,0.05424861570555801,0.03493638074252883,0.12139658717431662,347.55539278520416,67.2642276227637,60.28909367867928
ST7052J0-PSG.edf,ST,Wake,0.8259797794104952,0.06696845159465065,0.023605712498518533,0.01806277441129751,0.07564741296823234,851.4924006592199,188.9977743643274,46.40011724979491
ST7052J0-PSG.edf,ST,Wake,0.8102229890973597,0.07365297752708291,0.030746794117252507,0.020704200807532602,0.07976937467121221,697.308185314045,118.59182743400142,67.45011514138231
ST7052J0-PSG.edf,ST,Wake,0.8103811506214378,0.08701536744616048,0.04063887185951316,0.02627194815057583,0.056927151992030245,546.0538362937191,118.96851510929415,55.37898137954449
ST7052J0-PSG.edf,ST,Wake,0.7540832836446352,0.08774282443565116,0.040498001255458715,0.024822958400087584,0.1132948409994412,537.9967039003845,88.80992873155469,39.11202992695429
ST7052J0-PSG.edf,ST,Wake,0.9319048537555795,0.02602916515179554,0.01200780968218693,0.008349222695049608,0.02871867756152985,1495.3305255447722,206.94963202469572,95.23223027068832
ST7052J0-PSG.edf,ST,Wake,0.9248944623873752,0.04032616263618262,0.01189025628157904,0.007053740476168604,0.016946421683012365,986.6324848928767,163.20664012140838,141.52499235708746
ST7052J0-PSG.edf,ST,Wake,0.9492672686131904,0.026742166328394275,0.009385545551609168,0.005318285498676857,0.012870241270147218,939.3883904046878,163.20660376180328,120.8190336514749
ST7052J0-PSG.edf,ST,Wake,0.8493779908135936,0.05543725573921444,0.02668299279642,0.016719992742462945,0.06328230685300067,670.5731550997986,149.9222316206351,93.88816536963924
ST7052J0-PSG.edf,ST,Wake,0.675927826500576,0.057832988600980295,0.07583347972101893,0.05587477651185236,0.18676765485903904,1089.1778062625892,184.2548999561637,54.014518364691725
ST7052J0-PSG.edf,ST,Wake,0.7599872401587665,0.09023729573952562,0.058114675789550437,0.025955902586483417,0.08047133678789781,781.5418421534517,147.695565616827,50.44327521387763
ST7052J0-PSG.edf,ST,Wake,0.914433701397657,0.04814262071694735,0.010510953833399632,0.008097270621615815,0.023557037387728418,2074.3453579930415,380.81547608568195,158.0143143115462
ST7052J0-PSG.edf,ST,Wake,0.9649394035035777,0.015010699414963979,0.007231837766901989,0.005731053770411451,0.011676796738486176,845.9989013001282,155.1016032502694,133.24163279322707
ST7052J0-PSG.edf,ST,Wake,0.9520408971550055,0.0167103188012341,0.011865807306439265,0.007119317145120424,0.01847792615564522,445.7059146676433,91.39754668226071,86.45218087038832
ST7052J0-PSG.edf,ST,Wake,0.7003406630260837,0.09173511875626587,0.06730218561734708,0.039495496343015364,0.1322720465518402,740.5237136055667,173.7155600172924,23.658517382073644
ST7052J0-PSG.edf,ST,Wake,0.8707617810528553,0.05274703411848579,0.018939603993097763,0.012310120991650665,0.052155259750989204,533.6019044131111,96.35644485520778,66.62012960375296
ST7052J0-PSG.edf,ST,Wake,0.5580348318963061,0.1258681754253023,0.08152668683332927,0.06550003940645244,0.22809591117702427,994.3233839956051,208.8824124603125,91.68664077561147
ST7052J0-PSG.edf,ST,Wake,0.8773340046196616,0.04003933570307098,0.0321903384845525,0.016928412651403282,0.047391742565977446,1266.4347189159494,216.78530354451834,108.9358608941845
ST7052J0-PSG.edf,ST,Wake,0.8926365570149242,0.04529826734825251,0.016966333166923527,0.011553977089001329,0.04007282660026109,821.8275041201246,155.53514543955654,79.89413879623781
ST7052J0-PSG.edf,ST,Wake,0.9073055438211262,0.046433058386445944,0.013315641633101026,0.009055151398661651,0.030729416298579677,913.0195934810474,184.85503623838548,173.8090493702681
ST7052J0-PSG.edf,ST,Wake,0.9268688600188483,0.025623153588186648,0.015760975374224905,0.009633965281541921,0.029082968509975007,914.850759934078,119.44345325059314,92.41705379128261
ST7052J0-PSG.edf,ST,Wake,0.9530301465274889,0.02686098180793863,0.006568625004993946,0.004291203014356069,0.012178872544656159,2275.7736678264055,426.84678580547615,158.08662212978152
ST7052J0-PSG.edf,ST,Wake,0.9724863703543127,0.014296419390273861,0.0038192923271602964,0.003021483160953781,0.008577873365738778,1005.6766160043948,217.58180430078943,116.4063564483366
ST7052J0-PSG.edf,ST,N1,0.6652256489318047,0.10693027154487406,0.05498967458433223,0.041006496512706964,0.1654945405264824,721.8458157846549,216.1986070794834,47.46852891777332
ST7052J0-PSG.edf,ST,N1,0.7876997022121707,0.09363189235609869,0.037868880340023454,0.023812285163835392,0.07435801815632463,802.7833730086065,222.4615164511076,43.5062768912594
ST7052J0-PSG.edf,ST,N1,0.6727786006791141,0.14548667860742878,0.06146379698978984,0.03460658027798867,0.11245167695381633,872.0014649331624,165.64844013855182,29.965382713551936
ST7052J0-PSG.edf,ST,N1,0.5664062596943786,0.21186288527202182,0.08315187019591998,0.04375191455377752,0.12617578843752053,1008.6064823292438,223.19424830985616,39.11414555940344
ST7052J0-PSG.edf,ST,N1,0.6008653878285223,0.1390628646858155,0.08582248198484384,0.04079224843931608,0.1668424598704413,735.396447537081,177.99211877812226,34.05929304572497
ST7052J0-PSG.edf,ST,N1,0.5398908149837769,0.17288069688224553,0.07342988425601794,0.04089854522532414,0.20448223016332784,1248.4892876762497,255.35249329743334,27.6538428506697
ST7052J0-PSG.edf,ST,N1,0.8511425026680393,0.06931196367940895,0.02463467077619516,0.01298718402063916,0.0506457846411709,1055.8505768174327,239.92065684712423,46.988274691076654
ST7052J0-PSG.edf,ST,N1,0.7105512532118703,0.14116561233288957,0.056608034140878775,0.030280593940874956,0.08683869196722468,1457.242263321736,430.7335650080974,31.896111109997136
ST7052J0-PSG.edf,ST,N1,0.7787917139325701,0.09793318953294776,0.04559384444603134,0.02455359127878802,0.06647434968972227,1264.6035524629187,339.3081112236129,39.260975232141156
ST7052J0-PSG.edf,ST,N1,0.7974999608265259,0.10236021845104201,0.03392662212265562,0.025676816004765873,0.06226572091809968,1340.780076908991,320.166549590277,71.32341408021598
ST7052J0-PSG.edf,ST,N1,0.7831801598780039,0.10685201800405543,0.03819419504916755,0.021682498712801146,0.06750014378800337,1665.629005676616,409.4153165819977,78.64481447317023
ST7052J0-PSG.edf,ST,N1,0.8029603739716163,0.09278139601195545,0.036331160863914067,0.023377168331979333,0.058982241034282776,1427.9436000732467,318.2939625844614,57.51457983368041
ST7052J0-PSG.edf,ST,N1,0.7073594254464279,0.11847009976152827,0.045094782476863535,0.04479094683123557,0.12064844234548593,1503.3876579381065,364.38859947056983,43.1179119419183
ST7052J0-PSG.edf,ST,N1,0.789123171850979,0.12503783595094436,0.028735014859154983,0.01978300663003534,0.04981852120274356,1336.0190441311115,319.10422550393304,61.89466518198686
ST7052J0-PSG.edf,ST,N1,0.659944747371908,0.10519484971895517,0.075745550570186,0.04854588149391889,0.1491518036985208,1067.2038088262223,250.39452255837193,32.92558053377262
ST7052J0-PSG.edf,ST,N1,0.8209272023866686,0.06776396395608107,0.042670131076892125,0.029544972460549383,0.06278708921478897,1074.5284746383445,287.9701538198587,53.7778175722154
ST7052J0-PSG.edf,ST,N1,0.8639242269261368,0.06105433334612628,0.022601356500940358,0.016629492479149688,0.04960935995280673,1236.769822376854,294.67398270839396,38.46394148577344
ST7052J0-PSG.edf,ST,N1,0.5634374844346393,0.17053731886548978,0.07596263260304073,0.0528148539679555,0.183015253918808,973.0818531404504,244.22290543213828,29.48985363230649
ST7052J0-PSG.edf,ST,N1,0.5350762007381669,0.1384052356774279,0.10021165719762318,0.06699975399707134,0.21937876495709369,927.668925105292,213.51913008289094,27.213521953393073
ST7052J0-PSG.edf,ST,N1,0.6294309757619752,0.16576738994922724,0.06142112438233681,0.034862805755500194,0.1373551146884363,1231.6425563083685,286.03465131746606,19.13400304149682
ST7052J0-PSG.edf,ST,N1,0.6509652159915934,0.13851499660650116,0.0696065470720562,0.042610511062138326,0.13371753136558015,1330.891778062626,291.54795589218185,20.242614313015608
ST7052J0-PSG.edf,ST,N1,0.559281186328725,0.14899412869884665,0.08031628621590187,0.06454220800320162,0.1980823995387563,1205.6399926753343,259.6606413071812,42.92684900401878
ST7052J0-PSG.edf,ST,N1,0.7738694493088709,0.10771710488065855,0.04402319372924263,0.02961853248984899,0.06928305573729139,1560.1538179820545,452.893520659349,43.215353515641354
ST7052J0-PSG.edf,ST,N1,0.7496775869661731,0.12643672654842297,0.04763430326151884,0.03175072520067475,0.06340808427874457,1160.2270646401757,288.6538357760995,30.013935899731944
ST7052J0-PSG.edf,ST,N1,0.7657681462614255,0.12210839282620406,0.03400205463201108,0.02090904713518789,0.07240167743980318,1505.5850576817434,350.16257187208646,39.13510444052685
ST7052J0-PSG.edf,ST,N1,0.7629883531299411,0.1022526552993962,0.04688271932944467,0.02853641151919157,0.08349156630933062,1114.4479033144112,250.53185322940175,40.71104604533348
ST7052J0-PSG.edf,ST,N1,0.577871846078471,0.14017557532973887,0.08025136865058727,0.06466866225701455,0.19193673364714445,828.4197033510345,207.45427931198805,44.889210279657966
ST7052J0-PSG.edf,ST,N1,0.7626018774321992,0.08904611621487368,0.05288051718984725,0.029025178432313083,0.08966383112362628,922.9078923274126,170.91653206353388,65.15059954182468
ST7052J0-PSG.edf,ST,N1,0.766421026533042,0.1176044295819971,0.05831537959711836,0.02699939485982391,0.051750451395903015,968.687053653177,181.9001588460863,55.06377211061367
ST7052J0-PSG.edf,ST,N1,0.729835637757843,0.13098852977676978,0.06493810666402036,0.0294602633915248,0.06901765299721567,817.066471342245,187.5155717820483,67.92740728316812
ST7052J0-PSG.edf,ST,N1,0.5934273864377014,0.13241234864755294,0.08222777764598536,0.055958848017859636,0.18774104027383262,958.798754806812,217.20223098478937,67.29412117082583
ST7052J0-PSG.edf,ST,N1,0.7896169974158673,0.10194021959366027,0.04492623493798502,0.025331685289656576,0.059349068490622534,1469.694195202344,286.79682365123494,40.4929708171492
ST7052J0-PSG.edf,ST,N1,0.8126108852593389,0.09635151783524033,0.03082850598920478,0.016691246852175348,0.05672912865684048,1258.0113532320088,303.8654953395306,51.28501669553999
ST7052J0-PSG.edf,ST,N1,0.6761143823163263,0.17656581611332595,0.05103328990685033,0.026344094925093372,0.0843611449402345,916.6819263871087,210.9401991452623,50.296640483755354
ST7052J0-PSG.edf,ST,N1,0.7591756485777953,0.10630271968578528,0.05990830543716047,0.022301040356840114,0.06474060008866196,1184.0322285295733,267.9310240176697,59.395529204969925
ST7052J0-PSG.edf,ST,N1,0.8862586566395234,0.05480022654152842,0.023215508418764224,0.010619450206471724,0.031523532070810746,964.6584874565098,223.28275674521967,98.45025979050115
ST7052J0-PSG.edf,ST,N1,0.6443682239921544,0.15426422234894288,0.0666784217609876,0.037117840900784294,0.12711354219606127,1165.3543307086613,241.8353411077433,27.436104641119336
ST7052J0-PSG.edf,ST,N1,0.7995458433847752,0.10517036586586465,0.04044623293674967,0.016217370057489494,0.049821610675137185,1256.9126533601905,290.5199866312698,34.532532519582894
ST7052J0-PSG.edf,ST,N1,0.7884298843142883,0.12659669540293803,0.044392458295158616,0.027863706623129637,0.031335915196679255,980.772752243179,267.4481550413887,28.915242398184756
ST7052J0-PSG.edf,ST,N1,0.7995293977926161,0.0831880996132498,0.031648431414709466,0.026039544141328478,0.08202482709237785,878.9598974546786,213.99148348769862,49.07899877611106
ST7052J0-PSG.edf,ST,N1,0.9069403100583782,0.03779203971487344,0.016513740848459114,0.015378966414441,0.03357683776649275,723.3107489470792,162.9502555143356,109.90817305827896
ST7052J0-PSG.edf,ST,N1,0.6298955827632919,0.1604097011105042,0.09058008441125988,0.04407283815533613,0.11506891358875336,581.9446987731185,136.7773235570984,28.606503611704106
ST7052J0-PSG.edf,ST,N1,0.8310372893590915,0.03938546788542065,0.03868975486149789,0.03486252190363025,0.08646493913389806,821.0950375389123,190.5505629292534,25.39461671804678
ST7052J0-PSG.edf,ST,N1,0.6590266578801035,0.0986142297376594,0.0768192290878673,0.04735318825359184,0.15712308991762003,769.0899102728438,201.49985440694266,30.085094399883793
ST7052J0-PSG.edf,ST,N1,0.681799163319508,0.12448950835613912,0.06709091560730304,0.04258376037771157,0.11486800838991751,1072.3310748947079,249.56023960114976,47.21751827311962
ST7052J0-PSG.edf,ST,N1,0.7531172000680618,0.10227885807415696,0.04479687150122668,0.02518599705714222,0.09429057478049879,1061.7103094671306,219.98895599693256,51.039496507142545
ST7052J0-PSG.edf,ST,N1,0.7467057648670569,0.11288869559650312,0.04738283201888812,0.034080272105666026,0.08830362363877156,861.3806995055851,230.54868963747217,47.40215778604456
ST7052J0-PSG.edf,ST,N1,0.7264673525065395,0.14342876905773944,0.050787776308700065,0.03685937492111061,0.06746659661321078,913.0195934810474,232.00323178176237,42.606171384158706
ST7052J0-PSG.edf,ST,N1,0.8427852678326383,0.06552702158940443,0.031177826622229454,0.022039113705903213,0.058796602802834386,885.1858633949826,191.68022644276272,30.391597217949716
ST7052J0-PSG.edf,ST,N1,0.7834423880230131,0.08616747306948219,0.04720234057671375,0.02983551384856857,0.07916883295377045,708.6614173228346,218.17076114355996,101.67026140021585
ST7052J0-PSG.edf,ST,N2,0.8342008021836003,0.07287175333699702,0.042322907963943064,0.02430381224092885,0.04541194257731111,1210.7672587438199,240.1530260074168,33.52384355489909
ST7052J0-PSG.edf,ST,N2,0.7482467823313071,0.12609065346325052,0.061798727072331375,0.04997666258372198,0.0568102640842306,1567.478483794177,403.65455814033544,46.083765823747896
ST7052J0-PSG.edf,ST,N2,0.7471478142248766,0.13386253086180852,0.05872058764929003,0.05287331732155813,0.05408694487154521,1541.8421534517488,423.55433042126447,44.81100236403829
ST7052J0-PSG.edf,ST,N2,0.5696239097555749,0.21178695982534188,0.06531653845743482,0.15105111215453593,0.14518571933886598,1195.751693828969,209.88220193811796,65.05627492809847
ST7052J0-PSG.edf,ST,N2,0.7247478261937444,0.11486855790532076,0.07697538139911655,0.08539659033693303,0.07428194423592564,1424.6475004577915,379.3672745611273,48.118792382133584
ST7052J0-PSG.edf,ST,N2,0.680761909667668,0.15864550897366997,0.06805624143093748,0.0794972560728219,0.08258129126598318,1284.380150155649,311.6187322052024,30.666160332514348
ST7052J0-PSG.edf,ST,N2,0.808991993616837,0.08953890066592796,0.05082206442839676,0.036634933442120377,0.044033545244352726,990.2948177989379,222.15337741207625,44.07514531977316
ST7052J0-PSG.edf,ST,N2,0.7083632001601518,0.11586841818995085,0.07617559348347124,0.10944383992580312,0.08976525555221145,1347.006042849295,369.27521950557565,43.46936581646197
ST7052J0-PSG.edf,ST,N2,0.7931078217798266,0.1134038956658564,0.04381982034506225,0.0446673170044933,0.04295806817337379,628.8225599707014,163.76777603876639,31.373864655429454
ST7052J0-PSG.edf,ST,N2,0.7029878021570318,0.11981461290130453,0.05845794067377088,0.1127837332280884,0.10905929211880987,816.3340047610328,251.5556451644978,40.160566426707035
ST7052J0-PSG.edf,ST,N2,0.6000788171014092,0.1937566531221516,0.09197421301086967,0.12655379384673124,0.09733862803900059,989.9285845083318,231.66446694842884,54.8053045218563
ST7052J0-PSG.edf,ST,N2,0.6974595632230365,0.1058196854155057,0.0730467843688968,0.14216525286045895,0.11342851184733012,561.8018677897821,144.401874209828,42.05067876943373
ST7052J0-PSG.edf,ST,N2,0.6649946441481072,0.16583495434843062,0.06686707268266671,0.11415403924832196,0.08289485064258051,569.8590001831167,156.42658386371374,28.1739732137772
ST7052J0-PSG.edf,ST,N2,0.7345462875703715,0.15527798588558686,0.05024286672511866,0.06396173670916573,0.05173535286394303,631.019959714338,136.55673052897185,42.82921971063215
ST7052J0-PSG.edf,ST,N2,0.7383774808764068,0.09557466062978102,0.05992322543074025,0.10668937083865657,0.09096677802375983,540.5603369346275,145.17757909066702,48.505986756891396
ST7052J0-PSG.edf,ST,N2,0.71713797171768,0.14792809956443595,0.06500952661534198,0.07519548094992716,0.05799179616431279,667.6432887749496,156.66105402284106,40.86054696179706
ST7052J0-PSG.edf,ST,N2,0.7736004755889314,0.1253506155326877,0.04688616567945621,0.051138583093505094,0.04446590059646857,449.73448086431057,109.70964491218146,30.75781274104941
ST7052J0-PSG.edf,ST,N2,0.8094040640345742,0.10098894562814524,0.044240871874999387,0.04467013037613804,0.037831571950223714,414.94231825672955,128.29958041657108,30.088572474681538
ST7052J0-PSG.edf,ST,N2,0.7849399089543949,0.09956335785000638,0.047167166843778724,0.07823833277216667,0.057602753178323585,457.425379967039,121.42078176427695,27.79374927500451
ST7052J0-PSG.edf,ST,N2,0.8173570059116195,0.09431767592353518,0.040748156212308824,0.05333523848793178,0.04069005412190932,823.2924372825489,179.86285319659163,39.875217127609474
ST7052J0-PSG.edf,ST,N2,0.8340888940513215,0.08430439027053706,0.03517030532227634,0.04768404682840521,0.03639869688500057,665.445889031313,183.328471121729,36.88186240801901
ST7052J0-PSG.edf,ST,N2,0.8043718574080653,0.0981345530763893,0.04532314374085969,0.05968621787087088,0.04586912082068771,292.25416590368064,59.80394060969679,26.540846358483027
ST7052J0-PSG.edf,ST,N2,0.8230342956330794,0.0848913402577353,0.05528366552901262,0.06189087798978916,0.02957650773582486,294.81779893792344,65.99220496291116,37.263296949793244
ST7052J0-PSG.edf,ST,N2,0.7415670151285216,0.15203442556791882,0.0521890400828152,0.05687971441840804,0.04036606171107656,753.3418787767807,185.0103932915516,31.55007960252043
ST7052J0-PSG.edf,ST,N2,0.6456554408503209,0.15549391250928363,0.0923904539194507,0.11743039253777049,0.096646072699534,668.3757553561619,132.74126514271632,34.406326683488786
ST7052J0-PSG.edf,ST,N2,0.7288216125798045,0.14408826720565937,0.06604328337246194,0.07082458439950037,0.048848992201364204,833.5469694195202,222.03823177175013,30.88633166935851
ST7052J0-PSG.edf,ST,N2,0.7642458646147556,0.11803282867308414,0.03862598462797993,0.082868321576029,0.07085302263624987,528.8408716352317,131.10836223420597,41.006682944735296
ST7052J0-PSG.edf,ST,N2,0.8133270279189426,0.09173382672629837,0.03924679513702447,0.0482929749103136,0.047785794775994796,616.7368613806995,164.77284635945884,33.27701610033699
ST7052J0-PSG.edf,ST,N2,0.7553923224692394,0.08692642633168239,0.04255650464805234,0.1095035796899576,0.1076265562145787,640.9082585607032,145.55334367139162,68.01273749011615
ST7052J0-PSG.edf,ST,N2,0.8014925977689844,0.09038937659207996,0.03647763677737428,0.05240729826030109,0.06581816672080847,819.6301043764878,221.21303601100354,38.75788048323717
ST7052J0-PSG.edf,ST,N2,0.8448312833915629,0.09341448054256461,0.025111770722119724,0.020133143988289894,0.026251476399283727,533.235671122505,141.1597251987211,28.13374978592146
ST7052J0-PSG.edf,ST,N2,0.6875992717721212,0.12920716700573529,0.05380296813870294,0.12413792355846938,0.11891153829056274,683.3913202710125,177.26619894209202,42.03753484700759
ST7052J0-PSG.edf,ST,N2,0.7598416116257126,0.10369849891323527,0.056880418627226655,0.07777751472359795,0.06953999001107909,1038.6376121589453,202.6073452152405,32.2555683584549
ST7052J0-PSG.edf,ST,N2,0.8220463708533916,0.08800503767284175,0.03823898634650611,0.05040824699758636,0.043947515500811295,438.381248855521,110.32407062661815,48.08488883158515
ST7052J0-PSG.edf,ST,N2,0.6406951044486097,0.17516377401056613,0.07367731032495818,0.10842340122973793,0.09417897569852467,830.9833363852774,186.53949438292656,30.398389377648368
ST7052J0-PSG.edf,ST,N2,0.7365647068985723,0.14897246056724178,0.048855034236994985,0.05072946293951008,0.060087917780098636,1139.7180003662334,259.17318576428477,25.466561547758946
ST7052J0-PSG.edf,ST,N2,0.76002870143515,0.09864914244452584,0.03791480800637015,0.10054367525589486,0.09916311459266611,709.0276506134408,170.0295670851561,82.80090611114669
ST7052J0-PSG.edf,ST,N2,0.612087958541508,0.12991676677393843,0.05143585372512074,0.1828220444071707,0.1850210205117033,661.7835561252518,159.7001025094921,29.831490120560037
ST7052J0-PSG.edf,ST,N2,0.8504445067956914,0.08287705141254516,0.03238137506377968,0.0205183060389056,0.028219131196764342,739.4250137337483,193.113881396804,37.88590880361783
ST7052J0-PSG.edf,ST,N2,0.6595441956107417,0.09508179785492202,0.05034669731242343,0.18963024412813764,0.1846145724892641,453.0305804797656,97.5258401319985,29.460257185030184
ST7052J0-PSG.edf,ST,N2,0.7321578229941986,0.10593314264626526,0.07360687806616398,0.09655230965152063,0.07738301905165221,575.7187328328145,136.81162616239766,40.960319981793596
ST7052J0-PSG.edf,ST,N2,0.5740545411450529,0.12585109589561272,0.07786545096765474,0.2324175227683741,0.20046773698593898,248.3061710309467,53.874803568730464,25.73291801456713
ST7052J0-PSG.edf,ST,N2,0.6410472516249615,0.12916684376155943,0.07274972753725333,0.16867520741872857,0.13675166807413616,491.11884270280166,139.47866746021992,34.68598445423735
ST7052J0-PSG.edf,ST,N2,0.7557585824478444,0.09826238425987177,0.075445044427813,0.07808981780981226,0.054473329217276815,404.32155282915215,109.98197797300558,18.257771016448086
ST7052J0-PSG.edf,ST,N2,0.7382503689218889,0.11460858715855768,0.057977243275499156,0.08170495815051025,0.077481863194927,529.2071049258377,117.22344029717546,20.68589584079442
ST7052J0-PSG.edf,ST,N2,0.7774832021125752,0.08477221890149242,0.07761655363417287,0.08306920306700194,0.05219856174279868,414.2098516755173,53.603769491201746,35.24146570073304
ST7052J0-PSG.edf,ST,N2,0.8112553530968868,0.1103506323037979,0.02938873771354513,0.025433612315216327,0.03763539448445101,476.1032777879509,108.20685296008408,49.76391337987887
ST7052J0-PSG.edf,ST,N2,0.6526143706276926,0.1269352230872463,0.08182987752374052,0.15398424911337166,0.12672462712306476,384.17872184581574,83.65459745645576,21.858721926021687
ST7052J0-PSG.edf,ST,N2,0.7185294991739626,0.13137876002817409,0.06631281297515577,0.07411433718686668,0.06744307311415786,522.2486724043215,126.75274050409821,26.763527899738754
ST7052J0-PSG.edf,ST,N2,0.7882377760727085,0.08477489925960344,0.05911640752359934,0.0739651271668051,0.061751921759967375,351.9501922724776,96.12407685558463,24.702346306099194
ST7052J0-PSG.edf,ST,N3,0.8849806229444191,0.07017428258301571,0.023586915657210498,0.017719886621785627,0.016985955851247063,581.2122321919062,151.7717206226538,35.560442645670534
ST7052J0-PSG.edf,ST,N3,0.8590906048751475,0.06085339300229889,0.028180238423309134,0.0440885098144573,0.04467069911798366,501.0071415491668,130.8892557217571,35.21911723225671
ST7052J0-PSG.edf,ST,N3,0.8762882123635398,0.07755556618176407,0.021837446904303566,0.02251264045613446,0.02013022884905805,696.941952023439,125.63530953876686,33.151375765898955
ST7052J0-PSG.edf,ST,N3,0.8333525519196208,0.08661617362076895,0.03664167595370844,0.04829940723867135,0.03545032066385486,356.71122505035703,66.68713629189223,33.24869053485227
ST7052J0-PSG.edf,ST,N3,0.9216549692985095,0.043490000112143476,0.01623366346439031,0.01711373902416957,0.014591808656630416,440.9448818897638,111.73516716587604,36.82635575436629
ST7052J0-PSG.edf,ST,N3,0.8896005370914972,0.06841299837074204,0.019963518558708905,0.02050112910450161,0.0177884904110345,423.36568394067024,103.33840428088565,35.47383916240157
ST7052J0-PSG.edf,ST,N3,0.8049263591039691,0.11826932754522,0.042679477229698656,0.04219302199963002,0.024910103725471183,290.05676616004394,64.64639344763326,30.160827930031967
ST7052J0-PSG.edf,ST,N3,0.9032013550535033,0.06431248315291585,0.017942563463178157,0.015120190995138956,0.011919647329343858,465.48251236037356,105.76683839497022,40.42536465015124
ST7052J0-PSG.edf,ST,N3,0.8598876842591288,0.08548773228427038,0.026507732358530274,0.029248386012398247,0.02150075285925293,327.04632851126166,67.95606265887638,39.45177274176895
ST7052J0-PSG.edf,ST,N3,0.8937781469823326,0.06671061019699731,0.02582543887720858,0.015384940273685126,0.011012747982087623,555.9421351400842,161.93711077431922,38.55338811552075
ST7052J0-PSG.edf,ST,N3,0.8802699967849145,0.0771364956825237,0.019670028757891117,0.026090814454723044,0.019388024390568175,316.0593297930782,71.72389121673142,54.19081667237884
ST7052J0-PSG.edf,ST,N3,0.9076683420718302,0.05208627770806798,0.02204623532306748,0.021060982336976987,0.015319916451791477,224.13477385094305,42.22357695403464,42.762655665796345
ST7052J0-PSG.edf,ST,N3,0.8990337009887983,0.05761154820219054,0.020099448887011727,0.025102662899798216,0.014724761177585479,272.8438015015565,60.78579487435503,36.488839210209356
ST7052J0-PSG.edf,ST,N3,0.8981246893139977,0.06053338916680641,0.020026682595555543,0.019652315774302608,0.014308624166400418,412.7449185130928,110.87341330201144,35.73538623299774
ST7052J0-PSG.edf,ST,N3,0.8583097404982215,0.08665210037188997,0.0318472150909332,0.031006602908449726,0.0165246151465144,417.50595129097235,101.08925523189234,49.514594504165345
ST7052J0-PSG.edf,ST,N3,0.9403223381005874,0.03280619006137706,0.014514564988042846,0.011910160587454768,0.008647924829297908,688.5185863394983,185.89456031013836,41.067410377605746
ST7052J0-PSG.edf,ST,N3,0.918456011329334,0.04524309630266901,0.02058329251609359,0.01973665465431306,0.012917325936622401,313.86193004944147,74.1402615226023,33.879530989642504
ST7052J0-PSG.edf,ST,N3,0.9010551739473729,0.060801655724930105,0.020057096959269542,0.022561283545876963,0.013407968765812713,172.86211316608677,33.60321563886735,38.32261759343622
ST7052J0-PSG.edf,ST,N3,0.9199068276357262,0.04822424099270951,0.014108910189407624,0.016411825267513672,0.014013265306508886,467.6799121040102,128.87208296173517,41.267946559646724
ST7052J0-PSG.edf,ST,N3,0.9320249359534426,0.045403513384524134,0.010997219680372839,0.011565482312701828,0.008951309751310465,500.64090825856067,131.60175622943675,38.127272727180646
ST7052J0-PSG.edf,ST,N3,0.9033173205707328,0.05926770262140876,0.020299622799628315,0.018677788351995604,0.01336098476196161,405.0540194103644,90.73087986553423,38.41022097856958
ST7052J0-PSG.edf,ST,N3,0.9305839420393941,0.040384718731263876,0.014390157596629633,0.014505428193995994,0.010601529059608174,442.77604834279435,142.45991638474712,39.43919441199783
ST7052J0-PSG.edf,ST,N3,0.8843920458724491,0.0585631079180845,0.027877830970519567,0.03783278713053796,0.02106592344701633,242.44643838124887,50.667397543750326,35.69646451553579
ST7052J0-PSG.edf,ST,N3,0.8919670667964282,0.059801743576203124,0.026696109952280687,0.028099569402610755,0.016667627433864827,260.39186962094857,60.603326403316494,36.42164994343067
ST7052J0-PSG.edf,ST,N3,0.9331777969971213,0.04571153630705284,0.012408780420005703,0.008547970606022769,0.0060604862788785395,341.3294268449002,95.74843461207736,38.72522483965426
ST7052J0-PSG.edf,ST,N3,0.9267378716734664,0.04390627770281799,0.014891008859114315,0.01736095308475418,0.011388843653411189,308.7346639809559,61.86615114915325,40.38265712680298
ST7052J0-PSG.edf,ST,N3,0.9226595332904,0.05023430772806125,0.014742537396191852,0.010333642845173888,0.008385271204251098,282.3658670573155,64.31212012529517,36.940358336091556
ST7052J0-PSG.edf,ST,N3,0.957464142280765,0.025754830642868445,0.008145767631761778,0.007413361505047809,0.006406219958966186,540.1941036440212,148.46833983113294,43.82057363424533
ST7052J0-PSG.edf,ST,N3,0.9169884559343561,0.048367902334349275,0.0181111180650776,0.019378515964942805,0.011953203528654307,304.33986449368246,80.2709551395278,43.77326084620492
ST7052J0-PSG.edf,ST,N3,0.9155849889803309,0.056528662849968235,0.013104470966349112,0.014766710896678803,0.011970337034571635,198.13221021790878,35.65882230804726,40.05100461485405
ST7052J0-PSG.edf,ST,N3,0.9290287100075966,0.04018859919557258,0.014067602839394872,0.016117503698170773,0.012047816778265358,232.5581395348837,51.24782576438099,39.50861345454359
ST7052J0-PSG.edf,ST,N3,0.8962780061189853,0.05787750221338378,0.02486307446855455,0.025319397633865287,0.014838679723785742,152.71928218275042,30.043778757179727,35.33657030261604
ST7052J0-PSG.edf,ST,N3,0.9238636975275036,0.04243127492707485,0.018904113846512607,0.017148446862069986,0.010492526958565774,181.65171214063358,38.73965547851897,42.0026822334805
ST7052J0-PSG.edf,ST,N3,0.9428004065735867,0.03488636222299898,0.011116908819278432,0.009554900205453411,0.006523621497332225,387.8410547518769,97.41825255842325,38.66319950763067
ST7052J0-PSG.edf,ST,N3,0.9328893781936511,0.04288787579494013,0.01287482950716676,0.008919664240865662,0.00785945396960982,324.1164621864127,78.97133513153234,38.41184380704334
ST7052J0-PSG.edf,ST,N3,0.9376140832367905,0.04012088583557973,0.009345593885685618,0.00995722891444362,0.00815204629711502,468.4123786852225,109.24553307576406,48.120009532393674
ST7052J0-PSG.edf,ST,N3,0.8941562862788305,0.064643611845068,0.02327804275532738,0.018538719895696942,0.012673212346175505,219.73997436366966,35.98222479184462,36.419253711408565
ST7052J0-PSG.edf,ST,N3,0.9495224314079015,0.029975460866380838,0.012643398967944825,0.011844063834886088,0.006405922148388791,191.90624427760483,36.986044789998545,47.8486393753433
ST7052J0-PSG.edf,ST,N3,0.932878290573259,0.043626903748474354,0.011737928522641964,0.011046483468207321,0.009201898411948344,241.71397180003663,48.5230225477885,41.228996762849086
ST7052J0-PSG.edf,ST,N3,0.954849390868562,0.02895560414948537,0.006703303314131309,0.009030412724985514,0.007528071858513095,540.1941036440212,135.3777857806594,54.22455752916058
ST7052J0-PSG.edf,ST,N3,0.9673016390013806,0.019111707247136858,0.005273793975412621,0.003784056872403116,0.006959816348290292,741.9886467679912,191.002585373839,60.40911544493617
ST7052J0-PSG.edf,ST,N3,0.9163595963102555,0.05614320666377467,0.015922915893241664,0.011101453918975311,0.00883629061099367,454.86174693279617,109.65397387565096,31.490529029443724
ST7052J0-PSG.edf,ST,N3,0.8560768041752165,0.08264608655704345,0.02556039625291935,0.04004625603475601,0.026600669555673605,705.3653177073795,163.87920615838576,44.136356987416015
ST7052J0-PSG.edf,ST,N3,0.918008037637235,0.038636275211501175,0.0189749895062536,0.025711476563537134,0.019108984814414382,622.9628273210035,117.67210918644419,43.257771750135284
ST7052J0-PSG.edf,ST,N3,0.8708521795194649,0.06772922267119372,0.028923830362720615,0.04211900968866047,0.027016682866166326,321.1865958615638,67.06863697802669,41.37678451462633
ST7052J0-PSG.edf,ST,N3,0.9133322614596456,0.04849245187011403,0.020372723101340896,0.019844121801903047,0.01440138822455167,522.6149056949278,94.50069823465012,43.030997730280895
ST7052J0-PSG.edf,ST,N3,0.865727714563355,0.06180885095932728,0.038588400652279614,0.041833741674298916,0.02745965300704759,379.7839223585424,83.7451422546927,38.00531784860213
ST7052J0-PSG.edf,ST,N3,0.9051020786727809,0.061786445475590014,0.01954422354668382,0.015748238778728357,0.008270142811653327,228.89580662882256,49.868446295851236,35.03395029367542
ST7052J0-PSG.edf,ST,N3,0.9441277971380988,0.029766538798147956,0.012037534730819786,0.015238283596390062,0.011365963556323565,405.0540194103644,110.07266750259556,42.765202423620224
ST7052J0-PSG.edf,ST,N3,0.900967599208528,0.05606480442203756,0.021950576118306843,0.02426673074221514,0.01582195096644967,774.5834096319355,153.10177205598475,44.719932812859476
ST7052J0-PSG.edf,ST,REM,0.6717456117205957,0.15933179617771126,0.04562478210565205,0.11681176760998567,0.11676063982110217,965.3909540377219,243.34793263970022,39.930119141985294
ST7052J0-PSG.edf,ST,REM,0.7190165520266878,0.13000818822001814,0.04415593932603338,0.09095590079458325,0.09865723299711797,1223.95165720564,270.1576394999881,34.50500115081724
ST7052J0-PSG.edf,ST,REM,0.6892204712508354,0.17949515776393546,0.05596436412907493,0.048601900965574894,0.0598634864635816,1166.4530305804797,317.0946240869098,23.483914160065254
ST7052J0-PSG.edf,ST,REM,0.7455945316648666,0.150530947544088,0.042008480147599274,0.021069168017278393,0.03922367421373959,1468.9617286211314,380.19809760500846,40.939591325004
ST7052J0-PSG.edf,ST,REM,0.7299750878234238,0.1517519720846012,0.06328594560614442,0.031244568563430785,0.0466286867499373,687.0536531770738,175.9722400140561,52.53705248072476
ST7052J0-PSG.edf,ST,REM,0.7764312757152371,0.11167493525755377,0.049567166043181926,0.039855971872135174,0.056380262216502684,436.91631569309646,127.21288478604276,30.33853369166615
ST7052J0-PSG.edf,ST,REM,0.8201014145608034,0.11128940682020184,0.0336949729739936,0.019596809337582958,0.0257657743151956,941.5857901483246,196.7386071015244,41.84734489324548
ST7052J0-PSG.edf,ST,REM,0.7801312425238714,0.13370138243162918,0.030355585396082095,0.02513768384670873,0.04282515560100899,1317.3411463101997,220.47997433632395,100.43042109684264
ST7052J0-PSG.edf,ST,REM,0.6743488282411895,0.15313480799296972,0.07264195818220809,0.08068558838877593,0.08089087071857048,681.1939205273759,187.22346226637802,20.510514459633207
ST7052J0-PSG.edf,ST,REM,0.5882940830568468,0.17728756108047622,0.07521813102367739,0.039170251845355386,0.15272168696279875,611.2433620216077,135.52692148283867,19.739001811021073
ST7052J0-PSG.edf,ST,REM,0.6973267232452601,0.16764993017619537,0.060224802353153035,0.04667224222280794,0.05871960695138435,505.0357077458341,128.8012975087187,30.020057514932347
ST7052J0-PSG.edf,ST,REM,0.7098429112926591,0.13784993153341255,0.06132498639897982,0.049050041121527034,0.07366523022703989,824.7573704449734,182.02422197113063,25.277982214674182
ST7052J0-PSG.edf,ST,REM,0.658741508499682,0.20719774302877764,0.045423641581820974,0.07374201356891621,0.07507983756849516,1181.8348287859367,308.49916535482214,53.93300148434092
ST7052J0-PSG.edf,ST,REM,0.7044567203111838,0.17230533240752052,0.057884513854134,0.036739892540127515,0.05441855066132985,893.2429957883171,227.11347442931498,29.24281274652359
ST7052J0-PSG.edf,ST,REM,0.7589027116533545,0.13040762773123823,0.051675750339183146,0.028883246483614285,0.04591527047765859,1079.289507416224,246.23617935969827,52.33204499769385
ST7052J0-PSG.edf,ST,REM,0.7125688991563377,0.1708405057426415,0.05195214848878586,0.032147712221880544,0.05572975288046631,690.7159860831349,199.8172780467153,30.654434025149307
ST7052J0-PSG.edf,ST,REM,0.926664946303857,0.05452844880340934,0.009496727562302389,0.00451667609958495,0.006099618344489607,933.8948910455961,219.64624326587824,68.09125660613346
ST7052J0-PSG.edf,ST,REM,0.7867554938419677,0.1287860767682497,0.04534493122006884,0.026977498194067914,0.03216303265627791,1324.6658121223218,338.30601896967477,46.60304237031547
ST7052J0-PSG.edf,ST,REM,0.833081276258858,0.11497186941947547,0.03012617508069791,0.013191727075981341,0.012589581376945588,1215.8945248123055,238.14460765787769,35.444894658863745
ST7052J0-PSG.edf,ST,REM,0.6782554090803101,0.17136930628559047,0.09690775973019153,0.038230614941450754,0.04723564076479552,1310.3827137886833,269.19863678297963,77.74076397585364
ST7052J0-PSG.edf,ST,REM,0.7270779301281418,0.17230365905320857,0.06198383663772852,0.027656751741851268,0.03278738386265225,796.1911737776963,96.88947284031563,18.161624557614118
ST7052J0-PSG.edf,ST,REM,0.7173869435015104,0.18536920388954914,0.052737519008646,0.02744424321925847,0.03468582642588747,791.0639077092108,233.75081368869465,34.33517863741815
ST7052J0-PSG.edf,ST,REM,0.8402782912790827,0.10759010605958247,0.028498736879028153,0.014905077190938597,0.01757494395309272,1382.5306720380881,314.37511704155276,42.72369100054011
ST7052J0-PSG.edf,ST,REM,0.6723504766538121,0.18648123620535306,0.0826720601419802,0.042186082605233224,0.05061478459874694,1027.2843801501556,201.46498472165024,17.986424842644436
ST7052J0-PSG.edf,ST,REM,0.7488559608948435,0.15919144137673208,0.04779633350390863,0.024631773447431487,0.03210173567411046,1039.7363120307637,234.19020017951792,69.95069944429767
ST7052J0-PSG.edf,ST,REM,0.8361716273266089,0.10923036511277298,0.034765496763791016,0.01603190505671912,0.016381214514027857,1616.9199780260024,374.2127234269585,57.6778972271158
ST7052J0-PSG.edf,ST,REM,0.7298042361638813,0.1564149553328737,0.07097258676142519,0.037010060867934166,0.03572610414967325,937.9234572422633,229.99561246727987,79.26999607540033
ST7052J0-PSG.edf,ST,REM,0.6389443353751919,0.22596274744818307,0.07172837380228107,0.03958373893675625,0.04540953146931075,980.4065189525727,176.5780777796734,80.74909717525105
ST7052J0-PSG.edf,ST,REM,0.821709100610268,0.11764661231836249,0.03502769427198656,0.016001954613730416,0.020110318841366777,1290.239882805347,328.14558548956757,80.08986133863151
ST7052J0-PSG.edf,ST,REM,0.8988387363140803,0.05717878520834712,0.028304888901884557,0.014925484198336355,0.013655012921026806,2112.0673869254715,587.3764869759965,102.09388340808783
ST7052J0-PSG.edf,ST,REM,0.6099721655028595,0.17099842184119401,0.09913070726080908,0.041054572526836794,0.10574904485535175,504.669474455228,114.85929171901499,16.49043562883736
ST7052J0-PSG.edf,ST,REM,0.679078692728515,0.18612222657380945,0.061652412774411,0.0373775842492607,0.06209291905040675,330.70866141732284,66.50933544713872,16.47859539861016
ST7052J0-PSG.edf,ST,REM,0.7278684849121375,0.16119605623839192,0.05603010007894592,0.0380278516466966,0.041105542441477336,1690.5328694378318,355.28662733760905,33.888233957474625
ST7052J0-PSG.edf,ST,REM,0.8730130319565886,0.06274641057613951,0.03529169823404417,0.016078979970759497,0.022477684366111205,1273.7593847280718,268.10618931741897,27.980907544734276
ST7052J0-PSG.edf,ST,REM,0.5730907182589323,0.283432377792926,0.08119093044975771,0.04327609157710363,0.05359356250955,1048.1596777147042,260.2101165990472,21.353758383137105
ST7052J0-PSG.edf,ST,REM,0.8847907897917849,0.06948284528648847,0.022955280776133652,0.014504174236626564,0.0176811570762999,1533.4187877678082,341.9006715550344,85.70880041934048
ST7052J0-PSG.edf,ST,REM,0.9093450430468977,0.05434119548924059,0.021386924377581874,0.009628368456239938,0.01265460017021109,1984.618201794543,417.73512725312685,73.00590231446006
ST7052J0-PSG.edf,ST,REM,0.9186530851145893,0.05013603283253612,0.016981039677767144,0.007488760000318226,0.0101041641500655,1829.33528657755,494.20541802097716,64.28804056811876
ST7052J0-PSG.edf,ST,REM,0.9193375213670146,0.04735908205726324,0.01758840071530891,0.008782054507164306,0.012384672221781898,2175.0595129097237,575.4410152965747,75.6725533926324
ST7052J0-PSG.edf,ST,REM,0.8481388600412892,0.09469469959615182,0.03383698742815534,0.012614107892866187,0.016184081860226615,1986.0831349569676,473.02847990096075,41.84818137938985
ST7052J0-PSG.edf,ST,REM,0.9223140851989007,0.04582608371240657,0.01569739896885664,0.008822882315645842,0.011863976031135178,2315.693096502472,563.8936940613811,83.05136094968618
ST7052J0-PSG.edf,ST,REM,0.6100598725700551,0.210558910076184,0.08932913669230978,0.05522280246197563,0.07508723008310782,1252.517853872917,320.9698899170155,29.66826475947767
ST7052J0-PSG.edf,ST,REM,0.8454211907668464,0.09823827680706558,0.03315462779376001,0.018720926260550243,0.019947351304606616,1686.8705365317705,450.00991372177793,39.626236126329424
ST7052J0-PSG.edf,ST,REM,0.7596078987269989,0.14677977203622317,0.04936456125465289,0.028516438911718078,0.03551407471728313,1668.5588720014648,301.9862084574745,82.6417921793949
ST7052J0-PSG.edf,ST,REM,0.7611612643546676,0.09937789739877134,0.0679118668584034,0.0418573527643755,0.06563419134271498,1351.7670756271746,283.1788113757036,89.49337305872656
ST7052J0-PSG.edf,ST,REM,0.5966340103788976,0.2563050976194315,0.07377324491308665,0.03968580175248936,0.06105921254724993,1312.213880241714,286.91027279447513,22.679411982550306
ST7052J0-PSG.edf,ST,REM,0.8804949272640986,0.07445283350028789,0.02131989234784536,0.013173411712961958,0.018646194624761456,1472.990294817799,239.6153838103095,42.03858974942348
ST7052J0-PSG.edf,ST,REM,0.6389677383573646,0.1422934790632963,0.1016875096727785,0.06345388158564018,0.10574588069227374,1567.844717084783,273.9695738674535,20.35340149716599
ST7052J0-PSG.edf,ST,REM,0.778835236299951,0.12414985198574036,0.05406733950999958,0.027663590602931987,0.036665444612666825,1446.2552646035524,294.5718884296343,46.02596281634695
ST7052J0-PSG.edf,ST,REM,0.7922522629848117,0.10857362263758716,0.046817862415817875,0.028341856584195836,0.045636124961122994,1227.613990111701,287.1966641611639,92.38788943885768
ST7111J0-PSG.edf,ST,Wake,0.0,0.0,0.0,0.0,0.0,2941.585790148324,52.51923364793686,59.22781605683228
ST7111J0-PSG.edf,ST,Wake,0.8174700332422212,0.0913847695017163,0.01329657383954602,0.008113877346966806,0.06999632402893273,4968.687053653177,259.62270893334596,134.09658949720546
ST7111J0-PSG.edf,ST,Wake,0.8257009799123981,0.10445498505233154,0.02691176262267331,0.010770340602208068,0.029038022874561743,1265.7022523347373,232.56003543875212,42.42807772734566
ST7111J0-PSG.edf,ST,Wake,0.7848866412627269,0.14641277206338865,0.030850223074823758,0.012719813950082457,0.031081409155907576,1612.525178538729,254.04526002689744,38.2955725992312
ST7111J0-PSG.edf,ST,Wake,0.6904273475708367,0.16332004740261524,0.07010001365785665,0.03187116846412894,0.05908332961236396,731.7341146310199,133.74005024578528,30.591817956932644
ST7111J0-PSG.edf,ST,Wake,0.852274485426456,0.09970880016000004,0.025141160986574422,0.010071821674629328,0.01836188612125492,1258.0113532320088,202.21967829128735,45.73753024650549
ST7111J0-PSG.edf,ST,Wake,0.845632443881894,0.1040004291753626,0.01974859271534831,0.00957754325939257,0.022658640786266435,2321.186595861564,343.0342657769355,58.99525928979847
ST7111J0-PSG.edf,ST,Wake,0.9056300392338581,0.06950193922793177,0.011090812915009074,0.0050423668503319806,0.009992304056395906,2454.8617469327964,435.79268864676897,93.7361463023672
ST7111J0-PSG.edf,ST,Wake,0.8988947221602004,0.043690956147956886,0.025602629265720527,0.012183228381179386,0.028990133392181466,1723.4938655923825,324.3079935015666,104.76591263544158
ST7111J0-PSG.edf,ST,Wake,0.8853619339534748,0.04093270167202765,0.041576951560287956,0.010388431302957446,0.028381702798805884,1190.6244277604833,241.79948714552648,86.31607530279689
ST7111J0-PSG.edf,ST,Wake,0.9106190253550457,0.05330180978726651,0.016552775230005687,0.00620167111850013,0.016070887434390033,1388.02417139718,282.88921012571126,81.38761463434348
ST7111J0-PSG.edf,ST,Wake,0.8466909631780584,0.06234790945871398,0.04601717997580677,0.014159127099718052,0.04212217747166608,877.128731001648,206.90591871358808,94.14504460214499
ST7111J0-PSG.edf,ST,Wake,0.5108612444642764,0.20927294206030497,0.14296651147703493,0.04516151190579457,0.1278391874958566,557.7733015931148,93.45832636770766,20.34310415163988
ST7111J0-PSG.edf,ST,Wake,0.9086520793491085,0.0419448297889185,0.023678361473378113,0.008160165353944137,0.02318487485703899,975.2792528840871,220.4959278707277,74.00133492796233
ST7111J0-PSG.edf,ST,Wake,0.5804354408875737,0.14701515362306314,0.1451148004519297,0.035528323392142416,0.12091144439922373,1096.5024720747115,197.41024947632525,75.21523475611095
ST7111J0-PSG.edf,ST,Wake,0.8714877048217622,0.049378698158364494,0.036452191067419676,0.01385973105853972,0.03868820258069227,1000.183116645303,211.34209003744814,63.808410603374924
ST7111J0-PSG.edf,ST,Wake,0.7193148525245661,0.09306199074316798,0.09294816381287209,0.03095498767055236,0.08878117111310882,879.3261307452847,192.2337176122894,44.214735155307
ST7111J0-PSG.edf,ST,Wake,0.7811945768979353,0.08558436066723336,0.06413526985719994,0.026999009649021834,0.06172695049533917,670.2069218091924,150.6368175359701,46.44725372877522
ST7111J0-PSG.edf,ST,Wake,0.7231242149320215,0.09834587177875383,0.051267067384226594,0.1232201948602694,0.1213842813112724,93.02325581395348,11.981604064351368,18.536197718918512
ST7111J0-PSG.edf,ST,Wake,0.8442971453710952,0.045741445779613955,0.055894406909609735,0.03708457085012749,0.05057465978281919,1210.0347921626076,247.04503959210734,113.24658770277149
ST7111J0-PSG.edf,ST,Wake,0.8180023989117036,0.06657808350807819,0.04989437741573324,0.06218573286306646,0.06174141799221066,295.1840322285296,30.589116957494923,89.89672451761919
ST7111J0-PSG.edf,ST,Wake,0.6745195265346401,0.10008201713669912,0.08539100923422317,0.1494387236256845,0.126961982617326,378.3189891961179,44.01426556423023,83.41723028477719
ST7111J0-PSG.edf,ST,Wake,0.8883716950365125,0.02769892756460983,0.03276908118708929,0.014824760042918711,0.04890281246816717,681.560153817982,141.1781081499526,74.42009767356798
ST7111J0-PSG.edf,ST,Wake,0.9677880317539844,0.013283760141555924,0.0059610368891634975,0.004086663807800625,0.011417068135411093,1548.800585973265,343.2030021304075,102.92713105335841
ST7111J0-PSG.edf,ST,Wake,0.563706049087033,0.0923032516339704,0.10246838133911573,0.07799098625537532,0.23305348062433448,673.8692547152535,144.83141307652136,44.88165559882578
ST7111J0-PSG.edf,ST,Wake,0.7904624031088369,0.10774342373980288,0.043197668264317576,0.023972508704224845,0.050264494529661675,616.3706280900933,99.56729508917913,29.131417275181185
ST7111J0-PSG.edf,ST,Wake,0.8122494307598067,0.08651341619317897,0.04405511147610488,0.03748266161440769,0.05231123316012479,345.7242263321736,74.98831517947598,21.89750638737312
ST7111J0-PSG.edf,ST,Wake,0.9397971482421754,0.028265830634443934,0.014085591332994207,0.015488067020089489,0.016924471541099457,591.4667643288775,119.1538428894154,103.03184356344097
ST7111J0-PSG.edf,ST,Wake,0.9219440216925567,0.03077206244020694,0.016850155356592435,0.026140728452653757,0.027813604107553715,123.78685222486725,23.07308592687741,37.265289082948094
ST7111J0-PSG.edf,ST,Wake,0.8594914772770632,0.03965120581522504,0.031045690793353085,0.022408387376559216,0.06869888933372109,1432.7046328511262,276.4203731087353,98.31015186039498
ST7111J0-PSG.edf,ST,Wake,0.7724029615804966,0.10756393670657648,0.03246577778862714,0.08642071587795697,0.08221398246139115,198.86467679912104,25.227696863522667,29.34484228635857
ST7111J0-PSG.edf,ST,Wake,0.898116173415235,0.03962973726322749,0.020805340681834532,0.016432036651792895,0.03931996070336287,1575.5356161875113,266.6123256844378,100.83037000570677
ST7111J0-PSG.edf,ST,Wake,0.9931564222316679,0.00447579378347822,0.0005568019466395876,0.000519821250688712,0.0013782942728754034,1878.7767808093754,390.0419420478297,1242.450277106161
ST7111J0-PSG.edf,ST,Wake,0.932275816300082,0.040567103233291234,0.009785434510402608,0.005659063374385241,0.015162304298839692,2767.9912104010255,475.6010302580884,273.7415739418018
ST7111J0-PSG.edf,ST,Wake,0.8886632141524415,0.06177576404294381,0.01591263709678761,0.010341237279130356,0.029933111329861366,1386.1930049441494,208.42846761597335,112.5356180358728
ST7111J0-PSG.edf,ST,Wake,0.8568898282553046,0.0725058701512447,0.026012344056658452,0.01359443073459929,0.039163607274546056,833.5469694195202,213.4423515273683,56.19715967669185
ST7111J0-PSG.edf,ST,Wake,0.7380166512243914,0.13376668786730436,0.057008758322349716,0.029445179184077973,0.06558243866941466,924.7390587804432,219.16668539790805,40.33246844802426
ST7111J0-PSG.edf,ST,Wake,0.8610380645598202,0.08318407872795118,0.023557652161104264,0.013449831034012613,0.02838739552713317,1373.0086064823292,214.83373312757652,41.08117698564359
ST7111J0-PSG.edf,ST,Wake,0.8813156684184222,0.06737031614093593,0.01226907162126153,0.007695070970012492,0.034535999198587825,1653.5433070866143,328.96575268586525,145.10011895355697
ST7111J0-PSG.edf,ST,Wake,0.7789777456035074,0.1188242205634733,0.04121114035798088,0.01929113445109464,0.05254083396567593,1238.2347555392785,245.58835784291682,33.94275255631303
ST7111J0-PSG.edf,ST,Wake,0.6184110553405401,0.1311431599312422,0.11729013763473463,0.04754938208509874,0.12425706288519262,1479.9487273393152,219.6581521235807,31.829889610219357
ST7111J0-PSG.edf,ST,Wake,0.7897315149307464,0.10381809683636059,0.04050336492324671,0.022376256974886516,0.05837908801789231,1486.540926570225,197.02789543685964,39.739348624233564
ST7111J0-PSG.edf,ST,Wake,0.8679608768029455,0.08673078485081237,0.017745786031669243,0.008936031081110074,0.020534900606004977,2343.893059879143,327.32293710503234,36.89657792653955
ST7111J0-PSG.edf,ST,Wake,0.762589973886132,0.15828338096818373,0.031853948751031626,0.01713403736344839,0.0397386513349901,1923.4572422633219,311.982344075647,37.235945625761374
ST7111J0-PSG.edf,ST,Wake,0.830477687800851,0.1293924429520011,0.019701315587240444,0.007579538771133507,0.014421423328738829,2031.8622962827321,463.1464504657167,61.332859773915565
ST7111J0-PSG.edf,ST,N1,0.8396493838763395,0.060429728835670576,0.0444096036483086,0.016578521388685243,0.04994011383926018,650.4303241164622,109.4331415673573,43.647381380051776
ST7111J0-PSG.edf,ST,N1,0.3054130969625081,0.2609897563675886,0.20969099557638263,0.08695353933910492,0.2153119055411281,678.264054202527,170.47233586954587,19.360150241722085
ST7111J0-PSG.edf,ST,N1,0.501402392425292,0.25583265038881214,0.09488606553079011,0.05407503415943568,0.13287631329226093,564.7317341146311,141.02907119132675,13.743201658958462
ST7111J0-PSG.edf,ST,N1,0.46446635111086165,0.24835272588531487,0.1294283866719707,0.0672911773357281,0.14447449733937012,526.6434718915949,139.35191252503043,15.075858413873357
ST7111J0-PSG.edf,ST,N1,0.7365387783144748,0.15656708953373882,0.04541748890464986,0.023138869350979988,0.05682131559817235,501.0071415491668,131.03906218512287,19.65549352301499
ST7111J0-PSG.edf,ST,N1,0.7002514717156049,0.16955121536128925,0.04777581005166809,0.05124326059620177,0.07092301760614446,490.75260941219557,87.69315551975635,30.724978201448646
ST7111J0-PSG.edf,ST,N1,0.5620601579581906,0.17551630914712188,0.1119975974990172,0.046215227143795064,0.1409479720703154,625.5264603552463,119.71822313021566,39.683785222429314
ST7111J0-PSG.edf,ST,N1,0.7543403242140462,0.08090818345900658,0.06326478980489925,0.03554637113511284,0.09837597751834125,681.1939205273759,118.80959326820941,45.490475243719104
ST7111J0-PSG.edf,ST,N1,0.9272062333020548,0.03343947618764675,0.013301702884838642,0.009205598316892036,0.02366957300200283,1877.3118476469513,299.422825660026,102.18747968370306
ST7111J0-PSG.edf,ST,N1,0.8507168330247467,0.04673744073808369,0.05643232727633246,0.04291872888594828,0.044036158830351224,1000.9155832265153,223.12624858131852,145.80127293953754
ST7111J0-PSG.edf,ST,N1,0.9343647146116563,0.01666670072396519,0.014274608161791876,0.009304927108732092,0.03373762925804496,962.094854422267,205.10555440564997,75.57247195795577
ST7111J0-PSG.edf,ST,N1,0.9026524164701423,0.044390859319078796,0.0183870279615548,0.030812417394780474,0.02958446725526175,422.2669840688518,90.51349434254416,173.99299247059426
ST7111J0-PSG.edf,ST,N1,0.8159822493869456,0.036072547690810565,0.040165395386609425,0.04052093352121096,0.10429349817889333,679.3627540743454,107.56745026312966,121.64340589703524
ST7111J0-PSG.edf,ST,N1,0.8583400154606213,0.03618514011759354,0.05508669099383428,0.04087586153215396,0.04650933848886643,922.5416590368064,149.52982418074512,91.16008112929913
ST7111J0-PSG.edf,ST,N1,0.8965601253474733,0.029525976699408138,0.026832517954016106,0.01621334650718305,0.04514897998561379,1275.5905511811025,250.25892071509548,93.29342177735664
ST7111J0-PSG.edf,ST,N1,0.5450007205639174,0.12290240402228308,0.164683377433034,0.06262790958211521,0.15999380579068168,587.4381981322102,140.26454670887964,13.194246911192165
ST7111J0-PSG.edf,ST,N1,0.6855656180117924,0.16591474977131862,0.04869919643216776,0.03663077121538958,0.0949412293959251,231.09320637245926,46.43670847593245,16.64784302854534
ST7111J0-PSG.edf,ST,N1,0.542681358633796,0.11517220189810917,0.12473286799577604,0.061243696751170563,0.20949399997603668,583.7758652261491,108.77051782004934,30.738928835678745
ST7111J0-PSG.edf,ST,N1,0.8526368785710274,0.07497367628138255,0.021046082224063543,0.020792567652203713,0.04496421780245295,368.06445705914666,93.40905808828016,18.994891100429243
ST7111J0-PSG.edf,ST,N1,0.6401931141040286,0.08457133427547052,0.08747123670395884,0.05934583928580645,0.1819831998933344,549.7161691997803,116.56117279405134,27.43034588545457
ST7111J0-PSG.edf,ST,N1,0.6345961267524809,0.13367841650513032,0.08978053337589188,0.05625905610190526,0.1358292677090615,1588.3537813587254,436.4196782345673,70.4574055497731
ST7111J0-PSG.edf,ST,N1,0.6105714983828929,0.06730591586870345,0.13631916313165887,0.06111289585808657,0.17950825599944778,821.0950375389123,155.87265358147465,48.404886730775054
ST7111J0-PSG.edf,ST,N1,0.8851158764509387,0.042048954301884794,0.021582107259158174,0.02500997367276873,0.04776768652631357,415.67478483794173,54.22615581072787,144.0211054089882
ST7111J0-PSG.edf,ST,N1,0.8470169933133409,0.05300116427481198,0.033494630174800255,0.02162225882645175,0.0635320740667813,1186.9620948544223,205.60874880553234,155.84562060212576
ST7111J0-PSG.edf,ST,N1,0.7401985647803959,0.0876188146351642,0.04517485460931669,0.04169714039788672,0.12037133977835321,479.03314411279985,102.54989378625105,26.157504390765897
ST7111J0-PSG.edf,ST,N2,0.633776862731918,0.2777251494380444,0.03091258843472654,0.025711717935034996,0.04400678722132091,673.8692547152536,156.57557761677958,25.172303808645033
ST7111J0-PSG.edf,ST,N2,0.7925561436360953,0.13245267101175615,0.03225356659078227,0.02674156559127364,0.03365974104027893,427.3942501373375,77.7162352837869,28.689178039044567
ST7111J0-PSG.edf,ST,N2,0.6172903215349062,0.17747573371910821,0.07261112073165256,0.043200275376565615,0.12483690579327074,885.5520966855887,192.84581881955592,21.997681247396013
ST7111J0-PSG.edf,ST,N2,0.6396330005302489,0.24634832253735003,0.03900816401157018,0.05560352164800279,0.06208732782943659,311.6645303058048,72.10533505602945,22.106658760255222
ST7111J0-PSG.edf,ST,N2,0.7287071912152878,0.15005791021131712,0.05352053783485264,0.06825364666569798,0.05693319932127341,267.7165354330709,69.80159408935046,27.84034286310017
ST7111J0-PSG.edf,ST,N2,0.6471760547719154,0.2324722775895206,0.04587426645897607,0.054725007260190354,0.05156770751214139,433.62021607764143,97.92287711137958,28.051482700040086
ST7111J0-PSG.edf,ST,N2,0.8475019497317481,0.0815655171677717,0.02778368076377409,0.03900001090055185,0.038505697542759114,481.9630104376488,126.51474097038711,29.74898354069904
ST7111J0-PSG.edf,ST,N2,0.6694724958881797,0.16893810820840152,0.05115910832980666,0.08330391197321986,0.09440057903830151,403.5890862479399,72.46767467193548,24.56729437896702
ST7111J0-PSG.edf,ST,N2,0.7598373047499342,0.13494752910523589,0.04148176580214134,0.053625594351358497,0.0545863434412542,351.9501922724776,72.23823224057405,33.82745125906085
ST7111J0-PSG.edf,ST,N2,0.6544736594509756,0.13227968207240848,0.10506813576098385,0.12248758137437268,0.0942523829465227,314.96062992125985,70.32856177817051,28.083008800162844
ST7111J0-PSG.edf,ST,N2,0.7929305376578708,0.11191021275913628,0.04120873411145612,0.05689302404449833,0.051161290476780225,229.26203991942867,47.14526158006311,32.75836402507717
ST7111J0-PSG.edf,ST,N2,0.7913025455236428,0.10040700538355474,0.0533738239157866,0.05456042918379071,0.048622071508088976,204.35817615821276,40.507201237349705,30.746927814402962
ST7111J0-PSG.edf,ST,N2,0.8970605774703455,0.05075361481424916,0.016024836549123726,0.014182836416456134,0.03345904998938732,966.4896539095404,248.1676958237134,56.29523243424001
ST7111J0-PSG.edf,ST,N2,0.9090642620873252,0.05523595983933146,0.02000091999744075,0.013542457930389823,0.013284436236380037,373.92418970884455,59.719896376020955,41.641915229387955
ST7111J0-PSG.edf,ST,N2,0.806193101992509,0.04970839629720038,0.04742106410015293,0.05399296874805047,0.09149919618804474,676.4328877494963,107.63904396195254,52.69978947261309
ST7111J0-PSG.edf,ST,N2,0.5561564881458438,0.08218960690413528,0.11354428737456468,0.2466036935416451,0.23734777332923124,144.29591649880973,31.049048963166094,17.82155057693989
ST7111J0-PSG.edf,ST,N2,0.5709545368076884,0.10080402020417481,0.11487418232174598,0.2465723324269656,0.19882244246156938,130.0128181651712,21.901779330701125,19.840467311168748
ST7111J0-PSG.edf,ST,N2,0.5808567454140546,0.11763598535627805,0.13146217939600613,0.21023724503761837,0.15307209653322493,105.10895440395532,15.994409689948599,21.505490129352037
ST7111J0-PSG.edf,ST,N2,0.6144308012061074,0.09992756984393208,0.1401084981247839,0.14834385885342527,0.13745840057360356,87.52975645486174,13.167509306148464,19.921852957988378
ST7111J0-PSG.edf,ST,N2,0.781973530127599,0.04610774819440002,0.05745436712860492,0.1294968855055768,0.10955878056584217,106.20765427577368,16.086563279620396,21.518706548996594
ST7111J0-PSG.edf,ST,N2,0.6422837529502218,0.0824152486673987,0.09477482238607474,0.20696128586722579,0.1617569412867961,91.1920893609229,11.713862726599821,21.92850295446011
ST7111J0-PSG.edf,ST,N2,0.7405562041944911,0.07444741729600811,0.07758755875114094,0.12532915588899268,0.09975731940494043,179.820545687603,19.65223607640703,25.018036877405198
ST7111J0-PSG.edf,ST,N2,0.8669536662252479,0.02391537675458267,0.0389286632294835,0.0843241484631246,0.06400485127286575,158.57901483244825,22.160565231749054,37.39156131912516
ST7111J0-PSG.edf,ST,N2,0.8753669527900955,0.02894367897935324,0.04451054569103751,0.06508655449832135,0.04223690432173,125.2517853872917,19.231328114535877,33.32730054173926
ST7111J0-PSG.edf,ST,N2,0.9196238642693642,0.042132271665932974,0.017250480239320375,0.017613913999579574,0.018114929148205453,423.73191723127627,83.17763558259632,36.03521136396586
ST7111J0-PSG.edf,ST,N2,0.9063278993407599,0.047799706298887336,0.018450047733320547,0.03149515823214993,0.024392739721210865,151.25434902032595,24.12979508370563,44.776865007370574
ST7111J0-PSG.edf,ST,N2,0.8104409571983346,0.058258430928548245,0.056670960916698196,0.05499848405905029,0.0699385300033973,599.8901300128182,97.59811151025096,159.6378223931043
ST7111J0-PSG.edf,ST,N2,0.7281960850525558,0.08841159006305625,0.06812231209194505,0.12944780978951687,0.10979747953508982,110.23622047244095,19.254262416607503,20.411725916715806
ST7111J0-PSG.edf,ST,N2,0.45433548841352384,0.13565181016982022,0.12301119515572588,0.307452496060054,0.2563634351354382,98.15052188243911,19.964496900256282,17.365500435155436
ST7111J0-PSG.edf,ST,N2,0.5248855574032958,0.08540644598594263,0.09907233867727487,0.30595395891380917,0.2745482627790422,93.3894891045596,16.795023725217916,14.399342350219081
ST7111J0-PSG.edf,ST,N2,0.6241237558118857,0.08439570934591457,0.11797568425443569,0.1845494160221056,0.15845903180854387,75.0778245742538,14.357065800816008,22.174747093330453
ST7111J0-PSG.edf,ST,N2,0.6601386282188247,0.09174755456973414,0.09999072622189877,0.16520617649531308,0.14257050597637658,72.8804248306171,10.832442597925642,19.23206628862861
ST7111J0-PSG.edf,ST,N2,0.6367998038565168,0.08563392848591923,0.09336554327489989,0.2009946451184056,0.16766341699904816,85.69859000183116,14.423384914308945,14.914707060699518
ST7111J0-PSG.edf,ST,N2,0.6615325475799553,0.09733078881740373,0.08035805331352903,0.1552469621615375,0.14080114188597617,90.45962277971067,15.758140820682286,20.04018392094316
ST7111J0-PSG.edf,ST,N2,0.6674658190154417,0.09162070159858239,0.07196222234502518,0.1689333675582386,0.15451533395566433,91.1920893609229,9.902959840983835,18.524909233059603
ST7111J0-PSG.edf,ST,N2,0.6683702168805026,0.10916440862877795,0.08040744824729404,0.1450984968702791,0.13058405427086262,77.64145760849661,14.38928993458105,16.207395252578166
ST7111J0-PSG.edf,ST,N2,0.6545561063209739,0.09227482767829905,0.09684390132863828,0.1815173224466976,0.1425372240252147,104.37648782274309,14.183656927965883,19.89471236498354
ST7111J0-PSG.edf,ST,N2,0.7929104101591232,0.07718830659719596,0.05831248500841584,0.07682897498382177,0.06487502101699857,78.74015748031496,12.641247562470774,21.474713367170157
ST7111J0-PSG.edf,ST,N2,0.7976280474966088,0.062279252204474694,0.05161245408229215,0.096490639322039,0.08336232785781411,69.21809192455595,11.126137565740462,29.750808441318526
ST7111J0-PSG.edf,ST,N2,0.6895927860247145,0.07336724550843111,0.07109998174827388,0.17178215499693913,0.15942903971789202,99.24922175425746,14.147069343719101,17.076651671424717
ST7111J0-PSG.edf,ST,N2,0.6952387028612136,0.06435910839240767,0.061909991052500404,0.1901779556952672,0.1703218412266204,107.30635414759202,21.889745210505342,26.98631429312291
ST7111J0-PSG.edf,ST,N2,0.763549626077597,0.08266575887036307,0.07538828612430393,0.08400409557258183,0.07172267274345223,106.20765427577366,12.39738709454299,24.23666264373201
ST7111J0-PSG.edf,ST,N2,0.7453865594294188,0.0910855994349981,0.06608949381027523,0.10232798259769091,0.08252468102893198,101.44662149789416,13.238061070437636,20.073655784476195
ST7111J0-PSG.edf,ST,N2,0.6279190215969546,0.10005258326780674,0.09476757446945583,0.18286281194673298,0.16930755373676912,104.7427211133492,14.180990744571192,20.35313931971301
ST7111J0-PSG.edf,ST,N2,0.8463748838815865,0.038390155368849994,0.04979545806647097,0.0772017060011245,0.05861338051319015,152.71928218275042,19.855029567031618,38.342877975906184
ST7111J0-PSG.edf,ST,N2,0.6308348724577318,0.09551811158592846,0.10543526887285831,0.18691913746259653,0.16019960937543223,59.69602636879692,10.709566455155862,18.03982099229566
ST7111J0-PSG.edf,ST,N2,0.5847666987859333,0.11006567341899877,0.09081497509544928,0.2186931414315449,0.2019585960843976,68.48562534334371,11.883699225921186,21.86272978656924
ST7111J0-PSG.edf,ST,N2,0.6538460411121935,0.07954991976087203,0.092590061979335,0.17404981805263758,0.16204103347221754,89.72715619849845,17.420316669385578,16.496551848720642
ST7111J0-PSG.edf,ST,N2,0.7894643457116357,0.07078874054979101,0.05535008532412683,0.09998031761329405,0.0781966738796035,129.28035158395897,15.692795744804291,29.292435582000383
ST7111J0-PSG.edf,ST,N2,0.6223759509208573,0.07201136707812562,0.07324696650203681,0.2479304951486556,0.22747845407954476,88.26222303607398,13.227796459360825,28.566436100417107
ST7111J0-PSG.edf,ST,N3,0.7005259137522843,0.1775705902060968,0.051123534528574426,0.06112368755320805,0.054104009395331366,210.95037538912288,32.57186416899839,31.749210815419897
ST7111J0-PSG.edf,ST,N3,0.8426906209042415,0.08735754146671754,0.031203362444455814,0.04114256046288786,0.03431593466836739,325.5813953488372,63.16274102580464,38.78880570282652
ST7111J0-PSG.edf,ST,N3,0.8580534583460538,0.06434758617469448,0.029493341274387557,0.046608841350950635,0.042862265549893204,268.4490020142831,47.08830845382621,33.472395100434944
ST7111J0-PSG.edf,ST,N3,0.8830708906892442,0.06004474805652064,0.025792523753328384,0.025642696094419746,0.023271130736194107,233.29060611609594,45.25061610890901,39.384968244159346
ST7111J0-PSG.edf,ST,N3,0.8739483938775927,0.06395972759493797,0.02967241916678056,0.03462706739153787,0.0277192632167765,208.75297564548617,34.343155027325274,40.27406788192115
ST7111J0-PSG.edf,ST,N3,0.9095582808964947,0.048945358896710534,0.018528756602376382,0.025727050406140223,0.020329131599976732,240.9815052188244,47.84720492206184,42.4369145294179
ST7111J0-PSG.edf,ST,N3,0.9000222620022831,0.050577698742370836,0.02271580326282601,0.029457293681537364,0.023321039080358756,182.3841787218458,30.719578548709347,44.95183593114173
ST7111J0-PSG.edf,ST,N3,0.9359737553735591,0.03555577325499825,0.01482347858318157,0.013759051689193787,0.00957460088895561,273.94250137337485,55.3017522983532,51.16333325355719
ST7111J0-PSG.edf,ST,N3,0.9382468970514997,0.03778691816438752,0.012025998547998197,0.01140009473499954,0.008596875064283289,448.26954770188615,91.7182782104138,61.143314979701145
ST7111J0-PSG.edf,ST,N3,0.9296545247017334,0.03998070908451967,0.017059423403951546,0.014150616008435027,0.009393078887321217,224.86724043215526,32.74453777166647,45.165250119762774
ST7111J0-PSG.edf,ST,N3,0.9526432748659762,0.022653233847352724,0.01127294607153124,0.01142043974351166,0.009086227692995214,285.6619666727705,42.73906035568168,46.89587136990369
ST7111J0-PSG.edf,ST,N3,0.9509827781875475,0.029806024341619403,0.009831562471811748,0.010011790372276164,0.0075365520509130465,276.1399011170115,57.10787502440204,57.698281826059564
ST7111J0-PSG.edf,ST,N3,0.9236552290404313,0.047819275001910945,0.014143151431566216,0.014590288774252584,0.01275965974933673,343.16059329793075,50.27027798624672,46.86561575486594
ST7111J0-PSG.edf,ST,N3,0.9402552588236359,0.036115952891830845,0.013890133616331395,0.01088891551165759,0.007803194455654126,354.14759201611423,63.82868420033372,48.314902879749795
ST7111J0-PSG.edf,ST,N3,0.9501666347968244,0.030606208131394832,0.011107788137525705,0.008255454211377862,0.005909690855729466,249.77110419337117,41.858823122134865,57.01103587219607
ST7111J0-PSG.edf,ST,N3,0.9706371040195046,0.015015198720779815,0.008362680518793207,0.006417019919990293,0.004283626389108762,242.81267167185496,45.82642636703304,65.29792463052483
ST7111J0-PSG.edf,ST,N3,0.9631679679857958,0.0229964172798347,0.007945954617498039,0.005633915517586424,0.004142127244519023,363.66965757187324,65.09690343703735,58.28865599198328
ST7111J0-PSG.edf,ST,N3,0.9630355696541444,0.01943772258864916,0.009935089709698006,0.0076665624842552835,0.006103264821040813,298.4801318439846,68.90921173170952,70.03226963413329
ST7111J0-PSG.edf,ST,N3,0.9388504194473797,0.036680610952181086,0.012082218971660794,0.013455061998888065,0.008910419597600685,275.0412012451932,61.135953652525785,55.064724830837854
ST7111J0-PSG.edf,ST,N3,0.953690306304653,0.026326386480474046,0.009853848467326563,0.010031375474491185,0.007393050394349399,272.4775682109504,57.804250249055826,57.385979539146305
ST7111J0-PSG.edf,ST,N3,0.9545987831228874,0.027082657520691108,0.010583489693083696,0.008543474854224615,0.005586977009155166,208.38674235488006,32.76989467799532,55.715600864667806
ST7111J0-PSG.edf,ST,N3,0.9593718670616698,0.022392326872971376,0.010091190722451527,0.0085020931215709,0.006457168662978778,275.40743453579927,50.92981402921088,60.923077714723206
ST7111J0-PSG.edf,ST,N3,0.965484599414534,0.01901833745786156,0.010402695015216007,0.006451725997410024,0.004070447567710158,299.57883171580295,50.9475971345805,62.22256807344862
ST7111J0-PSG.edf,ST,N3,0.9569614006250343,0.02555706626945883,0.010205377585686896,0.00934323571223809,0.005919409093469507,234.75553927852042,32.318118550825616,62.76183809873268
ST7111J0-PSG.edf,ST,N3,0.9661029055125661,0.022845537730121178,0.0073754274343556326,0.0037422089500680584,0.0027302856535491703,240.9815052188244,30.389821672763087,71.49414027338885
ST7111J0-PSG.edf,ST,N3,0.9664751304442687,0.019225829955320135,0.00735288834088707,0.007441751654376096,0.005086907434483066,243.5451382530672,46.315175611894084,61.02825302552967
ST7111J0-PSG.edf,ST,N3,0.9668579902277266,0.019684552984446067,0.006523288085421964,0.0069223343498662675,0.005158408753645299,244.27760483427943,36.43225412014293,64.04835692835704
ST7111J0-PSG.edf,ST,N3,0.9663795285433904,0.022683054015945076,0.005336553141293361,0.00467444688070941,0.003359991033977784,273.5762680827687,44.815971220547034,64.3744427637474
ST7111J0-PSG.edf,ST,N3,0.9503998478106989,0.031128257875827375,0.010788369520609555,0.008509626144346477,0.005701467620571156,239.1503387657938,43.845564366037095,56.16939634923322
ST7111J0-PSG.edf,ST,N3,0.9629796935507604,0.025065421992196163,0.006780116619391995,0.005109971971330164,0.0039034893205640614,285.2957333821644,44.67106506086608,71.85079993686767
ST7111J0-PSG.edf,ST,N3,0.9522347759481066,0.028114853241701415,0.011602161094277445,0.00734002732112042,0.004545172525752761,196.66727705548433,32.998071623489636,60.850548350523674
ST7111J0-PSG.edf,ST,N3,0.9481476671011627,0.028557602544208322,0.013611560983348994,0.008773775741503995,0.0054901412876961955,266.2516022706464,35.56625142881668,63.14586687219057
ST7111J0-PSG.edf,ST,N3,0.9448671981762561,0.032301302702929996,0.013769097912424538,0.009862590223541075,0.006002890598279154,247.57370444973446,34.405443656215546,52.39596452520566
ST7111J0-PSG.edf,ST,N3,0.9674817949561141,0.0211257244493794,0.005868357867794652,0.00501970901542749,0.004178773590419397,299.21259842519686,51.34482217324348,74.73889023268084
ST7111J0-PSG.edf,ST,N3,0.9583786088401012,0.025610192066398224,0.009773278456147932,0.007727092737573018,0.005239824501933644,261.4905694927669,43.686593466707585,58.177378953401124
ST7111J0-PSG.edf,ST,N3,0.9689727605339252,0.021015253397462037,0.00539424680969706,0.005005822013683145,0.003383165206984677,283.46456692913387,42.22232161264999,74.41623400171466
ST7111J0-PSG.edf,ST,N3,0.9735226044812266,0.018051825729978127,0.0052140525047431755,0.003520012747492842,0.0021455323787404226,169.56601355063174,31.711963627146684,74.87847429428828
ST7111J0-PSG.edf,ST,N3,0.9439495772563379,0.03478897113332463,0.013979445834519306,0.007744849371949274,0.004352934996817995,276.8723676982238,47.07534007767694,62.38124058570252
ST7111J0-PSG.edf,ST,N3,0.9682819544914646,0.019062694892407955,0.005408842850959519,0.006101394572642376,0.0053783724758381295,237.31917231276321,40.9615554993561,70.81645246518264
ST7111J0-PSG.edf,ST,N3,0.9707103296161573,0.01752223862981694,0.0073809124088379564,0.004403936076690863,0.002756182645191417,247.20747115912837,38.73018924205496,67.87353176283264
ST7111J0-PSG.edf,ST,N3,0.9704863276527259,0.020857327669487242,0.005049941399824016,0.002728994779012644,0.0018559073269472832,339.4982603918696,46.86593954850125,69.25932963117509
ST7111J0-PSG.edf,ST,N3,0.9638240668888934,0.02151978123777843,0.007853243134048053,0.007482666758644279,0.005308959253644438,246.47500457791614,37.69218783747118,68.81197251966759
ST7111J0-PSG.edf,ST,N3,0.9634243630156609,0.02150113177966939,0.007178955500305109,0.005378260265469867,0.0038060724569891576,271.74510162973814,38.71079922008857,66.75414798588132
ST7111J0-PSG.edf,ST,N3,0.9695278096862305,0.020283892670122552,0.0057594182397991845,0.0045751740368474994,0.003196722447747783,280.1684673136788,38.3717712776255,70.76188757790169
ST7111J0-PSG.edf,ST,N3,0.9648392783725024,0.0242284873563592,0.005343912392205071,0.004369830926353362,0.003772135491628956,214.24647500457792,33.37450822270227,63.6808405443701
ST7111J0-PSG.edf,ST,N3,0.9680602789972919,0.01736112222646085,0.006747175874379929,0.007042565237521492,0.005890654029883578,244.64383812488555,39.024935701356675,67.17140270274959
ST7111J0-PSG.edf,ST,N3,0.9690220303359455,0.018795444229141745,0.004951556538461175,0.004818102458989009,0.004051501267618675,247.9399377403406,40.778244187671426,71.1193988301466
ST7111J0-PSG.edf,ST,N3,0.9682718509489975,0.019398652160672755,0.006155691324244295,0.005345716129111917,0.004333669641949901,241.3477385094305,35.31778230667129,63.885953945063775
ST7111J0-PSG.edf,ST,N3,0.9690653566427092,0.020891364363730184,0.005518820722079543,0.0038083949698481,0.0027093231326698396,248.30617103094673,39.86823572414205,69.35089037748962
ST7111J0-PSG.edf,ST,N3,0.9750029979561574,0.015345883679683751,0.004337500965307046,0.0042102695067998235,0.0034131470007904004,296.2827321003479,44.72787911375148,74.71441253965165
ST7111J0-PSG.edf,ST,REM,0.8695095259537229,0.07124488804186768,0.03298005501461852,0.029522323794605898,0.021331288360148075,303.97363120307637,37.31184529758117,40.959700173142274
ST7111J0-PSG.edf,ST,REM,0.9099583106297443,0.053012198503316066,0.013049070496770135,0.020471075641580475,0.018207010873237707,217.90880791063907,32.021056869915085,51.27317251933934
ST7111J0-PSG.edf,ST,REM,0.8914078588966541,0.056227980908043956,0.018035810291871488,0.0330222970941982,0.031770192493654315,340.59696026368795,60.4563071975629,36.228804942664304
ST7111J0-PSG.edf,ST,REM,0.8969975319761786,0.05808241319357356,0.016624042725756325,0.02451296494906156,0.020884625946235996,290.78923274125617,74.01374819392824,45.91504777351911
ST7111J0-PSG.edf,ST,REM,0.8872388835435201,0.0828546079229185,0.015649955300453062,0.01145739168789156,0.010455863465292085,381.61508881157295,77.55053531751308,34.861730819912744
ST7111J0-PSG.edf,ST,REM,0.904569785190622,0.061355331694791404,0.01608624691136939,0.016329952176157042,0.014977273508017893,347.1891594945981,76.94618245879896,40.40923668123977
ST7111J0-PSG.edf,ST,REM,0.900286889918071,0.07572891058397767,0.010340081026238216,0.01110396158190971,0.011623432290077776,551.5473356528108,109.8738842955034,42.37710488477562
ST7111J0-PSG.edf,ST,REM,0.8611757292835369,0.10014639543974943,0.01805413692581138,0.013326969467639253,0.015217642626787356,390.4046877861198,92.71437403997109,42.506827387662575
ST7111J0-PSG.edf,ST,REM,0.8575751908522837,0.08204046727241242,0.022207580638516647,0.03234674199909316,0.03277660896537948,392.9683208203626,72.64430018125393,35.83716777192755
ST7111J0-PSG.edf,ST,REM,0.715834841166285,0.17673112040342365,0.03869350762730968,0.05667881135206767,0.05652538437155301,353.41512543490205,72.45366792032252,32.556412273179646
ST7111J0-PSG.edf,ST,REM,0.891817647864346,0.0659020209832491,0.014140252635205535,0.016728575346475736,0.020082370813493924,425.5630836843069,91.33872221445519,36.22765981446911
ST7111J0-PSG.edf,ST,REM,0.8675250153655373,0.06724414888765916,0.026201258826427744,0.029175606336904008,0.03643003234655607,353.0488921442959,89.338347887803,38.12322731751088
ST7111J0-PSG.edf,ST,REM,0.690830632592759,0.1861169974150051,0.05008897135712348,0.07055999445590705,0.06174740916193299,393.33455411096867,74.90346297968661,31.089186650975467
ST7111J0-PSG.edf,ST,REM,0.898504045890455,0.05381522368274181,0.024151706952482803,0.015737790141041135,0.016843812829122992,369.16315693096504,73.35803630597246,38.712844348073226
ST7111J0-PSG.edf,ST,REM,0.8188470596632793,0.1271333304232525,0.032542051920663236,0.016969471624685713,0.015931453168588423,442.40981505218826,88.6990938892435,41.219178557005065
ST7111J0-PSG.edf,ST,REM,0.8098793693535689,0.11205564315839876,0.03825131582832916,0.028126275003549257,0.03290838192685656,271.0126350485259,52.82735385135418,38.0366351394654
ST7111J0-PSG.edf,ST,REM,0.693419991844413,0.1792163575879959,0.052824916686999734,0.054501624013024365,0.058831208924873174,223.76854056033693,60.898056308027975,24.919260569002432
ST7111J0-PSG.edf,ST,REM,0.867415239075321,0.08389723732386538,0.021002468172097836,0.02292358627225817,0.021830514840050524,308.7346639809559,70.46259306408201,39.96554364892917
ST7111J0-PSG.edf,ST,REM,0.8618869922938723,0.07379672006956697,0.026336729969588243,0.038404597385365453,0.03358825709879769,229.6282732100348,56.679817416451066,33.60490844826761
ST7111J0-PSG.edf,ST,REM,0.8467848844902703,0.1025637759503051,0.019365635940394223,0.01807420782781991,0.02229134195887344,169.56601355063174,25.87976723581016,30.313161884534033
ST7111J0-PSG.edf,ST,REM,0.8058316599371825,0.09349491535875178,0.04141923875226799,0.057267311744982737,0.04972486776443716,158.21278154184216,33.92841727044084,29.463470514521266
ST7111J0-PSG.edf,ST,REM,0.7347247782631696,0.16248864444258973,0.049464247611454466,0.047038477719234376,0.047035081533420876,181.65171214063358,36.081556072938206,29.922627763317646
ST7111J0-PSG.edf,ST,REM,0.7633240675172256,0.12975620393198445,0.05375693268310635,0.06623379085189006,0.047224331768079886,229.26203991942867,43.82750709459954,28.82617142205937
ST7111J0-PSG.edf,ST,REM,0.8547542791763255,0.07131625509674157,0.031308980554834935,0.03810750381820948,0.038987056941855835,144.29591649880973,30.067651184004927,27.863632083137695
ST7111J0-PSG.edf,ST,REM,0.7851675168290602,0.07820548734401916,0.053013923821347946,0.08669910156299403,0.07799009062972521,114.63101995971434,20.249493752118827,20.499417825684745
ST7111J0-PSG.edf,ST,REM,0.6736170514094513,0.17139950211348912,0.07645817997692445,0.0727232058098546,0.058016426103615605,142.46475004577917,29.733759644725858,21.03859587398676
ST7111J0-PSG.edf,ST,REM,0.8295999714368213,0.05667195888205844,0.04106475011420084,0.07984928128160784,0.067622423934762,142.83098333638526,17.546891135459457,24.189185576861014
ST7111J0-PSG.edf,ST,REM,0.6636279372922755,0.17854947133749416,0.068636172317063,0.08284240581247078,0.07108077041245028,242.44643838124884,49.207018061048,20.64951894332201
ST7111J0-PSG.edf,ST,REM,0.8220384740295569,0.07842695910995295,0.0400938726090477,0.05545576124831037,0.04770202534804204,90.09338948910455,13.67810088070237,24.601206327967102
ST7111J0-PSG.edf,ST,REM,0.6398506368716018,0.19024687942083213,0.09160404935751,0.07721458009891909,0.055540554470073646,147.9582494048709,18.08580648276041,23.27423231207461
ST7111J0-PSG.edf,ST,REM,0.8730637510148853,0.07273856677708469,0.02728030929745376,0.02486627469674255,0.017953393616591658,154.55044863578098,23.941018755976973,37.990324900027524
ST7111J0-PSG.edf,ST,REM,0.6446618795726844,0.11260995728068052,0.07856907387980466,0.16929605261043876,0.14786623236714813,180.18677897820913,21.906859508715208,21.48839098877631
ST7111J0-PSG.edf,ST,REM,0.8652389181546752,0.06458691981626798,0.02792963122387739,0.03916655801399809,0.036321028056734525,142.8309833363853,15.485802223870802,32.84770743012475
ST7111J0-PSG.edf,ST,REM,0.8256044676956674,0.07224329992655963,0.027261460927602576,0.06639954330492204,0.06615364890672895,207.2880424830617,19.563591438056815,27.619377893494963
ST7111J0-PSG.edf,ST,REM,0.8292560507349233,0.07794207616688276,0.030719380487760718,0.05395102722097435,0.05148858879450066,145.39461637062809,22.622124915175245,32.25610975132793
ST7111J0-PSG.edf,ST,REM,0.8095242933857955,0.055813450256129195,0.05246314263165533,0.08664311055162723,0.07483089734215224,204.35817615821279,35.06543561348646,39.204318274945294
ST7111J0-PSG.edf,ST,REM,0.8394367435480813,0.06791992388838525,0.03683546939433936,0.06052357571143671,0.05190474013610481,189.70884453396815,31.512181808131693,27.02923137629583
ST7111J0-PSG.edf,ST,REM,0.9395364886477017,0.03292790321032545,0.015227307867439614,0.009696899758790428,0.009475227022954955,159.6777147042666,30.032835868605343,42.24813769624175
ST7111J0-PSG.edf,ST,REM,0.6631445223160114,0.14568761594002472,0.07885047745236327,0.11330218438380261,0.10252457180446403,138.4361838491119,22.621098563322843,18.073627534140954
ST7111J0-PSG.edf,ST,REM,0.8715795184387896,0.056485023586171024,0.02566082636630253,0.044364008851036606,0.04161251271348851,199.23091008972716,19.84833115919154,34.561531187997275
ST7111J0-PSG.edf,ST,REM,0.7927848726181556,0.09686191318505741,0.05248739146732777,0.07053389936066898,0.05504349457115895,190.07507782457424,22.905568600986452,24.03410693534634
ST7111J0-PSG.edf,ST,REM,0.78070723585084,0.08634435467145814,0.049419751927605074,0.07705079303457549,0.07635924316697763,114.99725325032045,16.21892162502421,26.723997650052038
ST7111J0-PSG.edf,ST,REM,0.584721221766391,0.12049409280320439,0.13609527400531043,0.1912065964480021,0.13455226048362184,93.3894891045596,11.558527915188005,16.281800482064604
ST7111J0-PSG.edf,ST,REM,0.7557853177675082,0.10459712005125049,0.05205664820032155,0.08600601728529743,0.08229108933381392,101.81285478850026,14.151419620095082,26.400323682744204
ST7111J0-PSG.edf,ST,REM,0.7539107327280641,0.11386355746116099,0.04105634107116796,0.09135522227434008,0.0762043972212638,80.20509064273942,13.914853813792266,26.592678048507363
ST7111J0-PSG.edf,ST,REM,0.8381489726959831,0.04641799355475156,0.049918939447139904,0.0763300978540804,0.057141759561640505,131.11151803698957,15.216333754933954,35.37962286388258
ST7111J0-PSG.edf,ST,REM,0.6652329562545191,0.09992097544311948,0.10701442495654742,0.1478110062961495,0.11937798085820321,133.30891778062625,17.96435920550785,19.56525689151022
ST7111J0-PSG.edf,ST,REM,0.8269629304484223,0.062475514701595875,0.05582432188294285,0.06733995402385816,0.045358315423704304,136.97125068668743,19.10110888823125,25.124293383618323
ST7111J0-PSG.edf,ST,REM,0.7941888025622604,0.06254059755736113,0.06114795866864828,0.09378557201374221,0.07649907083203976,141.73228346456693,15.086662317420112,26.18182917844423
ST7111J0-PSG.edf,ST,REM,0.7757423060379658,0.06625789621579782,0.08251833504444005,0.09772510530574093,0.06953192941640174,99.24922175425746,16.30775423062611,21.272027743692348
ST7112J0-PSG.edf,ST,Wake,0.1315478678758474,0.2906084064342475,0.14669457561190083,0.1061236822864094,0.41758941343463923,5906.61051089544,262.6551371942645,253.52304710522063
ST7112J0-PSG.edf,ST,Wake,0.8215516201963831,0.12927183914428864,0.022325903932063997,0.009966149513962153,0.017667287282985045,2425.1968503937005,466.3013205577291,65.56172034842096
ST7112J0-PSG.edf,ST,Wake,0.8525597926149411,0.10416317180976116,0.019881146229864245,0.008689289042130226,0.01286866053532001,1393.5176707562719,244.75561130436898,87.4076116200553
ST7112J0-PSG.edf,ST,Wake,0.7722087029689682,0.13018985337516015,0.03968374583203109,0.017234042473716862,0.051008846435337825,2112.7998535066836,299.52396132542617,46.92730479003861
ST7112J0-PSG.edf,ST,Wake,0.8225223602248607,0.14222593239709383,0.01854102708305296,0.005993744057361074,0.010361993358482587,1489.8370261856803,239.154552712199,65.62906361402484
ST7112J0-PSG.edf,ST,Wake,0.8440271273471479,0.11061388213620588,0.02040488809952832,0.009958153912257224,0.01747753928875275,2254.8983702618566,431.86990256507784,66.99126830208735
ST7112J0-PSG.edf,ST,Wake,0.9597314710720972,0.021419101241076707,0.009612806995349108,0.0032501640898670047,0.007682458256979546,2284.197033510346,461.8300464426707,171.32647803888503
ST7112J0-PSG.edf,ST,Wake,0.8660331095899093,0.05109131074157242,0.04444591089091839,0.01181238342296087,0.03174187383364536,1408.1670023805164,297.227347902345,114.542040795711
ST7112J0-PSG.edf,ST,Wake,0.7468799665212841,0.1386707122583416,0.052858277141265,0.019700943289038195,0.05329475978762157,1111.8842702801685,179.17112273123394,38.5088635227645
ST7112J0-PSG.edf,ST,Wake,0.9388255639483964,0.03338893482490391,0.01057067731657759,0.005637548490475277,0.014986776658037413,1461.2708295184032,271.84269860162175,96.50953485845777
ST7112J0-PSG.edf,ST,Wake,0.8991649876392948,0.05675066756356248,0.019350768025500415,0.009864477277374058,0.02098904860073188,1485.808459989013,323.99692605391397,113.42164002172426
ST7112J0-PSG.edf,ST,Wake,0.848831793575544,0.05483325367676545,0.04309566837284195,0.018884333962432352,0.048271419955086096,1201.977659769273,317.7206067965922,61.71575216913246
ST7112J0-PSG.edf,ST,Wake,0.9096291799806339,0.04093476307325402,0.02620303082700859,0.008192638426743027,0.01961186914861298,1349.5696758835377,246.7868384619967,60.39155261461622
ST7112J0-PSG.edf,ST,Wake,0.7818226474733413,0.09433690286731383,0.061442694419156445,0.018850258434281047,0.05147588890502527,746.3834462552645,141.25758791246287,28.72061347872956
ST7112J0-PSG.edf,ST,Wake,0.9292624839721804,0.027955403841920617,0.018910624216470617,0.007814823268240532,0.021452351045630678,1627.54074345358,279.080451322981,82.01225892792776
ST7112J0-PSG.edf,ST,Wake,0.872525183682917,0.05044231199734251,0.03417408163463558,0.014510075007932235,0.038252905852588254,1236.7698223768539,243.13573350652413,81.94458101195823
ST7112J0-PSG.edf,ST,Wake,0.8983114692259012,0.031189730960386006,0.03414963733404622,0.010113072210743644,0.034353703782910576,1233.4737227613991,248.11120988944924,61.79267261261359
ST7112J0-PSG.edf,ST,Wake,0.5997210603213099,0.10192802362659992,0.12621183467523545,0.03992190391834468,0.16174010992413557,1380.3332722944515,316.9592026856914,20.837696812363287
ST7112J0-PSG.edf,ST,Wake,0.31002534465544584,0.20101231130469996,0.2179465329455248,0.0811304071772205,0.2614405615274264,1030.9467130562168,166.767909585711,17.308340030860492
ST7112J0-PSG.edf,ST,Wake,0.50330306365567,0.16220567933457242,0.14277260961119692,0.073397510920102,0.18524123405267978,1007.1415491668192,207.5336720490467,29.94142243146385
ST7112J0-PSG.edf,ST,Wake,0.8570382746726662,0.056529035306813864,0.024744344325009295,0.01666999425449898,0.05505437874299791,961.3623878410548,224.07028931027753,58.31752275981673
ST7112J0-PSG.edf,ST,Wake,0.9336693468201869,0.029285402358245668,0.01218908661889227,0.006852413793567505,0.02230125136225451,1125.4349020325947,208.73323484852293,50.21101902317782
ST7112J0-PSG.edf,ST,Wake,0.8967995947538567,0.048448638288356695,0.017836061120430492,0.01293363925270543,0.03329014674994906,1031.3129463468229,239.99828642309072,45.73349646509084
ST7112J0-PSG.edf,ST,Wake,0.9369635104523847,0.01907936612887495,0.01982189323323882,0.007648730556903208,0.022262124721125154,1000.183116645303,167.8550689314921,86.4376087900191
ST7112J0-PSG.edf,ST,Wake,0.7614928334792702,0.0734489889165323,0.07603956114150373,0.02237588899460761,0.08495462185169024,351.9501922724776,70.30121430470234,20.037269737982076
ST7112J0-PSG.edf,ST,Wake,0.8864251973347296,0.04013266350258737,0.031485212658648024,0.012591014196951357,0.03936661723218961,1137.5206006225965,272.24886201745505,52.14606640999228
ST7112J0-PSG.edf,ST,Wake,0.9579009418617924,0.014225998149573277,0.007814831302078275,0.007070232892091531,0.01905744275699126,1350.30214246475,261.564270897398,74.66247992490757
ST7112J0-PSG.edf,ST,Wake,0.9039452078816819,0.03916447364434913,0.021610264604098345,0.013041601918344053,0.033378340467793206,1287.6762497711043,236.0981745246415,92.0178619588821
ST7112J0-PSG.edf,ST,Wake,0.8686519636639647,0.0335203634626254,0.0380042213748488,0.02626876236914414,0.057821854904414695,1235.3048892144297,151.88687063510747,77.94362333775923
ST7112J0-PSG.edf,ST,Wake,0.670704501061458,0.10583884442141979,0.0927253430886929,0.05915291043670364,0.12102870086336691,625.8926936458524,130.41154571829028,21.5727888211727
ST7112J0-PSG.edf,ST,Wake,0.7023150130132746,0.10337285199465554,0.08284866452136509,0.07439432315503589,0.1065438246507628,585.2407983885735,133.1156940883776,39.27715441737592
ST7112J0-PSG.edf,ST,Wake,0.9427113519074958,0.01523412524060339,0.011347786177785745,0.009978574300788174,0.02962195081211434,1379.6008057132394,241.65004185087696,94.78031065086336
ST7112J0-PSG.edf,ST,Wake,0.32503963018899396,0.18943660153338931,0.16210020035911285,0.09971315908921041,0.31093430345293266,972.3493865592382,207.6780047418718,35.934129778331716
ST7112J0-PSG.edf,ST,Wake,0.5093383709617295,0.08629094900128725,0.16135107793488354,0.08527560606121753,0.23498826487033053,1808.4599890130012,363.75203492194396,75.52380760517897
ST7112J0-PSG.edf,ST,Wake,0.4607472471118556,0.16458836207061578,0.14035729263020358,0.07446944208350464,0.21471599475624464,773.4847097601172,185.59373029992975,44.50330662275644
ST7112J0-PSG.edf,ST,Wake,0.6289484631483092,0.17075150435520856,0.06957578261439898,0.05679914502079183,0.11282795321411375,543.8564365500824,149.2029809842509,22.229590508943993
ST7112J0-PSG.edf,ST,Wake,0.9150372530741563,0.035509767862424935,0.011150441678119728,0.00963559724964555,0.03376275830987628,1623.5121772569128,320.8557995181994,99.10917076867645
ST7112J0-PSG.edf,ST,Wake,0.9416775462191277,0.0345953013915071,0.009056600627522074,0.004700438908446012,0.011557619848182758,1479.216260758103,284.62971284090264,72.13225014976062
ST7112J0-PSG.edf,ST,Wake,0.9036135945150938,0.06208112668717843,0.013263333969256177,0.0065612352420338135,0.01697308638872351,1436.0007324665812,266.4550137514672,67.44845324136759
ST7112J0-PSG.edf,ST,Wake,0.7560637998103223,0.13480560582785897,0.046921761388747985,0.02083661448366842,0.0557638222707279,1293.5359824208022,263.1105190961683,44.57008047995445
ST7112J0-PSG.edf,ST,Wake,0.6868423265130968,0.13068214046421545,0.07814202129344838,0.031971314111310704,0.09013658097933022,1008.9727156198499,179.6801964613822,22.489261232380624
ST7112J0-PSG.edf,ST,Wake,0.8739828575875714,0.07784066243499708,0.01740242937430017,0.0071511635752108125,0.023073147140577302,2105.108954403955,316.0687613660065,45.12793097558503
ST7112J0-PSG.edf,ST,Wake,0.8920932905267628,0.07483595351808597,0.01214757270299146,0.004510711387672366,0.013954413932037552,2388.939754623695,374.91641766537856,80.95822921746048
ST7112J0-PSG.edf,ST,Wake,0.8674996791388994,0.08761020853463057,0.019145818964208316,0.008729935266445948,0.018435424998223777,2291.5216993224685,431.3981310303272,57.62227011819586
ST7112J0-PSG.edf,ST,Wake,0.8192843208456712,0.09228066628680587,0.03151737969507365,0.01892391054475861,0.053338453405913644,1633.766709393884,317.7952954874975,31.016559855921535
ST7112J0-PSG.edf,ST,Wake,0.8765920596280742,0.09216953446769666,0.011407072584412712,0.004143862071334121,0.009127954316503973,2061.5271928218276,389.3773641207291,91.91453581607536
ST7112J0-PSG.edf,ST,Wake,0.8599349032204141,0.1044641926544332,0.019850470411904988,0.008333726343449107,0.01125295337507485,1941.7689067936276,241.71342462465435,83.11411492779773
ST7112J0-PSG.edf,ST,Wake,0.8933195760130741,0.07896269034404133,0.012835964953346409,0.004670431142131252,0.010511549192503515,2577.1836659952387,400.4302375630068,71.21649014750713
ST7112J0-PSG.edf,ST,Wake,0.82775205409538,0.13000992598276512,0.015128300634792815,0.005621378371918137,0.015062651325880794,2157.48031496063,379.49805868250814,61.99098095051102
ST7112J0-PSG.edf,ST,N1,0.4260056606075646,0.20002422501526385,0.14476787572065553,0.06638905404506684,0.2130529438218355,734.2977476652627,171.7418179367186,22.488861373168092
ST7112J0-PSG.edf,ST,N1,0.347529609705208,0.24682921410444253,0.15199158231448828,0.0655133696010577,0.24139365295907436,828.7859366416407,175.93240940393565,37.93687724636876
ST7112J0-PSG.edf,ST,N1,0.7305632452235205,0.08756170560208014,0.06565587375121412,0.031439134493338704,0.11099837357659155,961.7286211316608,235.0547658880313,32.30054285894356
ST7112J0-PSG.edf,ST,N1,0.3623985015433129,0.20348142662392732,0.18997071634522414,0.07865668573070693,0.22588889612390325,436.9163156930965,94.55197278685849,13.968231997855403
ST7112J0-PSG.edf,ST,N1,0.49632372947606684,0.2097543491098368,0.10389892851881263,0.060461150925716856,0.18104064671463768,446.0721479582494,104.62332725271054,16.8435860640171
ST7112J0-PSG.edf,ST,N1,0.4833863005327705,0.26971530158137175,0.0759988348837848,0.05311210014350428,0.16605694567986684,479.03314411279985,126.1017498640541,17.590531856962826
ST7112J0-PSG.edf,ST,N1,0.8019776216117528,0.05955974010439594,0.061838739142240494,0.028322035656023144,0.07325759417067627,941.5857901483245,189.5697501977309,30.118507785830236
ST7112J0-PSG.edf,ST,N1,0.4643581818848155,0.1949723772054261,0.09968254132906751,0.06080115024954997,0.2305403142183125,498.0772752243179,116.01990766644901,23.549441597522843
ST7112J0-PSG.edf,ST,N1,0.4754929297310836,0.21996061495516622,0.09392504636978456,0.07459361302007046,0.19184304706540614,750.0457791613258,186.7707706302766,23.701374606924123
ST7112J0-PSG.edf,ST,N1,0.5303314546418079,0.19924666953559664,0.0988426534156666,0.04196233945974114,0.16086157424959255,368.4306903497528,75.11938144119628,19.29932672627337
ST7112J0-PSG.edf,ST,N1,0.4767629961491814,0.2066482876971528,0.11144186091361011,0.08143222197086525,0.1895083280959095,425.5630836843069,90.18681118046548,19.51235915562915
ST7112J0-PSG.edf,ST,N1,0.7129034424012676,0.11534123263848779,0.05121806400575153,0.05978728170262116,0.1145042873980087,490.3863761215895,103.76669424419327,26.585111621489226
ST7112J0-PSG.edf,ST,N1,0.6187206318046949,0.16966234422207124,0.07107923281501842,0.07489828193249888,0.13209659380688785,324.1164621864127,67.4471058178938,29.613139427327656
ST7112J0-PSG.edf,ST,N1,0.5726819268473379,0.18569748118620927,0.08281843198354644,0.06930512034875652,0.14549789865327392,1086.6141732283463,210.51094879521725,34.36527507905454
ST7112J0-PSG.edf,ST,N1,0.8292748383662507,0.09210623085816376,0.03565937843851935,0.021673600764264247,0.038062192068416725,664.3471891594945,163.2687082238355,34.553869023988526
ST7112J0-PSG.edf,ST,N1,0.8625878477494072,0.07431060577796228,0.03283116005768735,0.01505000191438272,0.02651645219089444,927.3026918146859,202.1184058478019,34.79747281614642
ST7112J0-PSG.edf,ST,N1,0.6484058930576562,0.09644064595033114,0.08911411895024939,0.06263443244630797,0.15998850476995016,590.7342977476652,111.54110648544714,37.97122477937569
ST7112J0-PSG.edf,ST,N1,0.8634230636569591,0.069152487040751,0.031989768522308316,0.015917950775920054,0.03118682924434998,884.0871635231642,198.45292362212896,35.05317067786932
ST7112J0-PSG.edf,ST,N1,0.8756278827675289,0.04818411567779445,0.0421236475992149,0.026864716451160814,0.03024979096296601,611.97582860282,136.41175978921933,56.08336502234543
ST7112J0-PSG.edf,ST,N1,0.9048858511631022,0.04444704336908063,0.021510039948391655,0.01409680205637877,0.02520924073553466,1056.2168101080388,216.00021241980195,31.664048251696663
ST7112J0-PSG.edf,ST,N1,0.5913469683596769,0.09496067844149843,0.12284835165999815,0.07046703719349667,0.18090185893602292,993.9571507049991,198.74008967442109,30.350911543283807
ST7112J0-PSG.edf,ST,N1,0.8512635335995102,0.06358229896486206,0.037385597573264456,0.02872272439685097,0.04128531329892155,905.3286943783189,253.8469781850986,43.26046695215592
ST7112J0-PSG.edf,ST,N1,0.8566280985437262,0.0586594738250522,0.024714976348774072,0.02210480207274104,0.05554386158180859,570.2252334737227,98.23254163267106,78.30104981182916
ST7112J0-PSG.edf,ST,N1,0.7064174242554252,0.09802077576199716,0.1035923554028153,0.08132357579186686,0.08368451078247159,432.15528291521696,101.39008730870647,40.38757484027779
ST7112J0-PSG.edf,ST,N1,0.6413218888404353,0.09137866437133961,0.07179621581812123,0.05994163177135795,0.19111323117600093,757.004211682842,172.71804623754636,26.178421296416463
ST7112J0-PSG.edf,ST,N1,0.7841649823540086,0.08769612847815975,0.07178887913863563,0.056984540500355556,0.051614343290957744,311.29829701519867,72.04123190384935,37.628144465601984
ST7112J0-PSG.edf,ST,N1,0.6489017363509128,0.11012173359519885,0.08863967127946977,0.06353736085328512,0.14426326440704046,678.6302874931332,135.15994093217114,51.344658836101644
ST7112J0-PSG.edf,ST,N1,0.7528594534568689,0.1012564744070408,0.06441010845338302,0.07548303474364448,0.0750013357327683,242.81267167185496,63.849000876549376,26.2144209003044
ST7112J0-PSG.edf,ST,N1,0.6725452645525277,0.08077201643114139,0.08031200562425894,0.05553614577837845,0.15699043768760276,656.29005676616,126.14640091480747,42.20909259679015
ST7112J0-PSG.edf,ST,N1,0.6348027268797788,0.0940054292687861,0.0939937439220271,0.06924889356660027,0.16932097423044812,668.0095220655558,101.73040047784252,103.12767723601357
ST7112J0-PSG.edf,ST,N1,0.545639219664367,0.15119637497275878,0.10562415337180861,0.06072575989269129,0.1875237948377674,692.1809192455594,163.2350760614695,35.00044088992113
ST7112J0-PSG.edf,ST,N1,0.7330139583968328,0.09737303029706024,0.05651295948495106,0.04384440799616556,0.10367302111585716,860.6482329243729,147.463762355047,60.37715706484277
ST7112J0-PSG.edf,ST,N1,0.7443520734576616,0.08428779261040034,0.06660844226982748,0.060678149394727106,0.097926382461922,613.4407617652445,125.75563408906918,55.7932535705558
ST7112J0-PSG.edf,ST,N1,0.7994110101682771,0.08619845760238597,0.055701165462899466,0.05709472550395334,0.05514840018986812,557.7733015931149,152.1393728031873,33.77057097712095
ST7112J0-PSG.edf,ST,N1,0.6830851963883293,0.15583573304096698,0.07385583748439098,0.05022314132809575,0.0671777039352905,401.0254532136971,126.2250151849756,19.499727926211776
ST7112J0-PSG.edf,ST,N1,0.6642181607126821,0.10877276252661075,0.06647584042742226,0.07512573009397894,0.1514336732605265,569.1265336019044,119.93782184472005,31.62301649341944
ST7112J0-PSG.edf,ST,N1,0.7652437853749177,0.1326715655843368,0.03447289867924699,0.03002469840556477,0.060742661909669975,745.6509796740523,181.1178230782292,39.97409781252126
ST7112J0-PSG.edf,ST,N2,0.5579477675151083,0.23393782607262556,0.059972913742042964,0.1225434180046414,0.1369582750120261,512.3603735579563,149.8922923147893,24.120401291586166
ST7112J0-PSG.edf,ST,N2,0.775661211636425,0.14350810979300746,0.030281817905106388,0.035173710856018274,0.04720869334198103,453.0305804797656,116.9391619446887,32.91695914995438
ST7112J0-PSG.edf,ST,N2,0.6259153680140531,0.2725211324291154,0.03959772266640473,0.039136891463882106,0.0368430160761886,480.4980772752243,117.42375521009,28.187010007785478
ST7112J0-PSG.edf,ST,N2,0.579850157276353,0.25825812168408324,0.08187435434741165,0.08279983120391668,0.06509328258481882,374.65665629005673,66.11312700457141,29.235232833317156
ST7112J0-PSG.edf,ST,N2,0.6287432849363322,0.16196477143182775,0.08683784230495006,0.12874380125389828,0.11236246751746495,339.4982603918696,92.14798674310705,23.971310916736613
ST7112J0-PSG.edf,ST,N2,0.8202738954661061,0.07008972286588848,0.03313666624312761,0.03317377784212446,0.07003158365276678,379.05145577733015,94.00762314742875,27.424053462015
ST7112J0-PSG.edf,ST,N2,0.605875243208553,0.13893028574965902,0.09956049088915866,0.15830862379641655,0.1433522343658962,435.0851492400659,106.5652871079313,25.55835780496308
ST7112J0-PSG.edf,ST,N2,0.6407204367748809,0.15475622828864105,0.09228278184231688,0.12036131378958592,0.10151128271038967,237.31917231276321,51.388739991561586,21.90223328697372
ST7112J0-PSG.edf,ST,N2,0.7320859493495537,0.11057624792440483,0.04688481939215381,0.07705127114012984,0.10604598372944597,230.360739791247,42.85939225059883,34.06700090058133
ST7112J0-PSG.edf,ST,N2,0.8283072271233723,0.06338449040924363,0.0567914920399645,0.05082464292901074,0.04649917410089887,1061.7103094671306,165.52519521360574,56.694022364188534
ST7112J0-PSG.edf,ST,N2,0.7255902494809497,0.15705240872604564,0.0358378883999592,0.05439851469509324,0.0655680405699408,785.2041750595129,196.6798090366114,38.71199100131496
ST7112J0-PSG.edf,ST,N2,0.6525709275166733,0.12008861714845606,0.09225782947636683,0.13522406511166646,0.13037521642020655,462.5526460355246,89.26754759979748,23.270017540102536
ST7112J0-PSG.edf,ST,N2,0.7967382540196357,0.1205083382284044,0.042415803110369944,0.03668306048637289,0.034951135568345296,514.191540010987,144.1752888856513,33.610635198576865
ST7112J0-PSG.edf,ST,N2,0.6487837746356819,0.13662442210673592,0.07874269401423044,0.13551635402976198,0.13079637326941748,379.4176890679363,92.07391197141955,16.66483678573688
ST7112J0-PSG.edf,ST,N2,0.6774955260223842,0.17676171873486535,0.05669992901204454,0.09427002420513078,0.08428328188394066,354.5138253067204,77.63763078476221,32.839056525571465
ST7112J0-PSG.edf,ST,N2,0.7026452449423405,0.14192341749220505,0.07186917163300943,0.09334334552907352,0.07540075641485279,400.659219923091,105.57337618790888,28.110975667514555
ST7112J0-PSG.edf,ST,N2,0.753608143644726,0.08715281965441263,0.052812878566998844,0.10814370814686187,0.10078331319116131,305.0723310748947,73.53208560514892,30.90492678332258
ST7112J0-PSG.edf,ST,N2,0.7663177640124188,0.12378157798146404,0.04814009462963729,0.05726624894308229,0.04696317716011112,359.641091375206,86.57162164135083,29.469040502670207
ST7112J0-PSG.edf,ST,N2,0.7998580799094615,0.11781465005574919,0.03286855077856548,0.047484388189608824,0.04023234098879004,350.11902581944696,69.72331747995086,35.82545336394389
ST7112J0-PSG.edf,ST,N2,0.789545978164311,0.10631136636313841,0.0463220466750549,0.07095748469187205,0.05222816120959792,249.40487090276505,52.41469244062295,31.740987599554646
ST7112J0-PSG.edf,ST,N2,0.9350535927861445,0.03828721464394938,0.0099538597601774,0.016174847478569662,0.015729189657045273,334.7372276139901,74.8410095515807,35.885381662910795
ST7112J0-PSG.edf,ST,N2,0.8977452120391798,0.03851315330551871,0.028223018925641215,0.039075522493345886,0.03276326278654131,344.2592931697491,78.01814177490662,35.44322302291625
ST7112J0-PSG.edf,ST,N2,0.8848967699919249,0.07000960048223942,0.02055555305139188,0.022180954404358775,0.018527496339589965,246.47500457791614,41.95276626817401,33.544696840098545
ST7112J0-PSG.edf,ST,N2,0.6244732250776662,0.08169271865494497,0.07856097673386882,0.22221803514007868,0.21008129982034143,314.2281633400476,74.839698985232,22.2368996786352
ST7112J0-PSG.edf,ST,N2,0.7401188468659802,0.08882414965633426,0.11105388798813473,0.07018278927261964,0.05274783904204374,473.9058780443142,122.583405089133,33.08869425926123
ST7112J0-PSG.edf,ST,N2,0.8225852347150396,0.06986911386768391,0.05369709848039982,0.04987722987802795,0.05070650403981318,703.9003845449552,162.1681327209399,37.42488544947735
ST7112J0-PSG.edf,ST,N2,0.4965821678348077,0.09445191421517557,0.13709045592814556,0.3299943982484367,0.2658629780325478,432.5215162058231,123.94393925832223,17.428072072376985
ST7112J0-PSG.edf,ST,N2,0.6978497784933605,0.1168897294267067,0.06252840803759899,0.12141709865369171,0.10994719860673079,226.69840688518588,48.31634733123645,19.65870894292728
ST7112J0-PSG.edf,ST,N2,0.7042555663179952,0.10263638910087831,0.07696102635123332,0.1220671946984287,0.10769675672219858,158.9452481230544,33.8551027185429,18.884525381299426
ST7112J0-PSG.edf,ST,N2,0.7208330233431584,0.10602816994312142,0.09101278116625773,0.08764151329309157,0.06699112042136159,206.18934261124335,51.63059244608932,19.198408443506107
ST7112J0-PSG.edf,ST,N2,0.7193093550255368,0.10914169688595575,0.06366675027924801,0.11392411629320376,0.10197195495567188,92.29078923274125,15.861948871783968,21.433294286913586
ST7112J0-PSG.edf,ST,N2,0.8754287687739223,0.050098990340300124,0.026085475973947142,0.05208504404520293,0.04483490221640396,132.94268449002016,24.26273298995783,28.266548377010803
ST7112J0-PSG.edf,ST,N2,0.7281246852865818,0.12427635998205327,0.06981431123720523,0.08244401363529211,0.0709849492379436,146.12708295184032,20.890889223652437,20.238920240949966
ST7112J0-PSG.edf,ST,N2,0.6774113930326224,0.10441500220568381,0.07723432096724495,0.15599711320053514,0.1323194394340449,107.67258743819812,19.315332365126256,25.601095504320774
ST7112J0-PSG.edf,ST,N2,0.7174614360045712,0.10369039651950938,0.06153777940376259,0.12263270071938062,0.11033162899459181,156.38161508881157,18.533105775230826,24.482499249391058
ST7112J0-PSG.edf,ST,N2,0.811028615682562,0.08754505937526066,0.05652786814694109,0.049681318128340306,0.03996856988732905,164.07251419154,25.996613945612935,26.356717315621857
ST7112J0-PSG.edf,ST,N2,0.7013091081771406,0.1022194984837163,0.106453533865624,0.10749951653612846,0.06977405245030041,161.87511444790331,22.378449200569897,31.766442177912175
ST7112J0-PSG.edf,ST,N2,0.7952248181725391,0.1050458817777495,0.04455700868278836,0.05896457642417313,0.04622613315510106,153.45174876396266,26.99577198425066,22.30078184502701
ST7112J0-PSG.edf,ST,N2,0.8241162728696356,0.08203193055267002,0.04764907886971756,0.05358180805354966,0.0384843627712199,210.58414209851674,25.388865334454596,31.3687835795069
ST7112J0-PSG.edf,ST,N2,0.8591669023826551,0.050440616717276184,0.04034335678957526,0.057408334589046726,0.04618811449318398,155.64914850759934,21.29919178900962,32.723513136687565
ST7112J0-PSG.edf,ST,N2,0.9028184843224066,0.04069010226224852,0.02514836427294714,0.030320848467806954,0.024523891824295842,219.00750778245742,38.8464784880464,38.676090812797455
ST7112J0-PSG.edf,ST,N2,0.8759721706617352,0.05655008317150552,0.0330069091015349,0.03657083845464629,0.02926666575236883,185.31404504669473,21.69084736797098,28.598540174493404
ST7112J0-PSG.edf,ST,N2,0.8187326954401923,0.05387171912257795,0.03878480580758686,0.08587599969047956,0.08406351878215604,492.21754257462,130.34711940922273,28.797149148503113
ST7112J0-PSG.edf,ST,N2,0.7505491372767619,0.0785063287620691,0.05302596112341326,0.12600537617453306,0.11056471562104647,179.4543123969969,38.10635630088169,29.03156394363226
ST7112J0-PSG.edf,ST,N2,0.8364585067026076,0.08982991738167038,0.03408853463589582,0.027648449726852695,0.03206916760254707,421.5345174876396,89.03936388117188,43.50665068674216
ST7112J0-PSG.edf,ST,N2,0.64712761404806,0.12801574376610655,0.08734390372413434,0.1508587963011032,0.1286984820510333,327.04632851126166,77.85849962893157,27.212610986095044
ST7112J0-PSG.edf,ST,N2,0.8484610266678466,0.07948565422865045,0.028907640385935834,0.03317378325148692,0.03545350799714034,664.3471891594946,123.93157062714562,45.60325008598574
ST7112J0-PSG.edf,ST,N2,0.7381695345471077,0.08553964844358339,0.05334267391887395,0.12776188597993526,0.11684242556168935,830.2508698040651,153.51512709335185,30.53009539493992
ST7112J0-PSG.edf,ST,N2,0.7313121330004931,0.12175368053924392,0.07009638139289803,0.08551577662866858,0.06516525552794235,223.76854056033693,55.196154735467715,21.832331473740112
ST7112J0-PSG.edf,ST,N2,0.7343448524049684,0.0890260535249457,0.05438252456470853,0.12111096057321158,0.11094852309254036,164.80498077275223,27.129724841190864,20.81814081427639
ST7112J0-PSG.edf,ST,N3,0.8569074932873122,0.07423671390041811,0.024650609334936655,0.043303193796352085,0.03971280023370708,308.7346639809559,72.29984570650714,36.1542139152048
ST7112J0-PSG.edf,ST,N3,0.8726244480739931,0.0711575383401589,0.026961088579058788,0.02961964854304062,0.023759750503673367,197.7659769273027,29.7551396209455,48.8123825693097
ST7112J0-PSG.edf,ST,N3,0.9099498202139449,0.045293523744786277,0.021410360765661978,0.02728921120168237,0.020118492355115546,446.0721479582494,102.09436377587014,43.77558395105158
ST7112J0-PSG.edf,ST,N3,0.8773491148231378,0.060717495084371916,0.03083574440348226,0.03187134794368795,0.027561714621061436,388.9397546236953,85.23788579249508,36.780821086186464
ST7112J0-PSG.edf,ST,N3,0.914725259649661,0.0353082995495223,0.024997791375697367,0.029124036407652487,0.022831141593215507,293.7190990661051,47.49047232775019,45.9528219500851
ST7112J0-PSG.edf,ST,N3,0.844486777200464,0.0639461618840619,0.032879663993645024,0.06557220797218702,0.051195196015669416,173.96081303790515,27.708053084666698,33.661381216430954
ST7112J0-PSG.edf,ST,N3,0.9372495735914159,0.03190132991556953,0.012801309939338265,0.01935481329855875,0.0164811345917685,317.52426295550265,43.252939234470965,50.97764246016787
ST7112J0-PSG.edf,ST,N3,0.9130102990448937,0.04399706488293429,0.021206044956402024,0.02622072851223949,0.01922774870458288,198.1322102179088,35.93944477897916,40.475486020979396
ST7112J0-PSG.edf,ST,N3,0.9481817081780132,0.028119572770428244,0.011383874591517563,0.014329900278486862,0.010830473636424018,210.95037538912288,30.710541075636996,47.87735369255425
ST7112J0-PSG.edf,ST,N3,0.9292204233181279,0.03621048401258706,0.021159215001319995,0.019013422295182922,0.012128488679367702,229.9945065006409,52.304265537790975,47.87370796950071
ST7112J0-PSG.edf,ST,N3,0.9502991584315739,0.02541469843547779,0.014497137102233926,0.013292441483743514,0.008370816763442873,321.91906244277607,70.08358134235988,53.83932434452077
ST7112J0-PSG.edf,ST,N3,0.9509748237582458,0.02535230768714141,0.01229951871901099,0.013053669557751306,0.009193820568474445,300.6775315876213,51.83548136618765,54.48974621061385
ST7112J0-PSG.edf,ST,N3,0.9397161152376065,0.03753504914541564,0.011972826293079209,0.010533451279520281,0.009203275015697262,318.622962827321,43.650445318745696,53.655232046793365
ST7112J0-PSG.edf,ST,N3,0.9401615832803035,0.03665829273176787,0.010591013497767528,0.012231584188679338,0.010008143240358279,238.05163889397545,41.87626839304338,51.60736731880485
ST7112J0-PSG.edf,ST,N3,0.9286411284794747,0.039017249238383865,0.016110903528598865,0.017539992535441758,0.013325458042657268,277.2386009888299,42.01566987951435,53.29039184741905
ST7112J0-PSG.edf,ST,N3,0.9452239657912691,0.03256026925222343,0.012173992610481145,0.012378988593520442,0.008019651986481855,302.87493133125804,58.5197532776229,60.84498471373922
ST7112J0-PSG.edf,ST,N3,0.9373458396291354,0.03902446819205201,0.012175806773129058,0.013036555575174656,0.009082930666648757,206.9218091924556,37.34470146545159,49.35172870883282
ST7112J0-PSG.edf,ST,N3,0.956040912358961,0.025352884920223896,0.009274624825856127,0.009979990739127599,0.007329004361215767,215.7114081670024,39.411489416436574,59.60859249652363
ST7112J0-PSG.edf,ST,N3,0.9594742660584948,0.026117413353553387,0.00725527377024851,0.007698881375474972,0.006014626332703185,243.5451382530672,38.05917100037882,56.391704737739076
ST7112J0-PSG.edf,ST,N3,0.9188549957003689,0.051202003621072516,0.01721258765760466,0.01588527761666563,0.00997832362103533,269.9139351767076,41.838536662707405,46.844468874395346
ST7112J0-PSG.edf,ST,N3,0.9558696879020353,0.02720463300403749,0.009842758916506848,0.007384507626586168,0.005220271968161674,194.46987731184765,32.52072850509498,64.44426689060585
ST7112J0-PSG.edf,ST,N3,0.9259415570538442,0.04990481593473227,0.013335499213763759,0.011571734646978965,0.007395918690601935,244.27760483427943,45.98312742743634,46.634549597320756
ST7112J0-PSG.edf,ST,N3,0.9544841752619916,0.03044384060662787,0.006944423780773813,0.006381641717739987,0.005126858067329424,263.32173594579746,41.66473592939881,73.33928278147518
ST7112J0-PSG.edf,ST,N3,0.9607727963194506,0.02406508068625448,0.009770740830180764,0.005637640848179663,0.003841741727798278,188.61014466214976,39.31872978534474,55.45950912448359
ST7112J0-PSG.edf,ST,N3,0.9576741956654058,0.028355911522827536,0.0067284719529371395,0.006989001059253071,0.005258732514824129,254.16590368064456,37.360683329882214,57.89686269882506
ST7112J0-PSG.edf,ST,N3,0.9612438051246524,0.026083871599330333,0.006324634904724965,0.00621013873987755,0.0048071330949621205,282.73210034792163,50.690637798812794,61.61270696045113
ST7112J0-PSG.edf,ST,N3,0.9638770054378109,0.02281540038984328,0.0080246949142155,0.006308015213295154,0.0034035468089088977,320.08789598974545,50.813081246127986,66.03345379558564
ST7112J0-PSG.edf,ST,N3,0.9528027595594706,0.03249335972476146,0.007727710885040965,0.005937314390298065,0.004284516951557732,292.9866324848929,44.9344480245229,53.12024803543628
ST7112J0-PSG.edf,ST,N3,0.9665443902745673,0.018897827133611267,0.006711008702034527,0.007635715277913624,0.0056766637444150255,231.8256729536715,42.950475627067675,62.559475260328675
ST7112J0-PSG.edf,ST,N3,0.9497578216911435,0.031112763105727973,0.009446247546947647,0.009787606617500338,0.007450590606194848,251.23603735579564,34.64704305425616,56.45908140874729
ST7112J0-PSG.edf,ST,N3,0.9594782060942141,0.023559066665163306,0.008933685908392799,0.008202148431977592,0.005588560642337766,214.61270829518404,39.6440367407093,62.78895797691841
ST7112J0-PSG.edf,ST,N3,0.9428175756546748,0.03609442660223675,0.012376359666342929,0.009678572789700936,0.007093095768179383,323.38399560520054,65.04761062673715,56.44083681097909
ST7112J0-PSG.edf,ST,N3,0.9400279555815405,0.04100250123553598,0.010590748692344113,0.009245473182239727,0.005976664017499634,228.89580662882256,31.98115119401845,59.91383446822012
ST7112J0-PSG.edf,ST,N3,0.9687432192218021,0.021823878015516374,0.005095599560156626,0.0042451529085963955,0.0033263108020236795,214.97894158579015,33.919563744679934,58.43987960465643
ST7112J0-PSG.edf,ST,N3,0.9617776349882158,0.02654032927005778,0.006051674544950041,0.005268433085564755,0.004276282762531961,238.7841054751877,42.91893516581143,61.895497784964654
ST7112J0-PSG.edf,ST,N3,0.9553557470422569,0.030467309524845256,0.007479146324258883,0.006240796130372711,0.0050955403338723134,230.360739791247,33.2866132307193,67.73270058634597
ST7112J0-PSG.edf,ST,N3,0.9507254271949954,0.027220687522634412,0.010970245501633523,0.011136926635502595,0.0082276995009667,246.10877128731,43.18693083813765,50.441717604958946
ST7112J0-PSG.edf,ST,N3,0.9572585544861856,0.025254360883548762,0.009097912085030014,0.008811887858176574,0.006871067746343747,272.4775682109504,38.312746806959474,59.37689769167966
ST7112J0-PSG.edf,ST,N3,0.9566620370131703,0.025506770523418897,0.010608757124311778,0.009428802995977979,0.006097442377960718,245.3763047060978,40.852961328698406,60.182264476975575
ST7112J0-PSG.edf,ST,N3,0.9644266370759267,0.02347652358220779,0.0077011877292128455,0.004447689538071974,0.0031333862294197277,320.08789598974545,42.86746828800036,63.76621716743956
ST7112J0-PSG.edf,ST,N3,0.9594061485858958,0.024880571413757737,0.009696185900247041,0.007008315653736293,0.003958966097997858,291.5216993224684,54.66197823848781,62.11487926478726
ST7112J0-PSG.edf,ST,N3,0.9555697107081746,0.026554993501201305,0.009510491658993484,0.007309762934715897,0.004708652065909504,214.24647500457792,31.386351345719234,59.96488544404029
ST7112J0-PSG.edf,ST,N3,0.9503657602800083,0.03289518746439518,0.009132403705586635,0.009219491096863451,0.006411258719186644,283.46456692913387,29.45307553670663,59.34493831236962
ST7112J0-PSG.edf,ST,N3,0.9679142300064264,0.020013365556731107,0.006228744646598531,0.004556720843622654,0.0036594127971693396,223.76854056033693,36.50417156697977,67.77464670711588
ST7112J0-PSG.edf,ST,N3,0.9591376247123499,0.028731219857221484,0.006288260202124734,0.005205338320870447,0.0034779485674323388,214.24647500457792,34.441034362541835,62.842946626629626
ST7112J0-PSG.edf,ST,N3,0.9678906684336849,0.018236917653772146,0.005926142809327474,0.008010558489127517,0.0064148502361470365,296.648965390954,43.446400028852494,63.051568865192635
ST7112J0-PSG.edf,ST,N3,0.9692462778715402,0.020619896999524177,0.005470075289396914,0.004095580961261726,0.002833609045038183,245.37630470609778,34.14800993743203,67.8759501471332
ST7112J0-PSG.edf,ST,N3,0.9508047855098973,0.030148536965850063,0.011047359676327766,0.00909314947735931,0.006427811520024092,232.19190624427762,40.667868985006606,66.39497918245536
ST7112J0-PSG.edf,ST,N3,0.9684488478220756,0.020916045228111933,0.0052458973765924215,0.004083665057883959,0.003174320255493554,283.0983336385277,41.5138625416502,69.4173108859308
ST7112J0-PSG.edf,ST,N3,0.9333391650318092,0.03837685191641325,0.01619865316557212,0.012742816302972382,0.0077885933405216715,242.81267167185496,37.738485011984864,51.6527186164798
ST7112J0-PSG.edf,ST,REM,0.8745900263199675,0.053227720101778786,0.025605511666337247,0.05047645829260858,0.04346667556732638,335.46969419520235,52.22634302374221,41.29032417177565
ST7112J0-PSG.edf,ST,REM,0.8674834749616892,0.09083537535103381,0.01866427916961753,0.01019611931296446,0.014903270600447755,539.8278703534152,143.89053871354645,39.22520965525681
ST7112J0-PSG.edf,ST,REM,0.862176795211343,0.08544293948414243,0.020543707704912238,0.029370722054920122,0.027512002412489186,490.7526094121955,86.80181452003278,36.733178745310454
ST7112J0-PSG.edf,ST,REM,0.8604150275976339,0.05901955308233802,0.02627360328623134,0.05867665495590474,0.050204205311720096,305.0723310748947,44.01256293684432,30.63567750036107
ST7112J0-PSG.edf,ST,REM,0.8900111965674884,0.07681835067114749,0.01402587032031527,0.01570963652780868,0.01480201163579831,462.91887932613076,100.32909246538935,47.29794127793965
ST7112J0-PSG.edf,ST,REM,0.946714731982826,0.03650891779433709,0.0077854439908033165,0.007676646086444927,0.007247824638526208,278.3373008606482,73.14967312417964,65.13213955739118
ST7112J0-PSG.edf,ST,REM,0.7953768464636313,0.14819298099996736,0.02630642505969174,0.019426254166782037,0.020762741489658246,600.2563633034242,121.34048458375361,41.928550200093625
ST7112J0-PSG.edf,ST,REM,0.8971783226979456,0.0659403575644844,0.016836769264261205,0.017710173580126224,0.01643972962501377,384.5449551364219,92.1973356471917,41.37937935254755
ST7112J0-PSG.edf,ST,REM,0.7554601389647763,0.17005676970125452,0.03530999079975015,0.01914862820887699,0.026364764930721863,382.71378868339133,97.82163899129097,24.50469957393693
ST7112J0-PSG.edf,ST,REM,0.7036132908698053,0.1788371343335448,0.06641199199174051,0.04077934511726597,0.03853208591650772,402.4903863761216,94.63815501497872,34.98140344630838
ST7112J0-PSG.edf,ST,REM,0.5754585382495553,0.2866689843254116,0.06307842428751996,0.03312074869689529,0.05242880376337244,447.53708112067386,111.20557225340043,27.207012130102584
ST7112J0-PSG.edf,ST,REM,0.7657378263380068,0.1333574695651075,0.04537765073548987,0.032715860363602765,0.04732746663651492,656.29005676616,128.05101843679404,33.71774312751786
ST7112J0-PSG.edf,ST,REM,0.7163172474934871,0.16067780740649623,0.05560150653210399,0.035876562442111924,0.05697019369524209,637.9783922358542,147.65806029914418,35.992638528531174
ST7112J0-PSG.edf,ST,REM,0.8106553725575376,0.1066465268562363,0.043432807434643374,0.030039531162937838,0.033279374563353864,400.2929866324849,111.18748728522445,29.08765052228902
ST7112J0-PSG.edf,ST,REM,0.8033373307469032,0.09724309228473671,0.037105668036853785,0.05437103879503693,0.05297313321542205,291.5216993224684,68.1663761822674,27.33585877104024
ST7112J0-PSG.edf,ST,REM,0.7350757482836738,0.16351461060922312,0.05464722214226178,0.03624517266749892,0.036354515167522125,417.1397180003662,95.09286143479353,37.25155345050072
ST7112J0-PSG.edf,ST,REM,0.7044278790987516,0.14008759218690314,0.044508333394886974,0.09016972282915199,0.10463880949333913,364.7683574436916,73.45215931797505,19.730205574436702
ST7112J0-PSG.edf,ST,REM,0.827253229868338,0.1057340775042379,0.02809341560596046,0.021823496680797142,0.026466496114095434,559.9707013367515,140.6752331126628,34.225376779460646
ST7112J0-PSG.edf,ST,REM,0.8104171563508603,0.09276371581245364,0.036569723800696514,0.045913829560875266,0.05193554758768045,338.03332722944515,88.27391700308202,22.507671070315453
ST7112J0-PSG.edf,ST,REM,0.6053107072747294,0.2614791102925837,0.07026328409558459,0.028612231482297926,0.052213504751966414,595.4953305255448,143.66094280201767,18.11674454677821
ST7112J0-PSG.edf,ST,REM,0.7802429484917845,0.15374625671791356,0.02881742833447741,0.018620519099386387,0.024159696361004908,381.24885552096686,116.27727605099321,28.836570778217055
ST7112J0-PSG.edf,ST,REM,0.6953636023130714,0.1429842576416866,0.05164123343284867,0.09902869319787128,0.1007883287855809,261.85680278337304,57.46526318448985,24.611980961876295
ST7112J0-PSG.edf,ST,REM,0.543114791945522,0.3090617850030655,0.06744527018585479,0.02301475368306392,0.058824695921239685,568.7603003112982,136.67451154938598,16.531884213458373
ST7112J0-PSG.edf,ST,REM,0.7223971234528721,0.1986533957746709,0.03463087914330344,0.015027298303539566,0.036424821060451376,672.4043215528291,185.92324307734125,28.187168863841695
ST7112J0-PSG.edf,ST,REM,0.6266515748808787,0.21709835165149707,0.06622216628049081,0.045795370338224284,0.07578873443740755,793.6275407434536,206.54214244924395,44.933142744988615
ST7112J0-PSG.edf,ST,REM,0.870568394836,0.07601605810807952,0.025708473337200666,0.0168810602827495,0.02155405158972733,380.5163889397546,102.44268135722028,24.9680119923545
ST7112J0-PSG.edf,ST,REM,0.670240657016174,0.19966692950945442,0.058203955401444865,0.03760164379552515,0.05111394627765929,246.47500457791614,48.47771219018617,33.07896166088901
ST7112J0-PSG.edf,ST,REM,0.7236006541974381,0.1541573983384802,0.045691399583871965,0.05707877802388723,0.06563576303825501,305.0723310748947,58.65963991150181,28.594020550741263
ST7112J0-PSG.edf,ST,REM,0.8018144586536057,0.10422796193143655,0.04853560225939159,0.0426215800671347,0.03586518615015064,167.36861380699506,36.770462728119725,36.14780811318377
ST7112J0-PSG.edf,ST,REM,0.6873438265094834,0.1944417881781444,0.04454120875336041,0.0427476847893935,0.05606350051097024,180.91924555942134,32.895701519802614,25.68154521945952
ST7112J0-PSG.edf,ST,REM,0.7718170248557621,0.12045013863121365,0.04596634140375364,0.04752741981618744,0.04760584672238454,233.29060611609594,61.64436150706057,25.887531662453835
ST7112J0-PSG.edf,ST,REM,0.7341254298536148,0.11181300424120307,0.05615562722771724,0.10110394568749298,0.08726450511624037,158.57901483244828,28.10010516092792,25.855821249000023
ST7112J0-PSG.edf,ST,REM,0.7041052453536125,0.17048610725877705,0.04860870334095084,0.07019729186865657,0.06780946895091015,184.5815784654825,33.92926008852151,22.95379276239332
ST7112J0-PSG.edf,ST,REM,0.7101616939142774,0.17675203841537845,0.04956873464743636,0.05552033993752793,0.05416067774893714,231.09320637245926,53.02196844187677,29.118143032819695
ST7112J0-PSG.edf,ST,REM,0.8502289659796326,0.08389407119213828,0.025900273393457754,0.03267343353475722,0.03316137870397295,285.2957333821645,76.22307437234092,30.56314669119384
ST7112J0-PSG.edf,ST,REM,0.7802574388822294,0.1476924996368703,0.037587688143306396,0.022282687308540657,0.02539274888663347,238.7841054751877,55.93660341642868,40.05509910508115
ST7112J0-PSG.edf,ST,REM,0.5690630111513567,0.1733763431515603,0.06563811082449438,0.18215552618091446,0.1814782611897475,214.61270829518404,48.37936159040631,24.659567634004073
ST7112J0-PSG.edf,ST,REM,0.7565433431537151,0.1522573178864162,0.048664969405436714,0.04086612614029149,0.0371963539308103,215.34517487639627,55.65777923779733,32.68284420758263
ST7112J0-PSG.edf,ST,REM,0.6655335335209324,0.09587016135048815,0.05774396344522401,0.16106234802766906,0.17323985776039305,329.2437282548984,44.455410485359366,31.08692866596287
ST7112J0-PSG.edf,ST,REM,0.5929039827642196,0.25708469644520393,0.053850225762877145,0.06850422891420327,0.0779856944342508,459.2565464200696,108.53145077120305,32.25401643165515
ST7112J0-PSG.edf,ST,REM,0.7034003138769368,0.07472857481605308,0.06656990116012652,0.1646523621282035,0.14824074731627818,340.23072697308186,96.33620790779251,30.487860622262716
ST7112J0-PSG.edf,ST,REM,0.8006467217471995,0.07818758145600421,0.05055245910295523,0.0633110312751359,0.06691110760621953,495.8798754806812,116.26853406886063,31.55725951202013
ST7112J0-PSG.edf,ST,REM,0.5585801885955993,0.11787739883678632,0.11317844731376046,0.2244849808755865,0.20454543413167042,228.16334004761035,44.32134482218994,16.893653090352796
ST7112J0-PSG.edf,ST,REM,0.5973414482844371,0.12401238056148622,0.08494338128851785,0.18966714415063748,0.18431623314548362,175.79197949093572,40.197596718057824,17.52155656569188
ST7112J0-PSG.edf,ST,REM,0.7041291281334998,0.11694685550914113,0.07520855808462168,0.10079628799678267,0.09113699661761443,121.95568577183667,23.291079077924532,18.653792004003403
ST7112J0-PSG.edf,ST,REM,0.6056391409399551,0.11973170654223265,0.1044400207002702,0.19983273739964455,0.1601830736402746,131.11151803698957,28.290144464277148,18.287114603551814
ST7112J0-PSG.edf,ST,REM,0.5887082645776709,0.13490241044687523,0.12351564950465235,0.16858150255013946,0.13423563416331546,818.1651712140633,98.87535478539857,30.851872166583558
ST7112J0-PSG.edf,ST,REM,0.8678630195863437,0.057599373663412015,0.033266850302515,0.029287993961628424,0.03430590038410302,539.8278703534152,107.63662868191264,36.793138487439194
ST7112J0-PSG.edf,ST,REM,0.8715311307143626,0.05903338066550335,0.0299570740816766,0.04387519336651349,0.037125879032494806,358.1761582127815,79.86635323194544,43.69722289225807
ST7112J0-PSG.edf,ST,REM,0.6356831028665076,0.10593539357760447,0.09605248357638986,0.17732645843296796,0.15229397131096528,165.9036806445706,46.55865343701636,25.884944419240423
