file,cohort,channel,sf,n,mean,std,rms,min,max,p1,p99,nan,flat_frac
SC4001E0-PSG.edf,SC,EEG Fpz-Cz,100.0,7950000,0.16550561890939275,25.90938238369947,25.90991099202478,-192.0,170.6197802197802,-71.31428571428572,71.40805860805861,0,0.0023685564384357716
SC4001E0-PSG.edf,SC,EEG Pz-Oz,100.0,7950000,-0.3508537159444431,11.426042623282056,11.431428097969652,-171.08791208791212,196.0,-31.354578754578768,31.02637362637362,0,0.004552206983908156
SC4001E0-PSG.edf,SC,EOG horizontal,100.0,7950000,0.8605218389660652,73.33068678509723,73.33573564238223,-511.7687423687424,517.1894993894994,-207.22075702075702,230.87496947496948,0,0.0090742252505978
SC4001E0-PSG.edf,SC,Resp oro-nasal,1.0,79500,126.9654465408805,171.59601218342294,213.4605725012903,-1748.0,1806.0,-346.0,647.0,0,0.010402646574170744
SC4001E0-PSG.edf,SC,EMG submental,1.0,79500,2.950010641509434,0.9569469341109612,3.101340068377422,-0.108,3.81,0.11800000000000001,3.63,0,0.009295714411502032
SC4001E0-PSG.edf,SC,Temp rectal,1.0,79500,36.982217366605795,0.3672271014905939,36.984040572859925,34.70860215053764,37.49677419354839,36.053720430107525,37.435483870967744,0,0.01626435552648461
SC4001E0-PSG.edf,SC,Event marker,1.0,79500,858.3775597484276,36.07171458761636,859.1351486657708,136.0,980.0,781.0,936.0,0,0.015547365375665102
SC4002E0-PSG.edf,SC,EEG Fpz-Cz,100.0,8490000,0.6701518756390735,29.04089249592803,29.048623728095478,-208.0,209.0,-78.77582417582418,82.1179487179487,0,0.001974089486560055
SC4002E0-PSG.edf,SC,EEG Pz-Oz,100.0,8490000,1.0932798688394363,12.553085038119582,12.600603352453854,-200.0,177.94871794871793,-33.60439560439561,36.09523809523808,0,0.003910487527076003
SC4002E0-PSG.edf,SC,EOG horizontal,100.0,8490000,1.4132964257310667,65.15004010926543,65.16536758912574,-585.2478632478633,552.4871794871796,-191.69474969474967,210.05738705738707,0,0.0102709190470189
SC4002E0-PSG.edf,SC,Resp oro-nasal,1.0,84900,116.45359246171967,427.21855469594664,442.80597633019113,-2209.0,2256.0,-1161.0,1614.0,0,0.016690420381865512
SC4002E0-PSG.edf,SC,EMG submental,1.0,84900,3.1759467137809185,1.4933288419144128,3.509511156681121,-2.758,4.692,0.136,4.482,0,0.014923615119141568
SC4002E0-PSG.edf,SC,Temp rectal,1.0,84900,36.987026073505774,0.40061130838722225,36.98919554657283,34.75917215428034,39.23142050799624,35.601110065851366,37.540921919096895,0,0.026278283607580773
SC4002E0-PSG.edf,SC,Event marker,1.0,84900,1032.004699646643,52.11336323909636,1033.3196517636002,95.0,1243.0,920.0,1146.0,0,0.039894462832306625
SC4011E0-PSG.edf,SC,EEG Fpz-Cz,100.0,8406000,0.10269120730959998,27.5512316088439,27.551422987719132,-204.00000000000003,204.0,-81.84908424908427,86.03369963369961,0,0.003315492880671997
SC4011E0-PSG.edf,SC,EEG Pz-Oz,100.0,8406000,0.07161953625194166,11.452395445747062,11.452619386137872,-126.8119658119658,127.08302808302808,-31.488400488400487,31.398046398046397,0,0.003799671424781614
SC4011E0-PSG.edf,SC,EOG horizontal,100.0,8406000,1.021568476293437,86.05822384740878,86.06428698317603,-529.6849816849816,476.4871794871796,-247.15384615384602,279.2673992673994,0,0.012231753785098484
SC4011E0-PSG.edf,SC,Resp oro-nasal,1.0,84060,69.55067808708066,559.6101610897117,563.9156224269955,-1553.0,1759.0,-1340.4099999999999,1622.0,0,0.013252596390630391
SC4011E0-PSG.edf,SC,EMG submental,1.0,84060,2.4594181299072093,1.1231881827972439,2.7037546544928315,-0.226,3.476,0.17200000000000001,3.34,0,0.008803340510831677
SC4011E0-PSG.edf,SC,Temp rectal,1.0,84060,37.184775409346045,0.29202159703659014,37.185922051989536,34.571766095688126,37.90431187241583,36.59066745422327,37.81925575900768,0,0.02041423286025292
SC4011E0-PSG.edf,SC,Event marker,1.0,84060,901.2940637639781,26.8177501041708,901.692952782063,91.0,1000.0,844.0,958.0,0,0.019498209590882595
SC4012E0-PSG.edf,SC,EEG Fpz-Cz,100.0,8550000,-1.3197691019857423,29.572760329226387,29.602194918154687,-192.0,189.0,-88.26007326007327,88.23736263736264,0,0.0030596527013481887
SC4012E0-PSG.edf,SC,EEG Pz-Oz,100.0,8550000,-0.8347015600539944,13.835580880956318,13.860736813309758,-199.0,186.94285714285712,-38.569230769230785,37.05274725274724,0,0.003588308290419053
SC4012E0-PSG.edf,SC,EOG horizontal,100.0,8550000,-3.6497153153824167,106.89058427891224,106.95287480647988,-640.6271062271061,552.0278388278389,-304.8871794871794,335.4644688644689,0,0.008612875570614702
SC4012E0-PSG.edf,SC,Resp oro-nasal,1.0,85500,122.47105263157894,1076.5770031718775,1083.5207439136677,-2467.0,2781.0,-2191.0,2614.0,0,0.009146305804746254
SC4012E0-PSG.edf,SC,EMG submental,1.0,85500,3.986634900584795,1.3916599173491413,4.2225555243379524,-1.722,5.386,0.722,5.15,0,0.007520555795974222
SC4012E0-PSG.edf,SC,Temp rectal,1.0,85500,37.13446704179231,0.2713973834504135,37.13545878291668,34.32014176018901,37.67867690490254,36.68635558180744,37.59480212640283,0,0.018877413770921298
SC4012E0-PSG.edf,SC,Event marker,1.0,85500,1417.188596491228,35.94442784844127,1417.6443559363288,135.0,1557.0,1327.0,1492.0,0,0.014432917344062504
SC4021E0-PSG.edf,SC,EEG Fpz-Cz,100.0,8412000,-0.027042686272358184,16.541709789169825,16.541731894091306,-184.4769230769231,157.15384615384616,-48.69230769230769,49.52307692307693,0,0.00452806054215471
SC4021E0-PSG.edf,SC,EEG Pz-Oz,100.0,8412000,-0.04106854177156101,15.94099429651001,15.941047198552807,-203.61318681318684,182.07667887667887,-45.60976800976804,45.9203907203907,0,0.0036186443398054445
SC4021E0-PSG.edf,SC,EOG horizontal,100.0,8412000,-0.18106035856677807,79.00348125187423,79.00368872887327,-593.8827838827839,515.3040293040293,-222.33699633699632,261.8534798534798,0,0.010338814002394201
SC4021E0-PSG.edf,SC,Resp oro-nasal,1.0,84120,72.93490252020922,566.5872026623183,571.2622499573583,-1690.0,1890.0,-1434.0,1716.0,0,0.012292109987042166
SC4021E0-PSG.edf,SC,EMG submental,1.0,84120,2.9536370660960536,1.0066028271312073,3.120452077793383,-0.004,3.736,0.25,3.606,0,0.01074668029814905
SC4021E0-PSG.edf,SC,Temp rectal,1.0,84120,37.15036592468596,0.3441879744189592,37.15196029417294,34.91541755888651,37.722698072805144,36.67558886509636,37.66059957173448,0,0.020994067927578786
SC4021E0-PSG.edf,SC,Event marker,1.0,84120,999.8531978126485,24.850914514532693,1000.1619794455237,104.0,1086.0,943.0,1054.0,0,0.02048288733817568
SC4022E0-PSG.edf,SC,EEG Fpz-Cz,100.0,8268000,-1.2974929465175389,24.886690276207826,24.92049038141425,-192.99999999999997,190.0,-78.33382173382172,72.9956043956044,0,0.0036707833463756005
SC4022E0-PSG.edf,SC,EEG Pz-Oz,100.0,8268000,0.16109905763751922,10.484715865610795,10.485953446824109,-175.0,175.0,-26.53846153846154,26.70940170940171,0,0.005314471836564872
SC4022E0-PSG.edf,SC,EOG horizontal,100.0,8268000,-0.5722327557057869,103.12828969677552,103.12987727185916,-714.1267399267399,652.6131868131869,-287.447619047619,332.7106227106227,0,0.00730407269481458
SC4022E0-PSG.edf,SC,Resp oro-nasal,1.0,82680,75.077793904209,646.5234402373683,650.8680618327227,-1668.0,1829.0,-1456.0,1708.0,0,0.01202239988388829
SC4022E0-PSG.edf,SC,EMG submental,1.0,82680,2.746818529269473,0.9325831950758836,2.9008142733508557,-1.19,3.606,0.34400000000000003,3.466,0,0.009954160064829038
SC4022E0-PSG.edf,SC,Temp rectal,1.0,82680,37.20738781844505,0.3314136847598481,37.20886377333524,34.97843240399789,37.809573908469226,36.59547606522882,37.736980536559706,0,0.01567508073392276
SC4022E0-PSG.edf,SC,Event marker,1.0,82680,968.2594944363813,39.33550401957454,969.0581666972682,116.0,1099.0,874.0,1040.0,0,0.018444828795703867
SC4031E0-PSG.edf,SC,EEG Fpz-Cz,100.0,8460000,0.9809753409710773,16.281796669707145,16.311321694249056,-177.65934065934067,187.1054945054945,-47.6901098901099,47.46593406593406,0,0.0037505954498764185
SC4031E0-PSG.edf,SC,EEG Pz-Oz,100.0,8460000,0.9145986491050326,21.242195737570523,21.26187598595674,-194.0,196.0,-56.19047619047619,57.71428571428571,0,0.0018487019488202705
SC4031E0-PSG.edf,SC,EOG horizontal,100.0,8460000,3.6004625352083672,94.54081830514758,94.60935290062172,-486.7589743589744,449.25128205128203,-257.0273504273505,296.39658119658117,0,0.00791608500719268
SC4031E0-PSG.edf,SC,Resp oro-nasal,1.0,84600,33.89277777777778,591.929540188959,592.8990647098426,-1998.0,1979.0,-1582.0,1784.0,0,0.012860672111963498
SC4031E0-PSG.edf,SC,EMG submental,1.0,84600,2.940951938534279,1.0611922446036253,3.126551980181269,0.074,3.976,0.35000000000000003,3.74,0,0.008120663364815187
SC4031E0-PSG.edf,SC,Temp rectal,1.0,84600,37.46421411992263,0.5233166350312872,37.46786890021783,33.76763636363636,38.412727272727274,36.61272727272727,38.25563636363636,0,0.02015390252839868
SC4031E0-PSG.edf,SC,Event marker,1.0,84600,996.6325295508274,33.417961379682474,997.1926389126902,70.0,1157.0,915.0,1071.0,0,0.015366611898485798
SC4032E0-PSG.edf,SC,EEG Fpz-Cz,100.0,8196000,-0.000697549356992998,26.439767728729045,26.439767737930616,-203.0,203.0,-76.88717948717948,75.99487179487178,0,0.0023792122733190257
SC4032E0-PSG.edf,SC,EEG Pz-Oz,100.0,8196000,-0.057198583722009755,15.741387716183754,15.741491635458193,-190.36068376068377,170.56581196581197,-42.936019536019536,41.804884004884,0,0.002719622644732363
SC4032E0-PSG.edf,SC,EOG horizontal,100.0,8196000,0.09583886359288986,101.03681614810274,101.0368616022553,-565.4798534798535,496.73260073260076,-292.2881562881563,324.1904761904762,0,0.008726218553219318
SC4032E0-PSG.edf,SC,Resp oro-nasal,1.0,81960,56.756002928257686,90.99025729294966,107.24024799779967,-2002.0,1952.0,-148.0,344.0,0,0.08490830781244281
SC4032E0-PSG.edf,SC,EMG submental,1.0,81960,2.8238155685700344,1.4502338810559146,3.174446829773812,-3.406,4.562,-0.376,3.97,0,0.07257287180175453
SC4032E0-PSG.edf,SC,Temp rectal,1.0,81960,37.124168613745034,0.389008659688128,37.12620668744767,34.22675521821632,38.339658444022774,35.60650853889943,38.14326375711575,0,0.08828804646225552
SC4032E0-PSG.edf,SC,Event marker,1.0,81960,1012.1236212786725,31.207319994587234,1012.6046225311725,81.0,1147.0,938.0,1082.0,0,0.18803304091069925
SC4041E0-PSG.edf,SC,EEG Fpz-Cz,100.0,7710000,-0.060239886863388784,27.44598606030252,27.4460521690514,-193.0,193.0,-80.73479853479853,81.86593406593407,0,0.0028793811665125376
SC4041E0-PSG.edf,SC,EEG Pz-Oz,100.0,7710000,0.43039836883106514,10.714947947529707,10.723588591239574,-193.52747252747253,183.62759462759465,-28.485958485958477,28.90720390720392,0,0.0049312645022885895
SC4041E0-PSG.edf,SC,EOG horizontal,100.0,7710000,-0.34337420377575995,71.66141566865485,71.66223832311937,-654.0,601.1111111111111,-215.33333333333331,245.55555555555554,0,0.011435812497811282
SC4041E0-PSG.edf,SC,Resp oro-nasal,1.0,77100,83.66317769130998,276.29060285355547,288.6797958406318,-1463.0,1633.0,-758.01,889.0,0,0.01363182401846976
SC4041E0-PSG.edf,SC,EMG submental,1.0,77100,2.2966469001297014,0.9229698518557468,2.47516874804729,-0.742,3.29,0.228,3.144,0,0.011958650566155204
SC4041E0-PSG.edf,SC,Temp rectal,1.0,77100,36.99027099552619,0.3203186608353133,36.99165787535002,35.95377128953771,38.175993511759934,36.08029197080292,37.64071370640714,0,0.02560344492146461
SC4041E0-PSG.edf,SC,Event marker,1.0,77100,902.9062127107652,29.277388614765833,903.3807582829056,90.0,1013.0,845.0,959.0,0,0.05109015681137239
SC4042E0-PSG.edf,SC,EEG Fpz-Cz,100.0,8376000,0.08790564039589827,31.551369399698466,31.551491856928752,-198.0,198.0,-91.43296703296704,94.72087912087912,0,0.0024259818839325264
SC4042E0-PSG.edf,SC,EEG Pz-Oz,100.0,8376000,-0.925452825853967,12.868664777702849,12.901898933636511,-201.00000000000003,194.11599511599513,-36.702075702075696,34.897435897435905,0,0.00411414053741707
SC4042E0-PSG.edf,SC,EOG horizontal,100.0,8376000,-5.740828961927385,69.9887111446974,70.22376239469082,-562.9191697191696,503.33186813186813,-232.89963369963368,211.408547008547,0,0.01146491340128152
SC4042E0-PSG.edf,SC,Resp oro-nasal,1.0,83760,91.9053605539637,329.980084902987,342.53970825458555,-1470.0,1681.0,-973.41,1145.0,0,0.011342064733342089
SC4042E0-PSG.edf,SC,EMG submental,1.0,83760,2.545554918815664,0.8280935576963239,2.6768617418545873,-0.562,3.394,0.338,3.2520000000000002,0,0.008882627538533172
SC4042E0-PSG.edf,SC,Temp rectal,1.0,83760,36.60597333604607,0.37661342347596294,36.60791064169134,35.12544378698225,38.28757396449704,35.945076923076925,37.31360946745562,0,0.02263637340464905
SC4042E0-PSG.edf,SC,Event marker,1.0,83760,972.3427172874881,26.647472189444496,972.7077914955257,100.0,1074.0,915.0,1032.0,0,0.020367960457980634
SC4051E0-PSG.edf,SC,EEG Fpz-Cz,100.0,8166000,1.1918639285497339,40.45211356013694,40.46966803800586,-180.00000000000003,182.0,-105.74358974358977,120.91526251526251,0,0.0018577049445321389
SC4051E0-PSG.edf,SC,EEG Pz-Oz,100.0,8166000,0.6829604520007231,17.775155461046495,17.788271041429763,-177.66105006105005,162.7020757020757,-47.804395604395594,53.554090354090356,0,0.0033272144589939494
SC4051E0-PSG.edf,SC,EOG horizontal,100.0,8166000,2.446863681628312,91.55703798933328,91.58972839383622,-552.4339438339437,497.3797313797315,-273.1579975579974,254.60757020757032,0,0.007948821881976343
SC4051E0-PSG.edf,SC,Resp oro-nasal,1.0,81660,-4.301273573352927,264.7223396704405,264.7572814389529,-1722.0,1670.0,-1253.82,1029.640000000014,0,0.020499883662547912
SC4051E0-PSG.edf,SC,EMG submental,1.0,81660,2.4940306147440614,0.6962206128461987,2.589384453694077,-3.722,3.408,0.376,3.182,0,0.012993056491017525
SC4051E0-PSG.edf,SC,Temp rectal,1.0,81660,14.059626444344623,0.15529693233591949,14.060484091655862,0.21469443808651864,16.038910505836576,13.88143739986267,14.77650720988786,0,0.009453948738044796
SC4051E0-PSG.edf,SC,Event marker,1.0,81660,780.4041513592946,82.32857792997042,784.7347540429136,85.0,1025.0,612.0,945.0,0,0.027039273074615167
SC4052E0-PSG.edf,SC,EEG Fpz-Cz,100.0,8418000,0.003266501139610169,31.072283431342385,31.072283603039285,-180.00000000000003,180.0,-93.40659340659343,98.15384615384615,0,0.002221432907380503
SC4052E0-PSG.edf,SC,EEG Pz-Oz,100.0,8418000,-0.06008767455980575,16.936846805496398,16.936953393142677,-182.0,169.91111111111113,-48.13333333333333,49.733333333333334,0,0.0030541732646391833
SC4052E0-PSG.edf,SC,EOG horizontal,100.0,8418000,0.6303776934767203,81.65496054554092,81.65739377258058,-556.3062271062272,499.57338217338213,-254.11086691086697,250.60048840048836,0,0.010452613985048688
SC4052E0-PSG.edf,SC,Resp oro-nasal,1.0,84180,-50.448586362556426,373.7186936613463,377.10836885161206,-2155.0,24147.0,-1334.21,1311.0,0,0.07293980684018579
SC4052E0-PSG.edf,SC,EMG submental,1.0,84180,2.235053171774769,1.2866030591310214,2.5789164609241912,-48.0,49.38,-0.928,4.0120000000000005,0,0.06374511457726986
SC4052E0-PSG.edf,SC,Temp rectal,1.0,84180,14.071885779641129,0.3762004555962202,14.076913588498616,4.36438544289311,29.114213778896772,13.667658503089951,15.432460517280845,0,0.06186816189310873
SC4052E0-PSG.edf,SC,Event marker,1.0,84180,807.913815633167,144.27533271158308,820.6948916131871,73.0,1328.0,547.0,1205.0,0,0.1753050048111762
SC4061E0-PSG.edf,SC,EEG Fpz-Cz,100.0,8310000,1.0088037361755766,41.8100995045328,41.82226805850032,-194.0,196.0,-121.6190476190476,123.42857142857142,0,0.0019687147637963464
SC4061E0-PSG.edf,SC,EEG Pz-Oz,100.0,8310000,0.9576932723861192,8.235370156844393,8.290868351639464,-187.00000000000003,189.0,-20.623443223443232,22.898901098901096,0,0.006241884767611032
SC4061E0-PSG.edf,SC,EOG horizontal,100.0,8310000,2.187042729047915,143.01744683562964,143.0341681392276,-810.130402930403,738.3579975579976,-388.976800976801,425.1360195360195,0,0.006190139819662839
SC4061E0-PSG.edf,SC,Resp oro-nasal,1.0,83100,37.269386281588446,384.03830299214513,385.8424877056607,-23825.0,24189.0,-819.01,968.0,0,0.07997689502882105
SC4061E0-PSG.edf,SC,EMG submental,1.0,83100,1.8409195427196148,1.2899368324260572,2.247870502145612,-48.744,6.106,-1.4400199999999999,3.3080000000000003,0,0.07487454722680177
SC4061E0-PSG.edf,SC,Temp rectal,1.0,83100,37.12641861887122,0.6568493215604467,37.13222873050986,4.347585259784842,71.95628290226595,35.60196841382467,38.935293202105726,0,0.0813367188534158
SC4061E0-PSG.edf,SC,Event marker,1.0,83100,703.5785078219013,136.9806135244251,716.7889544004017,67.0,24097.0,513.0,1042.0,0,0.23216885883103286
SC4062E0-PSG.edf,SC,EEG Fpz-Cz,100.0,8490000,0.17188098813368802,19.269379145670452,19.27014571127268,-146.49768009768013,156.87326007326007,-61.19755799755802,55.68840048840047,0,0.004918733708755841
SC4062E0-PSG.edf,SC,EEG Pz-Oz,100.0,8490000,-0.34291782284984157,19.572819625024806,19.5758233723893,-201.00000000000003,200.0,-57.638827838827844,53.407326007326006,0,0.003061252133394739
SC4062E0-PSG.edf,SC,EOG horizontal,100.0,8490000,-2.6692463448630726,92.02210964300158,92.0608143522432,-559.8551892551892,522.6356532356533,-250.89426129426127,274.5648351648352,0,0.011400484570653204
SC4062E0-PSG.edf,SC,Resp oro-nasal,1.0,84900,57.47166077738516,446.48456928578844,450.16826010151675,-2013.0,2184.0,-1146.0,1563.0,0,0.046678995041166564
SC4062E0-PSG.edf,SC,EMG submental,1.0,84900,3.2254159952885746,1.2684403984528825,3.4658692109037665,-0.056,4.418,-0.016,4.168,0,0.04566602669053817
SC4062E0-PSG.edf,SC,Temp rectal,1.0,84900,37.04144923080666,0.422607110826887,37.04385992156527,36.32408917890157,37.86623164763458,36.37955410549211,37.77596519847743,0,0.06054252700267376
SC4062E0-PSG.edf,SC,Event marker,1.0,84900,1334.2804122497055,37.28473182989867,1334.8012472802352,160.0,1474.0,1258.0,1406.0,0,0.05425270026737653
SC4071E0-PSG.edf,SC,EEG Fpz-Cz,100.0,8430000,2.4230596463007052,18.713854794196727,18.870070993714126,-185.22051282051285,174.53968253968253,-56.278144078144095,56.78363858363858,0,0.00437485690967605
SC4071E0-PSG.edf,SC,EEG Pz-Oz,100.0,8430000,2.424411022092443,10.638167115158744,10.910928850198239,-132.01929181929182,158.65616605616606,-27.455433455433457,32.71404151404151,0,0.004443658889275076
SC4071E0-PSG.edf,SC,EOG horizontal,100.0,8430000,6.109152614666115,54.585951154070024,54.92674948569053,-468.1638583638585,440.09768009768,-161.91501831501841,191.07936507936498,0,0.011970358209203094
SC4071E0-PSG.edf,SC,Resp oro-nasal,1.0,84300,172.68214709371293,483.75215206538667,513.6489740598998,-2141.0,2289.0,-1203.0,1608.0,0,0.00836308853011305
SC4071E0-PSG.edf,SC,EMG submental,1.0,84300,3.724515563463819,1.014452670458316,3.860198233651249,-0.014,4.774,0.39598000000000005,4.57,0,0.007236147522509164
SC4071E0-PSG.edf,SC,Temp rectal,1.0,84300,37.40885611919509,0.28083938855346036,37.409910276674054,34.91823260538344,37.94413407821229,36.961909598781105,37.85982732351447,0,0.015278947555724268
SC4071E0-PSG.edf,SC,Event marker,1.0,84300,1154.1199644128114,49.87772472242773,1155.1972470880094,114.0,1307.0,1031.0,1245.0,0,0.015195909797269244
SC4072E0-PSG.edf,SC,EEG Fpz-Cz,100.0,8310000,-0.36103415091929675,24.794987310482707,24.79761563911193,-181.0,180.0,-74.94798534798537,72.18485958485957,0,0.002208185569417051
SC4072E0-PSG.edf,SC,EEG Pz-Oz,100.0,8310000,-0.41814316137933805,13.203312392997494,13.2099319396615,-185.13846153846154,169.06593406593407,-37.57655677655678,37.506959706959705,0,0.0032202204816130947
SC4072E0-PSG.edf,SC,EOG horizontal,100.0,8310000,-5.090806944573015,70.03094123333388,70.2157321785765,-560.4700854700855,520.2136752136752,-213.46153846153848,227.23931623931622,0,0.00900121420122046
SC4072E0-PSG.edf,SC,Resp oro-nasal,1.0,83100,104.00232250300843,351.1509466013988,366.2287132176807,-2333.0,2351.0,-1072.01,1402.0,0,0.05033754918831755
SC4072E0-PSG.edf,SC,EMG submental,1.0,83100,3.6366078459687126,1.4370788406785224,3.910257308629079,-4.024,5.0280000000000005,-0.434,4.814,0,0.04888145465047714
SC4072E0-PSG.edf,SC,Temp rectal,1.0,83100,37.36097783471139,0.28399139261788314,37.36205716869558,35.28836754643206,38.39296187683284,36.83284457478006,38.173998044965785,0,0.06186596709948375
SC4072E0-PSG.edf,SC,Event marker,1.0,83100,1133.7356799037304,38.813010523657816,1134.3998596935226,121.0,1282.0,1055.0,1219.0,0,0.15151806880949228
SC4081E0-PSG.edf,SC,EEG Fpz-Cz,100.0,8388000,-1.367340278105293,26.877140532160652,26.91189890404695,-163.9076923076923,139.45494505494506,-69.68571428571427,76.9868131868132,0,0.002336674221118528
SC4081E0-PSG.edf,SC,EEG Pz-Oz,100.0,8388000,-0.8897256834724713,12.602140456265564,12.633509246099276,-139.8693528693529,128.03296703296704,-37.329670329670336,34.58730158730158,0,0.00375298492249037
SC4081E0-PSG.edf,SC,EOG horizontal,100.0,8388000,-2.388259923910233,95.39667794626682,95.42656835833465,-581.0476190476192,503.098901098901,-261.97069597069606,282.7838827838827,0,0.007962575062678902
SC4081E0-PSG.edf,SC,Resp oro-nasal,1.0,83880,48.74870052455889,98.09235146803172,109.53787116500389,-1430.0,1631.0,-64.0,163.0,0,0.020159992369961494
SC4081E0-PSG.edf,SC,EMG submental,1.0,83880,2.57380298044826,0.6904929714936309,2.6648156269893133,-1.454,3.19,0.08600000000000001,3.0340000000000003,0,0.008428808164141204
SC4081E0-PSG.edf,SC,Temp rectal,1.0,83880,37.14569224976609,0.4079606848567733,37.14793244091415,35.24446965399887,38.50141803743619,36.49007373794669,37.80260918888259,0,0.021924438774901942
SC4081E0-PSG.edf,SC,Event marker,1.0,83880,929.934191702432,31.765701763293595,930.4765771935208,117.0,1045.0,859.0,994.0,0,0.014890497025477175
SC4082E0-PSG.edf,SC,EEG Fpz-Cz,100.0,7902000,-7.373243317791911,35.56813758804956,36.32433245781377,-202.0,187.0,-116.5054945054945,101.22051282051281,0,0.0024639362995903563
SC4082E0-PSG.edf,SC,EEG Pz-Oz,100.0,7902000,0.11360828958156215,14.559006097220212,14.559449350245258,-197.0,197.0,-41.32429792429792,40.74700854700855,0,0.003985072114745779
SC4082E0-PSG.edf,SC,EOG horizontal,100.0,7902000,0.6392896409588894,82.252658410875,82.25514273831826,-485.5079365079365,502.6571428571429,-231.9777777777778,253.2984126984127,0,0.010454328593177162
SC4082E0-PSG.edf,SC,Resp oro-nasal,1.0,79020,76.54956972918248,270.848332738912,281.4580891947704,-1727.0,1962.0,-1025.62,1624.0,0,0.01795770637441628
SC4082E0-PSG.edf,SC,EMG submental,1.0,79020,1.395993166287016,1.9305901013057654,2.382430494176033,-0.786,3.872,-0.6960000000000001,3.7,0,0.009428112226173452
SC4082E0-PSG.edf,SC,Temp rectal,1.0,79020,37.023428301035516,0.31713998161608453,37.02478657507504,35.26999463231347,37.97852925389157,35.49543746645196,37.510466988727856,0,0.02323491818423417
SC4082E0-PSG.edf,SC,Event marker,1.0,79020,1066.804834219185,56.08472436121401,1068.2780773843936,99.0,1193.0,913.0,1144.0,0,0.014616737746617902
SC4091E0-PSG.edf,SC,EEG Fpz-Cz,100.0,8196000,0.1462248363208833,27.356397960378843,27.356788756529465,-190.39951159951158,153.9208791208791,-74.52063492063492,81.62686202686203,0,0.0026756987258403195
SC4091E0-PSG.edf,SC,EEG Pz-Oz,100.0,8196000,0.6224100883065868,15.051827099510126,15.064690283957843,-175.4339438339438,150.83858363858366,-42.62954822954821,43.356288156288166,0,0.003232068365139538
SC4091E0-PSG.edf,SC,EOG horizontal,100.0,8196000,2.7248346080251924,72.3846516698818,72.4359201019164,-515.4349206349207,508.47130647130643,-212.26715506715513,245.3445665445665,0,0.011270145522383507
SC4091E0-PSG.edf,SC,Resp oro-nasal,1.0,81960,93.93756710590532,325.5994337125071,338.8794147594123,-2055.0,2253.0,-1479.82,1658.820000000007,0,0.01343354604131334
SC4091E0-PSG.edf,SC,EMG submental,1.0,81960,3.2140994143484627,1.3514218337523107,3.4866568540734817,-2.314,4.368,0.112,4.208,0,0.007540355543625471
SC4091E0-PSG.edf,SC,Temp rectal,1.0,81960,37.304199294009805,0.2848833033145936,37.30528707118749,35.23750643997939,38.19165378670788,36.83565172591448,38.024729520865534,0,0.021425346819751338
SC4091E0-PSG.edf,SC,Event marker,1.0,81960,1283.609504636408,31.750330617764252,1284.0021198920438,143.0,1392.0,1211.0,1349.0,0,0.014287631620688393
SC4092E0-PSG.edf,SC,EEG Fpz-Cz,100.0,8574000,0.1862826553743063,35.222513922400495,35.22300651905495,-196.00000000000003,196.0,-93.85982905982908,101.99658119658118,0,0.001751809834161225
SC4092E0-PSG.edf,SC,EEG Pz-Oz,100.0,8574000,0.11264539851719703,17.358966250527157,17.359331734624707,-186.0,168.28571428571428,-50.19047619047619,48.646153846153844,0,0.0026102199792628635
SC4092E0-PSG.edf,SC,EOG horizontal,100.0,8574000,0.9390084441334259,75.7394292708409,75.7452499047357,-513.2615384615385,504.21538461538466,-226.8,254.8,0,0.009056460294448676
SC4092E0-PSG.edf,SC,Resp oro-nasal,1.0,85740,39.00702122696524,134.9655517553994,140.4893158415981,-1600.0,2064.0,-46.0,196.0,0,0.021262202731545738
SC4092E0-PSG.edf,SC,EMG submental,1.0,85740,2.6695441101003032,1.0966039425486933,2.8860017260189843,-2.852,4.088,0.14200000000000002,3.448,0,0.010765229358868193
SC4092E0-PSG.edf,SC,Temp rectal,1.0,85740,37.17949397626068,0.646862669912237,37.18512072919126,35.1875,38.697745901639344,35.33299180327869,38.01946721311476,0,0.026988884871528708
SC4092E0-PSG.edf,SC,Event marker,1.0,85740,1005.3095288080243,32.90630583974303,1005.8479376507319,71.0,1143.0,936.0,1069.0,0,0.024527927780823196
SC4101E0-PSG.edf,SC,EEG Fpz-Cz,100.0,8160000,-0.9057764563432043,19.016355687188874,19.037915185506673,-172.8285714285714,151.31013431013432,-62.53992673992672,52.5809523809524,0,0.0039644656427275035
SC4101E0-PSG.edf,SC,EEG Pz-Oz,100.0,8160000,0.07017008547008549,8.930527652122972,8.930803322558837,-164.2026862026862,183.13308913308913,-24.451770451770454,24.822954822954824,0,0.006481625590227439
SC4101E0-PSG.edf,SC,EOG horizontal,100.0,8160000,-0.5925689534104541,69.34137750159212,69.34390940654308,-552.331623931624,507.1062271062271,-206.9440781440782,227.803663003663,0,0.009504913608962755
SC4101E0-PSG.edf,SC,Resp oro-nasal,1.0,81600,186.27192401960784,481.4637577130299,516.240815578464,-2046.0,2253.0,-1115.01,1701.0,0,0.006789298888466771
SC4101E0-PSG.edf,SC,EMG submental,1.0,81600,3.0756327450980394,1.4411922069858616,3.3965499790516964,-1.312,4.444,0.08,4.246,0,0.007107930244243189
SC4101E0-PSG.edf,SC,Temp rectal,1.0,81600,36.32745076203208,0.4501351648733893,36.330239478078326,34.336,37.65236363636364,34.528,37.04036363636364,0,0.012806529491782988
SC4101E0-PSG.edf,SC,Event marker,1.0,81600,1017.6780514705882,30.937085725129595,1018.1481816111726,91.0,1153.0,949.0,1088.0,0,0.014583512052843785
SC4102E0-PSG.edf,SC,EEG Fpz-Cz,100.0,8574000,0.6463820494877334,21.900762488943112,21.91029911596364,-191.99999999999997,180.8717948717949,-66.48717948717947,64.1965811965812,0,0.0039071657419707745
SC4102E0-PSG.edf,SC,EEG Pz-Oz,100.0,8574000,0.6238333865082836,7.182195211187062,7.209236862922504,-173.5101343101343,169.83369963369967,-18.252503052503034,19.72014652014654,0,0.006217641961327223
SC4102E0-PSG.edf,SC,EOG horizontal,100.0,8574000,0.7712484817517711,65.40090284336365,65.40545020827923,-559.4444444444445,533.8698412698412,-195.4981684981685,215.66275946275945,0,0.011724996180308117
SC4102E0-PSG.edf,SC,Resp oro-nasal,1.0,85740,181.6536389083275,494.8688896811748,527.1558237399221,-1993.0,2163.0,-1128.0,1698.6100000000006,0,0.012328112061022405
SC4102E0-PSG.edf,SC,EMG submental,1.0,85740,3.1760613715885238,1.116511470470989,3.366595268188629,-2.462,4.398,0.368,4.208,0,0.011814926696135947
SC4102E0-PSG.edf,SC,Temp rectal,1.0,85740,36.49763301736752,0.5215204135551191,36.501358870762466,34.41672727272727,38.044,35.67890909090909,37.31527272727273,0,0.01707507668622214
SC4102E0-PSG.edf,SC,Event marker,1.0,85740,983.6067879636109,40.03024941610905,984.4210147068213,127.0,1120.0,885.0,1066.0,0,0.029636454822192935
SC4111E0-PSG.edf,SC,EEG Fpz-Cz,100.0,7926000,-1.2919935945961536,34.378861594088164,34.40313026388656,-189.46153846153842,172.71428571428572,-80.67032967032965,86.67032967032968,0,0.003024227888251184
SC4111E0-PSG.edf,SC,EEG Pz-Oz,100.0,7926000,-0.3423268952092509,20.236597560682505,20.239492793452232,-174.0285714285714,157.42857142857144,-59.68571428571428,61.51428571428572,0,0.003387589436776983
SC4111E0-PSG.edf,SC,EOG horizontal,100.0,7926000,-0.4620115929489738,71.02287572478512,71.02437842691968,-523.1714285714285,454.55238095238104,-200.12380952380943,228.4190476190477,0,0.011146872504254989
SC4111E0-PSG.edf,SC,Resp oro-nasal,1.0,79260,65.69183699217764,134.17210683791518,149.39066805102576,-1376.0,1568.0,-338.40999999999997,450.0,0,0.012049104833520483
SC4111E0-PSG.edf,SC,EMG submental,1.0,79260,2.7703773151652786,0.2995029056827296,2.7865197754357993,-1.078,3.164,1.67,3.0220000000000002,0,0.012074338560920526
SC4111E0-PSG.edf,SC,Temp rectal,1.0,79260,37.16405809648338,0.4853500015331627,37.16722721461449,35.26872727272727,38.92872727272727,35.386545454545455,37.85527272727273,0,0.020388851739234663
SC4111E0-PSG.edf,SC,Event marker,1.0,79260,893.3266464799394,26.118879682805396,893.7083938214855,64.0,998.0,841.0,948.0,0,0.02168838870033687
SC4112E0-PSG.edf,SC,EEG Fpz-Cz,100.0,8340000,0.17983144327029224,30.319475580122546,30.32000888524994,-199.0,199.0,-80.23174603174603,88.88180708180708,0,0.002299762949356054
SC4112E0-PSG.edf,SC,EEG Pz-Oz,100.0,8340000,1.1036549856964373,14.076127494162815,14.119327872082957,-153.00586080586078,157.0053724053724,-37.99047619047618,41.903052503052514,0,0.0030671499606114636
SC4112E0-PSG.edf,SC,EOG horizontal,100.0,8340000,1.4806643390342957,77.98993498639207,78.00398916764799,-497.6114774114774,419.3611721611722,-211.37802197802196,247.80757020757025,0,0.008500010191858743
SC4112E0-PSG.edf,SC,Resp oro-nasal,1.0,83400,33.62589928057554,190.6163355716955,193.5595218252221,-1659.0,1791.0,-619.01,542.0,0,0.026942769097950816
SC4112E0-PSG.edf,SC,EMG submental,1.0,83400,3.2216841247002406,0.5625829731778287,3.2704354757516856,-2.868,4.054,-0.076,3.5,0,0.025503902924495496
SC4112E0-PSG.edf,SC,Temp rectal,1.0,83400,37.24818575539569,0.5663800027522559,37.25249157272543,35.03527272727273,38.784727272727274,36.33672727272727,38.16509090909091,0,0.03476060864039137
SC4112E0-PSG.edf,SC,Event marker,1.0,83400,982.8764988009592,29.959215670122997,983.3329886151491,78.0,1119.0,918.0,1046.0,0,0.056175733521984676
SC4121E0-PSG.edf,SC,EEG Fpz-Cz,100.0,8358000,1.1558279531268962,23.730355353570726,23.75848697758282,-168.7330891330891,155.52136752136752,-67.49645909645908,74.56703296703299,0,0.003649202738936036
SC4121E0-PSG.edf,SC,EEG Pz-Oz,100.0,8358000,0.1558389240814223,7.696229799779349,7.697807408689212,-104.99120879120879,140.27472527472528,-21.786813186813188,22.29230769230769,0,0.007759042544918097
SC4121E0-PSG.edf,SC,EOG horizontal,100.0,8358000,0.832454120243639,68.78039310854375,68.78543055057612,-570.559706959707,516.1069597069597,-234.2901098901099,222.34871794871796,0,0.013445816518086287
SC4121E0-PSG.edf,SC,Resp oro-nasal,1.0,83580,-24.115996649916248,638.8805094578087,639.3355039879202,-2987.0,2711.0,-1731.0,1841.0,0,0.04076382823436509
SC4121E0-PSG.edf,SC,EMG submental,1.0,83580,3.1538662837999527,1.4003562362617872,3.450778191151584,-1.8880000000000001,5.974,-0.01,4.868,0,0.03968700271599325
SC4121E0-PSG.edf,SC,Temp rectal,1.0,83580,36.772004046205055,0.360235696533632,36.77376852229287,34.17454545454545,40.937090909090905,36.20363636363636,37.45163636363636,0,0.04505916557987054
SC4121E0-PSG.edf,SC,Event marker,1.0,83580,976.7882388131131,117.87797474656239,983.8752362032366,-350.0,1705.0,738.0,1268.0,0,0.043419997846348965
SC4122E0-PSG.edf,SC,EEG Fpz-Cz,100.0,7818000,0.4544170153032989,23.006531739639417,23.01101904546676,-153.76410256410253,138.28717948717951,-63.79487179487177,68.45641025641028,0,0.003000771297993474
SC4122E0-PSG.edf,SC,EEG Pz-Oz,100.0,7818000,-0.058368510537812106,7.526768559664379,7.526994874036688,-143.03076923076924,146.44615384615386,-20.630769230769232,20.907692307692308,0,0.006829121040062727
SC4122E0-PSG.edf,SC,EOG horizontal,100.0,7818000,1.6682673772774679,69.96928795087786,69.98917325126051,-546.2888888888889,515.5777777777777,-228.02222222222227,216.37777777777774,0,0.013598124326073581
SC4122E0-PSG.edf,SC,Resp oro-nasal,1.0,78180,-37.4168073676132,505.9079690649342,507.28975017931475,-1493.0,1650.0,-1248.0,1339.0,0,0.013750495657401603
SC4122E0-PSG.edf,SC,EMG submental,1.0,78180,2.523232489127654,0.6989448839567993,2.618248678983477,0.188,3.298,0.528,3.108,0,0.009401501682037376
SC4122E0-PSG.edf,SC,Temp rectal,1.0,78180,36.79172379822787,0.40272785194787014,36.79392789262681,35.31672727272727,38.855636363636364,36.02254545454545,37.44509090909091,0,0.020158866191688305
SC4122E0-PSG.edf,SC,Event marker,1.0,78180,941.6575850601176,33.23514014097226,942.2439079354363,-135.0,1028.0,851.0,999.0,0,0.018662300617812967
SC4131E0-PSG.edf,SC,EEG Fpz-Cz,100.0,8442000,-0.037734436833797236,26.96477759879553,26.96480400151702,-192.0,192.0,-82.47326007326008,77.4095238095238,0,0.00217839632598475
SC4131E0-PSG.edf,SC,EEG Pz-Oz,100.0,8442000,0.39781849751764353,10.224378125752379,10.232114523173141,-180.0,172.71330891330894,-26.431746031746034,27.60805860805861,0,0.004459848921877425
SC4131E0-PSG.edf,SC,EOG horizontal,100.0,8442000,1.9134227335327347,72.1302535873098,72.15562811816424,-559.1802197802198,487.1186813186813,-213.73406593406597,242.18241758241757,0,0.010529507853006222
SC4131E0-PSG.edf,SC,Resp oro-nasal,1.0,84420,113.19077232883203,393.3362363108822,409.29884648702307,-1880.0,1964.0,-911.0,1217.0,0,0.010424193605704877
SC4131E0-PSG.edf,SC,EMG submental,1.0,84420,2.6715228381900027,1.3090441788936251,2.975000997859673,-1.508,4.214,0.25,3.9836199999999953,0,0.006183442116111302
SC4131E0-PSG.edf,SC,Temp rectal,1.0,84420,12.952460945273632,0.1876593105163207,12.953820307371188,0.164,15.619,12.825000000000001,13.09,0,0.008374891908219714
SC4131E0-PSG.edf,SC,Event marker,1.0,84420,932.6226723525231,34.988568310287626,933.2787626954581,112.0,1077.0,858.0,1007.0,0,0.018017270993496724
SC4141E0-PSG.edf,SC,EEG Fpz-Cz,100.0,8268000,-0.03979613243283151,25.68126364453651,25.68129447890719,-186.99999999999997,187.0,-71.55775335775333,73.20170940170942,0,0.002097244916841941
SC4141E0-PSG.edf,SC,EEG Pz-Oz,100.0,8268000,-0.1116981907089517,11.496270869972898,11.496813489032297,-165.8715506715507,152.09865689865688,-30.805372405372427,31.90720390720389,0,0.003803826564860383
SC4141E0-PSG.edf,SC,EOG horizontal,100.0,8268000,0.4354817123020895,81.40169128443483,81.40285614330858,-464.63638583638584,470.1352869352869,-235.6923076923077,257.1873015873016,0,0.010686998895741286
SC4141E0-PSG.edf,SC,Resp oro-nasal,1.0,82680,62.68986453797775,194.70304934718024,204.54656325854145,-1674.0,1837.0,-572.0,718.0,0,0.017525611098344197
SC4141E0-PSG.edf,SC,EMG submental,1.0,82680,2.8500644654088054,1.1826497624095338,3.085697314629759,-2.1,3.914,-0.022520000000000436,3.668,0,0.01796103000761983
SC4141E0-PSG.edf,SC,Temp rectal,1.0,82680,14.236047518011569,0.08773874925564475,14.236317888527367,9.131609063859006,15.51842526894026,14.178530556191348,14.292973220416572,0,0.016812007885920247
SC4141E0-PSG.edf,SC,Event marker,1.0,82680,1042.7409288824383,26.501119705206396,1043.0776357070647,90.0,1159.0,971.0,1095.0,0,0.03806286965251152
SC4142E0-PSG.edf,SC,EEG Fpz-Cz,100.0,8322000,0.16385093209548868,26.478456768397304,26.478963725263746,-178.0,178.0,-73.85152625152625,77.58974358974359,0,0.002185775277307471
SC4142E0-PSG.edf,SC,EEG Pz-Oz,100.0,8322000,-0.3901348816075032,11.996525923882013,12.002867968457371,-177.12112332112335,147.64664224664224,-32.63296703296705,33.66056166056164,0,0.003721465659055106
SC4142E0-PSG.edf,SC,EOG horizontal,100.0,8322000,-2.029999431314596,96.09149939524342,96.11293957484195,-531.0468864468866,484.9589743589743,-270.03003663003676,292.091575091575,0,0.008248027214644574
SC4142E0-PSG.edf,SC,Resp oro-nasal,1.0,83220,47.47945205479452,201.38168231952127,206.9030699174474,-1498.0,1602.0,-562.81,641.0,0,0.012461096624568908
SC4142E0-PSG.edf,SC,EMG submental,1.0,83220,2.6049237442922375,1.0152969523104263,2.7957924842427646,-1.004,3.604,-0.754,3.3040000000000003,0,0.010886936877395788
SC4142E0-PSG.edf,SC,Temp rectal,1.0,83220,36.73350334740961,0.5546968216920423,36.73769122764996,35.21766233766234,38.311688311688314,35.88051948051948,37.566753246753244,0,0.021100950504091612
SC4142E0-PSG.edf,SC,Event marker,1.0,83220,919.0907354001442,27.92207240835514,919.5147753168272,73.0,1049.0,860.0,981.0,0,0.02019971400761845
SC4151E0-PSG.edf,SC,EEG Fpz-Cz,100.0,7860000,0.46986289209517723,21.675111834877264,21.680203970253725,-159.27472527472526,138.7084249084249,-59.50866910866911,67.34676434676433,0,0.0029465686343112395
SC4151E0-PSG.edf,SC,EEG Pz-Oz,100.0,7860000,0.9605207506206095,9.71460970219018,9.761979398577944,-136.74896214896214,143.7912087912088,-28.949206349206335,30.60146520146521,0,0.005979651373602257
SC4151E0-PSG.edf,SC,EOG horizontal,100.0,7860000,5.780125698130002,71.86734923508088,72.09941566450628,-453.6190476190476,488.7809523809524,-204.14603174603172,236.41269841269843,0,0.0112697344398657
SC4151E0-PSG.edf,SC,Resp oro-nasal,1.0,78600,77.19433842239185,425.34329641191255,432.29143605561154,-1494.0,1722.0,-1091.0,1349.0,0,0.014414941665924504
SC4151E0-PSG.edf,SC,EMG submental,1.0,78600,2.8965202544529265,0.5936311151182833,2.956725804888343,-0.048,3.404,0.266,3.2680000000000002,0,0.00986017633812135
SC4151E0-PSG.edf,SC,Temp rectal,1.0,78600,14.283891970784218,0.0682722922669344,14.28405512937153,8.864728770885787,14.346074616617075,14.251773861295492,14.314030670634013,0,0.01229023270016158
SC4151E0-PSG.edf,SC,Event marker,1.0,78600,993.5553944020356,25.37434660856055,993.8793584792854,115.0,1091.0,942.0,1045.0,0,0.018626191172915686
SC4152E0-PSG.edf,SC,EEG Fpz-Cz,100.0,8592000,-0.02302281703399018,26.431625638227075,26.43163566504138,-192.0,192.0,-72.62710622710622,78.44102564102565,0,0.00231145520420764
SC4152E0-PSG.edf,SC,EEG Pz-Oz,100.0,8592000,-0.09384946061077347,12.383708834589836,12.384064446745882,-173.39365079365078,146.52918192918193,-35.58363858363858,34.169719169719166,0,0.0040456285447259595
SC4152E0-PSG.edf,SC,EOG horizontal,100.0,8592000,-1.4916100162174568,77.13628083991851,77.15070137241305,-527.8368742368742,483.8969474969475,-229.02246642246638,242.02197802197804,0,0.009631063350865166
SC4152E0-PSG.edf,SC,Resp oro-nasal,1.0,85920,31.92161312849162,485.1249097278548,486.17400940731534,-1707.0,1887.0,-1345.0,1484.0,0,0.015898695282766325
SC4152E0-PSG.edf,SC,EMG submental,1.0,85920,3.348759962756052,0.5947724368193256,3.40116855503486,-1.576,3.7840000000000003,0.394,3.664,0,0.0146766140201818
SC4152E0-PSG.edf,SC,Temp rectal,1.0,85920,36.09769534001929,0.5346847627878478,36.10165504040511,35.15566265060241,37.75807228915662,35.32837590361446,37.17879518072289,0,0.021194380753965944
SC4152E0-PSG.edf,SC,Event marker,1.0,85920,1083.297672253259,43.92493712753548,1084.1878281972117,88.0,1218.0,1020.0,1137.0,0,0.02590812276679198
SC4161E0-PSG.edf,SC,EEG Fpz-Cz,100.0,7878000,0.6865861309884185,31.193325491101806,31.2008806880365,-190.0,191.0,-95.19287179487182,95.16849816849818,0,0.0028611358988777594
SC4161E0-PSG.edf,SC,EEG Pz-Oz,100.0,7878000,-0.8221644176251953,21.389639387095375,21.40543453050162,-211.0,209.0,-65.35897435897435,64.28307692307789,0,0.004715669859951587
SC4161E0-PSG.edf,SC,EOG horizontal,100.0,7878000,-0.516866290849931,85.43362813956176,85.4351916241284,-694.6212454212454,712.2363858363859,-274.77631257631253,298.927960927961,0,0.010822557530537612
SC4161E0-PSG.edf,SC,Resp oro-nasal,1.0,78780,137.25107895404926,671.8827580118129,685.7581929423892,-2473.0,2667.0,-1327.0,2090.0,0,0.007743180289163356
SC4161E0-PSG.edf,SC,EMG submental,1.0,78780,4.150467910637217,1.2652812496514154,4.33904603777705,-2.142,5.2860000000000005,0.58,5.11,0,0.006638825067594156
SC4161E0-PSG.edf,SC,Temp rectal,1.0,78780,36.862839567980465,0.5313548788574475,36.8666689439384,34.31818181818182,37.86713286713287,34.72144522144522,37.51398601398601,0,0.012401782200840325
SC4161E0-PSG.edf,SC,Event marker,1.0,78780,1167.7415968519929,49.392329797161025,1168.7857114378298,179.0,1594.0,1028.0,1262.0,0,0.012465250891735107
SC4162E0-PSG.edf,SC,EEG Fpz-Cz,100.0,8256000,-0.020643616245941812,27.99303195443606,27.993039566309502,-184.0,184.0,-88.74236874236874,83.44029304029304,0,0.0029021352981289947
SC4162E0-PSG.edf,SC,EEG Pz-Oz,100.0,8256000,-0.08707548414120275,15.63172132904049,15.631963851311772,-188.00000000000003,188.0,-46.32283272283275,47.424664224664205,0,0.004878881878490647
SC4162E0-PSG.edf,SC,EOG horizontal,100.0,8256000,0.5335953264758788,68.7614618880964,68.76353223155837,-624.878144078144,541.0336996336997,-222.10012210012206,237.5516483516484,0,0.013909900569162512
SC4162E0-PSG.edf,SC,Resp oro-nasal,1.0,82560,51.499927325581396,496.9740788788829,499.635344618507,-2075.0,2083.0,-1136.0,1590.0,0,0.009992853595610411
SC4162E0-PSG.edf,SC,EMG submental,1.0,82560,2.7909901405038764,1.4700428841367994,3.154465413598806,-1.068,4.492,-0.85,4.16,0,0.004699669327390109
SC4162E0-PSG.edf,SC,Temp rectal,1.0,82560,36.75952008276977,0.6132848504870068,36.764635657427526,34.38702928870293,37.64958158995815,35.05857740585774,37.53974895397489,0,0.018883465158250463
SC4162E0-PSG.edf,SC,Event marker,1.0,82560,939.2703003875969,46.65448804306966,940.4282739501016,125.0,1140.0,836.0,1054.0,0,0.010925519931200717
SC4171E0-PSG.edf,SC,EEG Fpz-Cz,100.0,8226000,-0.8009914351796267,23.70138088914761,23.71491183478619,-205.00000000000003,172.1135531135531,-64.81538461538463,68.39487179487179,0,0.002329202928766021
SC4171E0-PSG.edf,SC,EEG Pz-Oz,100.0,8226000,0.15718342971017846,19.218848728479202,19.21949148855772,-181.00000000000003,181.0,-60.863736263736286,70.58778998778998,0,0.0039910089849367674
SC4171E0-PSG.edf,SC,EOG horizontal,100.0,8226000,1.3662493835471705,47.25172400152539,47.27147193069383,-508.2400488400489,450.698901098901,-143.8869352869354,156.24566544566534,0,0.011485547636211568
SC4171E0-PSG.edf,SC,Resp oro-nasal,1.0,82260,174.60009725261366,551.8489716073851,578.811265806697,-1987.0,2239.0,-1373.4099999999999,1923.0,0,0.010345372542822062
SC4171E0-PSG.edf,SC,EMG submental,1.0,82260,3.2712337466569417,1.215253901813558,3.4896722297574434,-0.044,4.474,0.24,4.242,0,0.00707521365443295
SC4171E0-PSG.edf,SC,Temp rectal,1.0,82260,14.072704737314154,0.07091417256686419,14.07288340900667,7.4781414511329825,15.143053330281528,14.000457770656901,14.122682536049439,0,0.007488542287166146
SC4171E0-PSG.edf,SC,Event marker,1.0,82260,1062.1971675176271,30.0911063198584,1062.623309250283,117.0,1179.0,991.0,1126.0,0,0.01570648804386146
SC4172E0-PSG.edf,SC,EEG Fpz-Cz,100.0,8172000,0.6473472585444677,23.70110514994771,23.709943985636556,-188.0,189.0,-64.45079365079366,67.56825396825397,0,0.001852669912714039
SC4172E0-PSG.edf,SC,EEG Pz-Oz,100.0,8172000,-0.9150395220703661,28.351485157940765,28.3662476896026,-191.0,189.0,-82.24297924297925,114.67032967032966,0,0.00323054727183954
SC4172E0-PSG.edf,SC,EOG horizontal,100.0,8172000,-5.183397567559962,43.7526909790457,44.05866064976617,-500.0774114774115,406.20048840048844,-142.67814407814407,140.64200244200245,0,0.011107453631245266
SC4172E0-PSG.edf,SC,Resp oro-nasal,1.0,81720,112.25198237885462,331.398606488488,349.89361801909786,-2111.0,2133.0,-1056.0,1073.0,0,0.008981999290250738
SC4172E0-PSG.edf,SC,EMG submental,1.0,81720,3.778078340675477,0.6900281689120431,3.8405748036164162,-1.248,4.51,1.254,4.284,0,0.009141081021549455
SC4172E0-PSG.edf,SC,Temp rectal,1.0,81720,14.03996973067154,0.07353814021919677,14.040162317303887,6.796978713664454,14.96360723277638,13.977111467154955,14.098878461890592,0,0.007868427171159705
SC4172E0-PSG.edf,SC,Event marker,1.0,81720,1038.5345570239842,33.554782832582966,1039.0764888033725,105.0,1698.0,963.0,1111.0,0,0.016263047761230557
SC4181E0-PSG.edf,SC,EEG Fpz-Cz,100.0,8268000,-0.36718609786439327,24.558476904137745,24.56122174244457,-155.42857142857142,161.62857142857143,-65.5142857142857,73.42857142857143,0,0.002717710108502792
SC4181E0-PSG.edf,SC,EEG Pz-Oz,100.0,8268000,-0.3866451654967566,10.217841844489598,10.225154592621303,-114.45543345543345,125.15873015873017,-29.671550671550666,29.105006105006108,0,0.004223517444989653
SC4181E0-PSG.edf,SC,EOG horizontal,100.0,8268000,-5.251768809178255,69.70924093129477,69.90679042011841,-444.3406593406594,427.3736263736264,-204.43296703296704,228.1956043956044,0,0.010396722782683578
SC4181E0-PSG.edf,SC,Resp oro-nasal,1.0,82680,85.76580793420416,416.42060294557905,425.1610193422798,-1441.0,1666.0,-1162.0,1369.0,0,0.013667315763374013
SC4181E0-PSG.edf,SC,EMG submental,1.0,82680,2.7987057813255927,0.4925203398661462,2.841712570899309,-0.962,3.38,1.198,3.196,0,0.009518741155553406
SC4181E0-PSG.edf,SC,Temp rectal,1.0,82680,35.65577915292255,0.4039066129290917,35.658066794961755,27.77090909090909,38.332,35.324363636363636,36.60945454545455,0,0.013546366066353004
SC4181E0-PSG.edf,SC,Event marker,1.0,82680,927.1265118529269,23.366005363612654,927.4209072407349,88.0,1032.0,879.0,975.0,0,0.01995670000846648
SC4182E0-PSG.edf,SC,EEG Fpz-Cz,100.0,8526000,0.17237960300704847,23.07413735197411,23.074781239814577,-182.0952380952381,199.97460317460317,-63.644444444444446,68.82539682539682,0,0.0032441980344804534
SC4182E0-PSG.edf,SC,EEG Pz-Oz,100.0,8526000,0.5985712785455181,11.316068357924244,11.331888221153346,-184.0,168.78021978021977,-31.62417582417583,33.07472527472527,0,0.004303312577190449
SC4182E0-PSG.edf,SC,EOG horizontal,100.0,8526000,0.8742512400623573,69.60841345868398,69.61390334887025,-543.268376068376,451.77533577533575,-205.06275946275946,240.1123321123321,0,0.0100457542173988
SC4182E0-PSG.edf,SC,Resp oro-nasal,1.0,85260,51.44381890687309,350.62865437822296,354.3824484576042,-24129.0,24138.0,-510.0,670.0,0,0.09759673465557889
SC4182E0-PSG.edf,SC,EMG submental,1.0,85260,1.7899865822190948,1.121775541988645,2.112447000785656,-3.228,49.148,-1.156,2.574,0,0.08815491619653057
SC4182E0-PSG.edf,SC,Temp rectal,1.0,85260,35.950258898138614,1.1670947206060585,35.96919828033509,2.1645685511558654,72.8461890592813,34.72634470130464,38.78146028839551,0,0.086536318746408
SC4182E0-PSG.edf,SC,Event marker,1.0,85260,641.682817264837,182.0637752089675,667.0112864234604,-163.0,24238.0,586.0,703.0,0,0.31472337231260045
SC4191E0-PSG.edf,SC,EEG Fpz-Cz,100.0,8322000,-0.8590045875724316,21.21761261562241,21.234994089664603,-183.0,181.0,-61.13333333333333,62.51111111111111,0,0.0023888517049407655
SC4191E0-PSG.edf,SC,EEG Pz-Oz,100.0,8322000,-0.4208364435559265,10.293051796668184,10.301651256042353,-174.00000000000006,147.74822954822955,-28.166788766788784,27.67521367521366,0,0.004859414635201436
SC4191E0-PSG.edf,SC,EOG horizontal,100.0,8322000,-3.0526810392684514,37.712655774384125,37.836004903857095,-509.8703296703298,455.9494505494505,-124.72747252747263,121.17142857142848,0,0.019008674607876242
SC4191E0-PSG.edf,SC,Resp oro-nasal,1.0,83220,25.87220620043259,602.5157962162767,603.0710204808481,-1593.0,1767.0,-1372.0,1612.0,0,0.12822792871820138
SC4191E0-PSG.edf,SC,EMG submental,1.0,83220,1.5404341985099734,1.6067432188252548,2.2258843840550218,-3.168,3.576,-1.166,3.336,0,0.1271224119491943
SC4191E0-PSG.edf,SC,Temp rectal,1.0,83220,36.38776259522474,0.5407179087488778,36.39177987600055,32.910714285714285,39.00595238095238,35.28391865079365,37.300595238095234,0,0.13532967231040988
SC4191E0-PSG.edf,SC,Event marker,1.0,83220,976.8454097572699,79.56936835941734,980.0807308303562,114.0,1294.0,678.0,1065.0,0,0.3059637823093284
SC4192E0-PSG.edf,SC,EEG Fpz-Cz,100.0,7830000,0.6632697619281428,22.835201752284075,22.844832366305646,-199.0,200.0,-62.6871794871795,68.55897435897435,0,0.0025351245659317573
SC4192E0-PSG.edf,SC,EEG Pz-Oz,100.0,7830000,0.09475432214160195,9.415781710245184,9.416258471205655,-160.82319902319904,145.62124542124542,-26.314774114774117,26.6996336996337,0,0.005879956423954565
SC4192E0-PSG.edf,SC,EOG horizontal,100.0,7830000,0.9795944144574033,25.230834052696796,25.249843409644374,-545.208547008547,450.15164835164836,-75.3985347985348,77.88693528693528,0,0.02318649193677131
SC4192E0-PSG.edf,SC,Resp oro-nasal,1.0,78300,36.94948914431673,646.333430168302,647.3887299769355,-1730.0,1902.0,-1482.0,1758.0,0,0.017995121265916552
SC4192E0-PSG.edf,SC,EMG submental,1.0,78300,3.2306000255427847,0.6457208736059815,3.294500261291158,-2.174,3.894,0.506,3.728,0,0.01449571514323299
SC4192E0-PSG.edf,SC,Temp rectal,1.0,78300,36.422136894755624,0.7775685187621307,36.43043602239326,23.114526432737712,37.676974354226466,35.27247477085455,37.31238866771595,0,0.026181688144165317
SC4192E0-PSG.edf,SC,Event marker,1.0,78300,1072.9868326947637,38.01799792652293,1073.660147021711,90.0,1216.0,942.0,1141.0,0,0.03734402738221433
SC4201E0-PSG.edf,SC,EEG Fpz-Cz,100.0,8412000,0.6980435972333374,43.18933968324479,43.19498034654423,-197.0,198.00000000000003,-133.33699633699632,145.52625152625154,0,0.003673328189881348
SC4201E0-PSG.edf,SC,EEG Pz-Oz,100.0,8412000,0.15938974962798058,23.3394504915513,23.339994737357184,-185.0,185.0,-72.14774114774114,81.36385836385836,0,0.0031835510978971684
SC4201E0-PSG.edf,SC,EOG horizontal,100.0,8412000,-2.095189298734191,83.71552252289271,83.74173708180706,-570.992673992674,547.7326007326008,-239.41758241758237,261.5787545787546,0,0.008831441787258426
SC4201E0-PSG.edf,SC,Resp oro-nasal,1.0,84120,194.37719923918212,51.695304305690804,201.13403508935696,-1799.0,2011.0,90.0,303.0,0,0.012208894542255613
SC4201E0-PSG.edf,SC,EMG submental,1.0,84120,3.330470399429387,0.6897197959580795,3.401138997220165,0.422,4.216,0.754,4.054,0,0.007857915571987303
SC4201E0-PSG.edf,SC,Temp rectal,1.0,84120,14.504275392296721,0.5060805469471833,14.513101742066805,12.812,15.518,13.052,15.207,0,0.012422877114563892
SC4201E0-PSG.edf,SC,Event marker,1.0,84120,942.9443889681407,73.92443657874853,945.8376937984581,135.0,1131.0,786.0,1063.0,0,0.014372496106705976
SC4202E0-PSG.edf,SC,EEG Fpz-Cz,100.0,8010000,0.16081237647078273,25.022137708930472,25.022654458412422,-188.00000000000003,177.99169719169717,-71.84859584859588,73.40952380952379,0,0.0038077450783334313
SC4202E0-PSG.edf,SC,EEG Pz-Oz,100.0,8010000,-0.36529986570510387,13.507462402308661,13.512401139015457,-166.990231990232,167.63736263736263,-38.60073260073259,37.600732600732606,0,0.0033620516380170264
SC4202E0-PSG.edf,SC,EOG horizontal,100.0,8010000,-2.7007984299844807,95.0478794509023,95.08624348596736,-590.5257631257631,525.3418803418804,-263.07228327228324,289.90012210012213,0,0.008071171125057584
SC4202E0-PSG.edf,SC,Resp oro-nasal,1.0,80100,177.35423220973783,87.36886953307027,197.70645676404263,-1854.0,2035.0,86.0,349.0,0,0.012334735764491442
SC4202E0-PSG.edf,SC,EMG submental,1.0,80100,3.333992559300874,0.5517615190254032,3.3793412315643434,0.494,4.062,1.44398,3.882,0,0.0092635363737375
SC4202E0-PSG.edf,SC,Temp rectal,1.0,80100,13.77644034956305,0.7152607744770405,13.794995711509818,12.648,15.637,12.805,15.025,0,0.009688011086280727
SC4202E0-PSG.edf,SC,Event marker,1.0,80100,938.7301373283395,33.97068771127024,939.3446004273724,83.0,1051.0,854.0,1005.0,0,0.015892832619633205
SC4211E0-PSG.edf,SC,EEG Fpz-Cz,100.0,8430000,-0.3268654054289006,27.707030994289042,27.708958975604975,-206.0,205.0,-78.63516483516484,81.24935531135624,0,0.002620406429900866
SC4211E0-PSG.edf,SC,EEG Pz-Oz,100.0,8430000,-0.40415316395741613,10.33066206966751,10.338564628496728,-188.0,166.3040293040293,-29.666666666666647,26.74358974358976,0,0.004825628500152432
SC4211E0-PSG.edf,SC,EOG horizontal,100.0,8430000,-3.603397746579236,73.38020313233167,73.46862382719796,-673.1636141636142,557.2676434676434,-227.53821733821732,239.73699633699636,0,0.010428244873362838
SC4211E0-PSG.edf,SC,Resp oro-nasal,1.0,84300,56.46692763938316,430.2266492636023,433.91644777954434,-1545.0,1813.0,-1026.0,1382.0,0,0.013831718051222434
SC4211E0-PSG.edf,SC,EMG submental,1.0,84300,2.6041958481613285,1.0415619798396691,2.804761553756082,-0.062,3.716,0.192,3.5940199999999893,0,0.010237369363812145
SC4211E0-PSG.edf,SC,Temp rectal,1.0,84300,36.56324706247041,0.42797257542348366,36.565751684828875,35.177983539094654,38.385802469135804,35.39197530864198,37.468106995884774,0,0.020557776486079312
SC4211E0-PSG.edf,SC,Event marker,1.0,84300,956.7181494661921,78.47884553241738,959.93153230536,67.0,1157.0,769.0,1078.0,0,0.020427288579935705
SC4212E0-PSG.edf,SC,EEG Fpz-Cz,100.0,8082000,0.6799789213673287,22.664873171864077,22.67507105237352,-160.01098901098902,150.07032967032967,-64.90402930402932,65.99999999999999,0,0.003726804908197115
SC4212E0-PSG.edf,SC,EEG Pz-Oz,100.0,8082000,0.14382198630097662,7.371858822478291,7.373261643417691,-127.65421245421246,116.15140415140415,-21.073504273504273,19.725518925518926,0,0.006284343336232784
SC4212E0-PSG.edf,SC,EOG horizontal,100.0,8082000,0.9461770770241122,68.89776179782541,68.90425844467795,-458.78534798534787,504.0786324786326,-195.67716727716714,220.61391941391952,0,0.011737208286572985
SC4212E0-PSG.edf,SC,Resp oro-nasal,1.0,80820,62.97456075228904,25.34793509581621,67.8845572686856,-610.0,554.0,14.0,143.0,0,0.023323723381878023
SC4212E0-PSG.edf,SC,EMG submental,1.0,80820,2.505158599356595,0.8039033584263129,2.6309846479254495,-1.6440000000000001,3.29,0.084,3.124,0,0.011259728529182495
SC4212E0-PSG.edf,SC,Temp rectal,1.0,80820,36.55377659756724,0.4898960128720555,36.55705925875716,35.322051282051284,37.66153846153846,35.42051282051282,37.275897435897434,0,0.02146772417377102
SC4212E0-PSG.edf,SC,Event marker,1.0,80820,959.8698094531056,30.023244755116938,960.3392350233156,131.0,1057.0,886.0,1016.0,0,0.03057449362154939
SC4221E0-PSG.edf,SC,EEG Fpz-Cz,100.0,8100000,0.00022040778425964588,26.88877611956539,26.88877612046871,-178.0,178.0,-75.24249084249084,79.5023199023199,0,0.002074076634662512
SC4221E0-PSG.edf,SC,EEG Pz-Oz,100.0,8100000,-0.0464969652843927,2.942918164415382,2.9432854585015455,-54.58730158730161,78.013431013431,-8.000244200244222,7.646642246642227,0,0.018921011013593843
SC4221E0-PSG.edf,SC,EOG horizontal,100.0,8100000,-1.3171154598351271,82.16014681673701,82.17070352675769,-728.1299145299146,639.072039072039,-274.5028083028083,251.56849816849814,0,0.011344458449948703
SC4221E0-PSG.edf,SC,Resp oro-nasal,1.0,81000,-97.36620987654321,332.5864610526284,346.54571545646695,-1742.0,1777.0,-1554.0,1610.0,0,0.02458055037716515
SC4221E0-PSG.edf,SC,EMG submental,1.0,81000,2.7328807654320983,0.7139022154608486,2.8245873417737752,-3.326,3.5060000000000002,0.776,3.352,0,0.013210039630118891
SC4221E0-PSG.edf,SC,Temp rectal,1.0,81000,36.442125090909094,0.7060648691246098,36.44896443989702,4.9349090909090885,39.352,34.996,37.63272727272727,0,0.021382980036790577
SC4221E0-PSG.edf,SC,Event marker,1.0,81000,927.8752962962963,59.33502966446194,929.7705153543116,83.0,1099.0,797.0,1038.0,0,0.029555920443462266
SC4222E0-PSG.edf,SC,EEG Fpz-Cz,100.0,8280000,-29.72106906560966,30.99262612713317,42.94047997704496,-248.0,167.0,-122.84126984126985,62.515262515262506,0,0.0030350278200819082
SC4222E0-PSG.edf,SC,EEG Pz-Oz,100.0,8280000,-20.322042882713113,9.460505040569576,22.416212493404686,-201.00024420024423,131.4835164835165,-46.697435897435895,4.851770451770453,0,0.00613044218652438
SC4222E0-PSG.edf,SC,EOG horizontal,100.0,8280000,-113.21482493086883,73.5088631977628,134.985738330961,-754.2581196581197,483.58168498168504,-363.88547008547005,117.60732600732605,0,0.014498809781171233
SC4222E0-PSG.edf,SC,Resp oro-nasal,1.0,82800,-109.22109903381643,279.0024923559306,299.6191569559194,-1580.0,1993.0,-952.0,852.0,0,0.052440246862884815
SC4222E0-PSG.edf,SC,EMG submental,1.0,82800,2.4005372222222223,0.9363857266239881,2.5767027737594255,-2.144,3.366,-0.032,3.234,0,0.047790432251597244
SC4222E0-PSG.edf,SC,Temp rectal,1.0,82800,36.39241009222661,0.5758227068474461,36.39696531457696,32.99963636363636,39.69890909090909,35.300363636363635,37.64472727272727,0,0.06018188625466491
SC4222E0-PSG.edf,SC,Event marker,1.0,82800,938.553961352657,37.20549361101242,939.2911088292084,115.0,1045.0,857.99,991.0,0,0.06149832727448399
SC4231E0-PSG.edf,SC,EEG Fpz-Cz,100.0,8238000,1.2101648840760455,28.299948408425035,28.325811179314346,-198.99999999999997,198.55799755799757,-79.24420024420023,87.78876678876681,0,0.003182815225558662
SC4231E0-PSG.edf,SC,EEG Pz-Oz,100.0,8238000,0.17784798294686943,11.123402310515893,11.124823992613491,-188.00000000000003,178.81807081807082,-29.88717948717951,29.703540903540883,0,0.0038868704623336516
SC4231E0-PSG.edf,SC,EOG horizontal,100.0,8238000,1.0052696570080404,112.75029809740359,112.754779446978,-699.2417582417582,608.8490842490843,-303.1230769230769,349.50256410256407,0,0.007716688172721744
SC4231E0-PSG.edf,SC,Resp oro-nasal,1.0,82380,72.15975965040059,326.938038984935,334.8066789180265,-1627.0,1843.0,-854.0,1125.2100000000064,0,0.017237402736134208
SC4231E0-PSG.edf,SC,EMG submental,1.0,82380,2.89872333090556,0.7610387571139501,2.996961284195338,-48.0,49.188,0.066,3.644,0,0.013280083516430159
SC4231E0-PSG.edf,SC,Temp rectal,1.0,82380,36.57372059855658,0.5701192177899479,36.57816390066313,34.66327272727273,39.233090909090905,35.57090909090909,37.516,0,0.023051991405576663
SC4231E0-PSG.edf,SC,Event marker,1.0,82380,988.3906894877398,129.68670433067135,996.8624761451304,125.0,1208.0,497.0,1148.0,0,0.04139404459874482
SC4232E0-PSG.edf,SC,EEG Fpz-Cz,100.0,7920000,-1.5256133526350202,27.733493971830615,27.77542410094406,-186.78559218559218,148.9228327228327,-69.65811965811966,74.16263736263735,0,0.003648994506306195
SC4232E0-PSG.edf,SC,EEG Pz-Oz,100.0,7920000,-0.03594416022247281,9.511674162598474,9.511742077984309,-147.08840048840045,145.0791208791209,-24.796336996336976,24.887667887667906,0,0.0049229860138712295
SC4232E0-PSG.edf,SC,EOG horizontal,100.0,7920000,0.30665224744392566,104.58268928465698,104.58313885905307,-640.2295482295482,534.1599511599512,-279.959645909646,318.5738705738706,0,0.009911628676298833
SC4232E0-PSG.edf,SC,Resp oro-nasal,1.0,79200,68.77868686868688,281.43701712169366,289.7193510515605,-1432.0,1632.0,-796.0,969.0,0,0.011856210305685677
SC4232E0-PSG.edf,SC,EMG submental,1.0,79200,2.7266286868686866,0.5521989346600461,2.781982684973965,-1.08,3.216,0.252,3.104,0,0.00960870718064622
SC4232E0-PSG.edf,SC,Temp rectal,1.0,79200,36.723777699724515,0.5871549430828669,36.72847123780093,35.30581818181818,38.158545454545454,35.41709090909091,37.615272727272725,0,0.020947234182249776
SC4232E0-PSG.edf,SC,Event marker,1.0,79200,924.7407196969697,29.522335894264085,925.2118497848604,98.0,1025.0,845.0,979.0,0,0.01917953509514009
SC4241E0-PSG.edf,SC,EEG Fpz-Cz,100.0,8106000,-0.82996249149323,30.91444932251153,30.925588347700334,-181.0,179.0,-91.85714285714289,94.16483516483515,0,0.0026585278294199723
SC4241E0-PSG.edf,SC,EEG Pz-Oz,100.0,8106000,-0.8477034805313166,11.356464680542047,11.38805915120325,-184.0,182.0,-31.25421245421246,30.684249084249082,0,0.003925492136062344
SC4241E0-PSG.edf,SC,EOG horizontal,100.0,8106000,-0.6508962250184649,98.269165490921,98.27132110731876,-652.1523809523809,592.6698412698413,-284.5746031746031,312.4634920634921,0,0.010141882731165472
SC4241E0-PSG.edf,SC,Resp oro-nasal,1.0,81060,114.43358006415001,474.8053397979583,488.4006090771723,-2297.0,2371.0,-1200.0,1704.0,0,0.009758324183619339
SC4241E0-PSG.edf,SC,EMG submental,1.0,81060,2.921386109055021,1.644937645319535,3.3526581476746196,-3.224,4.768,0.202,4.554,0,0.005662542098964951
SC4241E0-PSG.edf,SC,Temp rectal,1.0,81060,36.54799086198774,0.7207151068848264,36.55509631109228,8.722545454545452,39.208,34.74945454545455,37.62290909090909,0,0.014878051789437323
SC4241E0-PSG.edf,SC,Event marker,1.0,81060,1042.1587712805328,35.45814187163702,1042.7618061580215,22.0,1161.0,965.0,1116.0,0,0.016790239208477775
SC4242E0-PSG.edf,SC,EEG Fpz-Cz,100.0,8130000,0.04688326777773271,32.87804339095462,32.87807681812143,-194.0,194.0,-98.96605616605616,100.95579975579975,0,0.002162364283350902
SC4242E0-PSG.edf,SC,EEG Pz-Oz,100.0,8130000,-0.02867544285701446,14.261339435242265,14.26136826423815,-196.00000000000003,195.23418803418804,-39.6786324786325,41.30598290598289,0,0.0037687623232008894
SC4242E0-PSG.edf,SC,EOG horizontal,100.0,8130000,0.8582896059905502,137.78067452803182,137.78334781259744,-904.5289377289378,767.0627594627595,-412.14920634920634,447.64078144078144,0,0.008905300006519073
SC4242E0-PSG.edf,SC,Resp oro-nasal,1.0,81300,56.36651906519065,465.0634531487857,468.46686107578546,-2322.0,2286.0,-1074.0,1478.0,0,0.03778644263767082
SC4242E0-PSG.edf,SC,EMG submental,1.0,81300,2.8986745141451418,1.6882659940320672,3.354482971421923,-4.996,4.682,-0.6900000000000001,4.524,0,0.03547399107000086
SC4242E0-PSG.edf,SC,Temp rectal,1.0,81300,36.27208397182153,0.5550354518351172,36.27633029968255,34.41781818181818,39.33672727272727,34.90327272727273,37.27272727272727,0,0.045572516267112756
SC4242E0-PSG.edf,SC,Event marker,1.0,81300,1030.018462484625,35.269329802199486,1030.6221221591777,153.0,1162.0,934.0,1093.0,0,0.11005055412735704
SC4251E0-PSG.edf,SC,EEG Fpz-Cz,100.0,8280000,1.3792085168964312,22.206230635692446,22.249020094796222,-190.0,193.00000000000003,-66.44859584859583,65.42686202686204,0,0.0028429986026553174
SC4251E0-PSG.edf,SC,EEG Pz-Oz,100.0,8280000,1.3766671532975974,11.89102999292508,11.970455577947414,-185.99999999999997,187.26007326007326,-30.413919413919402,33.68864468864469,0,0.0042958989080904685
SC4251E0-PSG.edf,SC,EOG horizontal,100.0,8280000,3.3283901576684753,78.90380924618864,78.9739785916892,-580.8893772893773,553.5428571428572,-226.9465201465201,248.3208791208792,0,0.011223443506574284
SC4251E0-PSG.edf,SC,Resp oro-nasal,1.0,82800,95.86878019323672,260.45182988796665,277.53554494466016,-1982.0,2126.0,-795.0,1091.0,0,0.011026703221053395
SC4251E0-PSG.edf,SC,EMG submental,1.0,82800,3.1199696376811596,1.1329879911169967,3.3193180516587493,-0.136,4.248,0.308,4.08,0,0.006485585574705009
SC4251E0-PSG.edf,SC,Temp rectal,1.0,82800,36.71355241042673,0.7382126822548329,36.720973415166874,34.86354166666666,37.83020833333333,34.979166666666664,37.77708333333333,0,0.017246585103684826
SC4251E0-PSG.edf,SC,Event marker,1.0,82800,980.2785024154589,26.11278532017468,980.6262386123841,148.0,1078.0,921.0,1034.0,0,0.01876834261283349
SC4252E0-PSG.edf,SC,EEG Fpz-Cz,100.0,7998000,0.40130381432353973,20.034878291125732,20.0388969978792,-179.0,179.99999999999997,-65.2947496947497,58.930647130647124,0,0.0031395388091257927
SC4252E0-PSG.edf,SC,EEG Pz-Oz,100.0,7998000,-0.10625479019327469,10.502703350728568,10.503240821472387,-164.9145299145299,161.4102564102564,-29.017094017094017,29.102564102564102,0,0.0044511183434838
SC4252E0-PSG.edf,SC,EOG horizontal,100.0,7998000,-0.6028227056764194,66.56110789336154,66.56383762378934,-472.3809523809524,509.8901098901099,-203.7216117216117,213.0989010989011,0,0.012194313821347613
SC4252E0-PSG.edf,SC,Resp oro-nasal,1.0,79980,105.76594148537134,359.66601089087516,374.8947502545776,-1947.0,2082.0,-815.0,1226.0,0,0.008177146500956502
SC4252E0-PSG.edf,SC,EMG submental,1.0,79980,3.1684875468867215,1.0901921139958834,3.3507957532793684,-0.216,4.218,0.272,4.082,0,0.0061141049525500445
SC4252E0-PSG.edf,SC,Temp rectal,1.0,79980,36.77519705740971,0.5040842626460165,36.77865168212619,34.84010025062656,37.66817042606516,35.06065162907268,37.56892230576441,0,0.017041973518048488
SC4252E0-PSG.edf,SC,Event marker,1.0,79980,1001.511152788197,44.02584589673596,1002.4783609964189,173.0,1140.0,889.0,1082.0,0,0.017567111366733768
SC4261F0-PSG.edf,SC,EEG Fpz-Cz,100.0,8400000,1.3985172323390787,21.39291021438861,21.438574063823424,-177.72967032967034,183.37582417582416,-72.54505494505496,62.881318681318675,0,0.003815480732715158
SC4261F0-PSG.edf,SC,EEG Pz-Oz,100.0,8400000,0.39680361526834174,15.84505702748824,15.850024773275427,-185.99999999999997,187.0,-38.621733821733805,38.8930402930403,0,0.006167864485552959
SC4261F0-PSG.edf,SC,EOG horizontal,100.0,8400000,4.941329782254641,46.35059275133065,46.613240483973,-522.2771672771675,561.9682539682539,-146.0537240537242,158.44200244200232,0,0.019379784975934494
SC4261F0-PSG.edf,SC,Resp oro-nasal,1.0,84000,100.97109523809524,302.27594500128436,318.69406803390615,-2232.0,2421.0,-890.0,1154.0099999999948,0,0.009452493482065262
SC4261F0-PSG.edf,SC,EMG submental,1.0,84000,3.5441334761904755,1.5298130976078999,3.8602085708762774,-0.216,4.8,-0.04,4.66,0,0.008345337444493386
SC4261F0-PSG.edf,SC,Temp rectal,1.0,84000,14.048537738830941,0.0629730964208017,14.04867887775324,8.606088349736781,14.140993362325474,13.995880064087892,14.100251773861295,0,0.008404861962642412
SC4261F0-PSG.edf,SC,Event marker,1.0,84000,1046.171988095238,31.881672651344335,1046.6576659663801,151.0,1178.0,980.0,1116.0,0,0.014559697139251657
SC4262F0-PSG.edf,SC,EEG Fpz-Cz,100.0,8160000,0.1857964064856712,30.053958636974752,30.054532936940667,-201.0,201.0,-99.3956043956044,85.55482783882876,0,0.00231985578413699
SC4262F0-PSG.edf,SC,EEG Pz-Oz,100.0,8160000,0.10298619071560261,11.111638260964238,11.112115505069339,-184.0,184.0,-31.947252747252747,31.228327228327228,0,0.005378683062111596
SC4262F0-PSG.edf,SC,EOG horizontal,100.0,8160000,0.9984379456654461,49.75364751921672,49.76366465402045,-477.37411477411473,551.8336996336997,-162.3904761904762,165.32967032967034,0,0.015753695776587962
SC4262F0-PSG.edf,SC,Resp oro-nasal,1.0,81600,54.98530637254902,361.22673785918926,365.38765723717944,-2240.0,2290.0,-1277.01,1357.0,0,0.012451132979570827
SC4262F0-PSG.edf,SC,EMG submental,1.0,81600,3.6716918627450976,1.311093866254382,3.898754706451591,-4.628,4.696,0.08,4.57,0,0.009804041716197502
SC4262F0-PSG.edf,SC,Temp rectal,1.0,81600,14.020788717524088,0.08842929848342534,14.021067577124112,8.252689402609294,16.022888532845045,13.959716182192722,14.091096360723277,0,0.008725597127415777
SC4262F0-PSG.edf,SC,Event marker,1.0,81600,993.3839093137254,40.70994005192088,994.2177279159988,141.0,1157.0,925.0,1086.0,0,0.020355641613255065
SC4271F0-PSG.edf,SC,EEG Fpz-Cz,100.0,7320000,0.15783206996405802,28.101423682721755,28.101866912327107,-186.99999999999997,187.0,-80.78217338217335,78.40757020757022,0,0.002169401870767583
SC4271F0-PSG.edf,SC,EEG Pz-Oz,100.0,7320000,0.5920739435336962,16.154813613252475,16.165659727754353,-188.0,189.0,-43.73650793650794,44.46031746031746,0,0.003165304870635069
SC4271F0-PSG.edf,SC,EOG horizontal,100.0,7320000,1.0131901072213714,65.83827012270277,65.84606569069523,-594.3553113553112,554.1648351648353,-205.3321123321122,219.24420024420033,0,0.012360672623869706
SC4271F0-PSG.edf,SC,Resp oro-nasal,1.0,73200,109.67281420765028,84.18710393274594,138.2591575441162,-1586.0,1553.0,-169.0,206.00999999999476,0,0.04363447588081804
SC4271F0-PSG.edf,SC,EMG submental,1.0,73200,2.9905343442622954,1.5187675353893737,3.3540945858405706,-4.328,4.704,-0.326,4.438,0,0.03430374731895244
SC4271F0-PSG.edf,SC,Temp rectal,1.0,73200,13.904712567555567,0.23845934559907797,13.906757150602772,6.901350423437858,16.230258640421148,13.72854200045777,15.067525749599447,0,0.03315619065834233
SC4271F0-PSG.edf,SC,Event marker,1.0,73200,944.0385109289617,50.716467620947355,945.3998467341308,132.0,1118.0,846.0,1042.0,0,0.09685924671102064
SC4272F0-PSG.edf,SC,EEG Fpz-Cz,100.0,8610000,0.6311291564313821,27.940238215912455,27.947365449609602,-179.0,179.99999999999997,-76.77924297924298,79.26959706959705,0,0.0026759612961222952
SC4272F0-PSG.edf,SC,EEG Pz-Oz,100.0,8610000,0.6210170105465439,20.639927805599605,20.649268315069943,-205.00000000000003,206.0,-62.078388278388296,65.48717948717947,0,0.0038490172462453498
SC4272F0-PSG.edf,SC,EOG horizontal,100.0,8610000,0.6336971637885933,69.70371985088794,69.70660035567987,-481.7274725274725,557.9404151404151,-211.23760683760682,230.18070818070817,0,0.009772369073599388
SC4272F0-PSG.edf,SC,Resp oro-nasal,1.0,86100,159.34646922183506,36.62143205068602,163.50053987344583,-40.0,328.0,72.0,238.0,0,0.013438019024611203
SC4272F0-PSG.edf,SC,EMG submental,1.0,86100,3.1568549593495936,1.3400763374200126,3.429509851929742,-0.084,4.462,0.068,4.2940000000000005,0,0.007863041382594456
SC4272F0-PSG.edf,SC,Temp rectal,1.0,86100,13.975770539401108,0.08170889448182904,13.976009391576314,8.894483863584345,14.204165712977797,13.843900205996796,14.091096360723277,0,0.00678288946445371
SC4272F0-PSG.edf,SC,Event marker,1.0,86100,994.8785481997677,64.38556595323797,996.959791953114,127.0,1167.0,880.0,1108.0,0,0.015435719346333872
SC4281G0-PSG.edf,SC,EEG Fpz-Cz,100.0,8364000,-0.34877614615578967,29.303448974165402,29.305524506168503,-182.0,168.14652014652015,-77.04468864468866,87.1252747252747,0,0.002465330542002083
SC4281G0-PSG.edf,SC,EEG Pz-Oz,100.0,8364000,-0.3643072099800877,14.183089425946022,14.187767456778586,-166.39316239316238,150.25641025641025,-37.3076923076923,40.726495726495735,0,0.0037685363086278198
SC4281G0-PSG.edf,SC,EOG horizontal,100.0,8364000,-0.7337534383358408,69.91303074833765,69.91688109838903,-493.2241758241757,430.0505494505495,-226.8065934065933,212.323076923077,0,0.012167637694449658
SC4281G0-PSG.edf,SC,Resp oro-nasal,1.0,83640,107.61612864658058,165.64467222685067,197.53325943247677,-1823.0,2077.0,47.0,221.0,0,0.01572233049175624
SC4281G0-PSG.edf,SC,EMG submental,1.0,83640,3.209268507890961,1.1513656245351378,3.409552339692392,-0.03,4.158,0.262,4.026,0,0.009134494673537465
SC4281G0-PSG.edf,SC,Temp rectal,1.0,83640,13.13639587517934,0.10064911914093778,13.136781448840985,1.405,15.147,13.049,13.217,0,0.010174679276414113
SC4281G0-PSG.edf,SC,Event marker,1.0,83640,1128.433931133429,28.797391419222834,1128.8013229465123,96.0,1269.0,1050.0,1185.0,0,0.01953634070230395
SC4282G0-PSG.edf,SC,EEG Fpz-Cz,100.0,8442000,-0.33394884751197235,26.340257005248258,26.342373866743383,-190.00000000000003,176.78315018315018,-72.46002197802201,78.3079365079365,0,0.0031378857354723236
SC4282G0-PSG.edf,SC,EEG Pz-Oz,100.0,8442000,-0.8605978966149579,20.315084910077477,20.333305280827208,-184.0,177.44175824175824,-54.40293040293041,61.430036630036625,0,0.0028749145639831368
SC4282G0-PSG.edf,SC,EOG horizontal,100.0,8442000,-2.667823383663065,74.11694282658823,74.16494114853852,-602.1335775335775,538.0759462759463,-242.34041514041508,226.8525030525031,0,0.011526903016942688
SC4282G0-PSG.edf,SC,Resp oro-nasal,1.0,84420,89.23884150675195,29.4929107481081,93.98618312211144,-734.0,1602.0,38.0,151.0,0,0.019569054359800518
SC4282G0-PSG.edf,SC,EMG submental,1.0,84420,2.585359796256811,0.7661956670356341,2.696505345124545,-2.406,3.31,0.264,3.194,0,0.009926675274523507
SC4282G0-PSG.edf,SC,Temp rectal,1.0,84420,13.526136235489219,0.10126256671222615,13.52651527809109,4.982,16.626,13.42219,13.621,0,0.013172390101754344
SC4282G0-PSG.edf,SC,Event marker,1.0,84420,983.6383913764511,32.07642425972827,984.1612581192893,112.0,1077.0,898.0,1043.0,0,0.021251140146175625
SC4291G0-PSG.edf,SC,EEG Fpz-Cz,100.0,8268000,-0.8212658414423438,32.1505065718481,32.160994238499015,-189.00000000000006,187.0,-85.9787545787546,100.68986568986568,0,0.002357283934789471
SC4291G0-PSG.edf,SC,EEG Pz-Oz,100.0,8268000,0.1535094794470702,17.158440557555604,17.159127236763794,-185.0,185.0,-48.56532356532357,48.92673992673993,0,0.0033091476888578723
SC4291G0-PSG.edf,SC,EOG horizontal,100.0,8268000,1.4238601807401132,85.69277565854685,85.70460418134105,-650.6153846153845,640.4102564102565,-276.9487179487179,256.51282051282055,0,0.010003640546251266
SC4291G0-PSG.edf,SC,Resp oro-nasal,1.0,82680,92.35800677310111,34.091779175452274,98.44922966914466,-36.0,252.0,28.0,190.0,0,0.017634465825663106
SC4291G0-PSG.edf,SC,EMG submental,1.0,82680,2.4650685776487666,0.9219111522043966,2.631821282889503,0.10200000000000001,3.494,0.332,3.346,0,0.009373601519128194
SC4291G0-PSG.edf,SC,Temp rectal,1.0,82680,14.28121197494376,0.037443963703903835,14.281261062094439,10.816205081254292,14.390020599679561,14.229800869764247,14.350652323186084,0,0.013618935884565609
SC4291G0-PSG.edf,SC,Event marker,1.0,82680,1007.466533623609,30.4205420449468,1007.9257044791938,110.0,1104.0,933.0,1070.0,0,0.022351504009482458
SC4292G0-PSG.edf,SC,EEG Fpz-Cz,100.0,8430000,0.12483981489447687,32.50374979164661,32.503989532015154,-198.0,198.0,-86.21098901098901,104.77802197802198,0,0.0023285911371187865
SC4292G0-PSG.edf,SC,EEG Pz-Oz,100.0,8430000,0.6022098642414587,25.246430460719555,25.253611775913114,-201.0,202.0,-86.25079365079365,87.93968253968254,0,0.003367738277269605
SC4292G0-PSG.edf,SC,EOG horizontal,100.0,8430000,1.0957680939490593,90.16042661737319,90.16708510062003,-706.0422466422466,628.0351648351649,-296.252503052503,273.4551892551893,0,0.008845799342585222
SC4292G0-PSG.edf,SC,Resp oro-nasal,1.0,84300,87.86455516014234,31.414884061207427,93.31170877263368,-30.0,252.0,25.0,170.0,0,0.017793805383219254
SC4292G0-PSG.edf,SC,EMG submental,1.0,84300,2.3301478291814948,0.9768943082113897,2.526640337534221,0.036000000000000004,3.2680000000000002,0.28200000000000003,3.178,0,0.010332269659189314
SC4292G0-PSG.edf,SC,Temp rectal,1.0,84300,14.300705238324474,0.02547787718755202,14.300727933768513,11.192492561226825,14.9741359578851,14.262302586404212,14.334630350194553,0,0.013653779997390241
SC4292G0-PSG.edf,SC,Event marker,1.0,84300,971.1451482799525,20.55383174963941,971.3626300343675,115.0,1043.0,923.0,1013.0,0,0.024330063227321796
SC4301E0-PSG.edf,SC,EEG Fpz-Cz,100.0,7938000,0.5186689356246976,30.20950019148176,30.213952394281662,-182.00000000000003,182.99999999999997,-88.67765567765571,96.98656898656897,0,0.0023129280838096295
SC4301E0-PSG.edf,SC,EEG Pz-Oz,100.0,7938000,0.4469487955033812,15.160288580507345,15.166875521018275,-185.99999999999997,187.0,-42.266112332112336,41.80781440781442,0,0.004108092854740306
SC4301E0-PSG.edf,SC,EOG horizontal,100.0,7938000,2.1606040976297116,98.59919424059056,98.62286405778529,-618.9894993894993,555.8793650793651,-282.5557997557997,325.8505494505495,0,0.008350980537894353
SC4301E0-PSG.edf,SC,Resp oro-nasal,1.0,79380,104.6998614260519,211.2164403132128,235.74232891277597,-2207.0,2155.0,-486.0,624.0,0,0.009095604630947732
SC4301E0-PSG.edf,SC,EMG submental,1.0,79380,3.3711262534643494,1.1201960914856786,3.552369842819912,-2.108,4.658,0.5015799999999999,4.2860000000000005,0,0.00830194383905063
SC4301E0-PSG.edf,SC,Temp rectal,1.0,79380,36.769217629870646,0.5540258191094178,36.77339132743988,34.63269424823411,37.884964682139255,34.92230070635721,37.38345105953582,0,0.017951851245291577
SC4301E0-PSG.edf,SC,Event marker,1.0,79380,1006.5277903754094,37.07304246187645,1007.2103073714964,97.0,1140.0,929.0,1079.0,0,0.0203706269920256
SC4302E0-PSG.edf,SC,EEG Fpz-Cz,100.0,8424000,-0.8345615424619587,25.2135041167201,25.22731223915894,-177.99999999999997,176.0,-74.09084249084248,74.85714285714286,0,0.002200857313458349
SC4302E0-PSG.edf,SC,EEG Pz-Oz,100.0,8424000,-0.39690000568176165,11.363686778480456,11.370615938194453,-186.0,185.0,-27.09059829059828,27.9931623931624,0,0.004186852073661056
SC4302E0-PSG.edf,SC,EOG horizontal,100.0,8424000,-4.981265094845007,84.30081317968603,84.4478543522655,-575.3326007326008,492.3846153846154,-246.07399267399268,268.548717948718,0,0.010436859492948116
SC4302E0-PSG.edf,SC,Resp oro-nasal,1.0,84240,106.94458689458689,197.35362774542185,224.46736745088893,-1995.0,1995.0,-520.0,636.0,0,0.010458338774201973
SC4302E0-PSG.edf,SC,EMG submental,1.0,84240,3.319264292497626,1.2256880975153064,3.5383367216589856,-1.292,4.204,-1.114,3.96,0,0.010209048065622811
SC4302E0-PSG.edf,SC,Temp rectal,1.0,84240,35.82020542412699,0.8558761245412119,35.83042897548419,34.6592474827769,37.548489666136724,34.91997880233175,37.34393216746158,0,0.012666342193045976
SC4302E0-PSG.edf,SC,Event marker,1.0,84240,937.117497625831,33.22443626110499,937.7062799839657,77.0,1076.0,863.0,1007.0,0,0.016678735502558197
SC4311E0-PSG.edf,SC,EEG Fpz-Cz,100.0,8010000,-0.4757255818505175,25.31903443958121,25.323503307834915,-177.0,176.0,-69.16043956043956,74.10842490842492,0,0.001972536794677646
SC4311E0-PSG.edf,SC,EEG Pz-Oz,100.0,8010000,-0.5377712523570155,10.26362868226903,10.277707509330916,-161.18192918192918,137.81562881562883,-29.064713064713057,27.1978021978022,0,0.003913862564123051
SC4311E0-PSG.edf,SC,EOG horizontal,100.0,8010000,-1.727894510433282,63.39076225790392,63.41430721120644,-465.1142857142856,465.2285714285715,-188.4285714285713,202.4285714285715,0,0.011729103282276257
SC4311E0-PSG.edf,SC,Resp oro-nasal,1.0,80100,29.916317103620475,385.1851646443457,386.3451786824007,-1823.0,1820.0,-1162.01,1225.0099999999948,0,0.01795278343050475
SC4311E0-PSG.edf,SC,EMG submental,1.0,80100,2.190588389513109,0.9716120169726294,2.396394667786435,-3.606,3.156,0.166,3.0140000000000002,0,0.014507047528683254
SC4311E0-PSG.edf,SC,Temp rectal,1.0,80100,36.66287247323824,0.4648933726817852,36.665819830421,35.200447928331464,38.85778275475924,35.43337066069429,37.442329227323626,0,0.030899262163073198
SC4311E0-PSG.edf,SC,Event marker,1.0,80100,889.5014107365793,22.23677062991107,889.7793173986526,54.0,1002.0,839.0,936.0,0,0.03971335472352963
SC4312E0-PSG.edf,SC,EEG Fpz-Cz,100.0,8100000,4.132389266042594,26.808993119264308,27.1256106496216,-176.0,168.17582417582418,-69.45054945054946,85.71428571428572,0,0.002407410379518987
SC4312E0-PSG.edf,SC,EEG Pz-Oz,100.0,8100000,0.11652830606430617,9.812436913081292,9.813128808861856,-149.2087912087912,134.12893772893773,-27.389010989010988,26.66227106227106,0,0.004322227558305628
SC4312E0-PSG.edf,SC,EOG horizontal,100.0,8100000,-1.2405492973966434,59.58699896822365,59.59991114589314,-546.2827838827837,566.7106227106227,-184.95433455433448,198.25738705738712,0,0.011921002371607866
SC4312E0-PSG.edf,SC,Resp oro-nasal,1.0,81000,67.60827160493827,295.29839799346433,302.93897446006116,-1430.0,1645.0,-904.01,973.0,0,0.012395214755737726
SC4312E0-PSG.edf,SC,EMG submental,1.0,81000,2.642967259259259,0.4185238208948673,2.675899497771327,-0.122,3.2800000000000002,1.118,3.094,0,0.010172965098334548
SC4312E0-PSG.edf,SC,Temp rectal,1.0,81000,36.37363107690283,0.5615768820522463,36.37796594524063,35.227945529899344,37.6234458259325,35.450562462995855,37.475429248075784,0,0.02221015074260176
SC4312E0-PSG.edf,SC,Event marker,1.0,81000,940.5538641975309,26.412308903448547,940.924641785153,119.0,1034.0,885.0,995.0,0,0.02279040481981259
SC4321E0-PSG.edf,SC,EEG Fpz-Cz,100.0,8070000,0.1258273380206464,16.232728094582296,16.233215760028422,-143.44322344322345,126.93528693528694,-47.032967032967036,51.33089133089133,0,0.0043767092648194115
SC4321E0-PSG.edf,SC,EEG Pz-Oz,100.0,8070000,0.1036049826533097,5.73751838383163,5.738453728770187,-156.92307692307693,143.05250305250306,-14.896214896214897,15.189255189255189,0,0.014448592873101454
SC4321E0-PSG.edf,SC,EOG horizontal,100.0,8070000,0.5706505197955012,55.98858970446086,55.991497739480025,-413.9946275946276,447.2234432234432,-171.83394383394383,185.03443223443224,0,0.013478331447746527
SC4321E0-PSG.edf,SC,Resp oro-nasal,1.0,80700,62.55889714993804,408.94370276724453,413.7010607257383,-1410.0,1650.0,-1099.0,1270.0,0,0.01686514083198057
SC4321E0-PSG.edf,SC,EMG submental,1.0,80700,1.9123962329615865,1.2177715914315907,2.2672068720660437,-0.47400000000000003,3.182,0.018000000000000002,3.0300000000000002,0,0.013482199283758163
SC4321E0-PSG.edf,SC,Temp rectal,1.0,80700,36.163940671395494,0.44727388291036146,36.166706496590855,35.23034330011074,37.625692137320044,35.33333333333333,36.94241417497231,0,0.02167313101773256
SC4321E0-PSG.edf,SC,Event marker,1.0,80700,905.0936926889715,24.56918627812091,905.4271022339277,91.0,1007.0,858.0,959.0,0,0.02772029393177115
SC4322E0-PSG.edf,SC,EEG Fpz-Cz,100.0,7848000,1.0385738251441636,16.51375188586046,16.546378363195796,-193.0866910866911,190.8815628815629,-47.10866910866911,53.313797313797316,0,0.0038990875370636304
SC4322E0-PSG.edf,SC,EEG Pz-Oz,100.0,7848000,0.468760721660259,8.495279368064454,8.508202404481981,-178.34065934065936,162.40952380952382,-23.389743589743595,24.478388278388277,0,0.008181712769766526
SC4322E0-PSG.edf,SC,EOG horizontal,100.0,7848000,1.7869286989739572,56.97875130106045,57.00676463371093,-604.0410256410257,521.1575091575091,-177.94261294261304,187.5809523809523,0,0.011232175372292779
SC4322E0-PSG.edf,SC,Resp oro-nasal,1.0,78480,49.24583333333333,255.90368590438138,260.5990187244432,-1641.0,1853.0,-911.0,855.2100000000064,0,0.01335389084978147
SC4322E0-PSG.edf,SC,EMG submental,1.0,78480,1.5736681957186542,1.9592674010520845,2.5129982767685686,-1.36,3.902,-1.186,3.676,0,0.01246193249149454
SC4322E0-PSG.edf,SC,Temp rectal,1.0,78480,36.2510876665982,0.31525934991241544,36.25245847482754,35.14085820895522,37.59701492537313,35.49626865671642,36.963619402985074,0,0.01875661004854802
SC4322E0-PSG.edf,SC,Event marker,1.0,78480,1023.3640163098879,35.31630568553206,1023.9732180702669,123.0,1156.0,940.0,1099.0,0,0.0180812701487022
SC4331F0-PSG.edf,SC,EEG Fpz-Cz,100.0,8430000,1.899158827491217,22.542099825178262,22.621959879292938,-181.0,185.0,-67.22271062271062,72.65274725274726,0,0.0038446071703525154
SC4331F0-PSG.edf,SC,EEG Pz-Oz,100.0,8430000,1.3876423378914593,8.680316342006035,8.790531443274974,-185.99999999999997,151.9120879120879,-22.904761904761894,25.080586080586087,0,0.00636299687188241
SC4331F0-PSG.edf,SC,EOG horizontal,100.0,8430000,6.972205393436065,71.38863851343179,71.72830234189084,-674.1777777777778,603.0444444444444,-223.24444444444453,233.18200000000385,0,0.013168461647048216
SC4331F0-PSG.edf,SC,Resp oro-nasal,1.0,84300,142.97141162514828,522.9586382840386,542.1499441095456,-1839.0,2069.0,-1476.0,1732.0,0,0.011720186479080416
SC4331F0-PSG.edf,SC,EMG submental,1.0,84300,3.0410451482799528,1.2986138925225232,3.3067134190506344,-0.92,4.29,-0.8,4.042,0,0.007236147522509164
SC4331F0-PSG.edf,SC,Temp rectal,1.0,84300,14.00878060051582,0.0431282543582885,14.008846988946392,11.363241016250859,14.314946211947815,13.931334401464866,14.090180819409476,0,0.0069514466363776554
SC4331F0-PSG.edf,SC,Event marker,1.0,84300,983.0112455516014,38.962742695778324,983.783108311628,126.0,1130.0,909.0,1073.0,0,0.017687042550919938
SC4332F0-PSG.edf,SC,EEG Fpz-Cz,100.0,8280000,0.5159707605599024,25.74529642560883,25.750466284481536,-197.0,198.00000000000003,-76.13675213675212,83.40659340659342,0,0.004229473707093849
SC4332F0-PSG.edf,SC,EEG Pz-Oz,100.0,8280000,0.9628288291954887,9.091593703138273,9.142434873559308,-149.75579975579976,186.0,-25.157509157509164,25.892551892551886,0,0.007416675624004377
SC4332F0-PSG.edf,SC,EOG horizontal,100.0,8280000,2.242163433195848,68.95315679590534,68.9896016003997,-602.6021978021979,567.1140415140414,-221.68595848595854,224.2412698412698,0,0.015547120225990611
SC4332F0-PSG.edf,SC,Resp oro-nasal,1.0,82800,45.243876811594205,397.4034034545261,399.9705907515996,-24000.0,24314.0,-951.0,998.0,0,0.3215739320523195
SC4332F0-PSG.edf,SC,EMG submental,1.0,82800,1.1509491545893722,1.395585286469759,1.8089616491957117,-48.656,49.148,-1.866,2.552,0,0.32058358192731795
SC4332F0-PSG.edf,SC,Temp rectal,1.0,82800,14.543983870771562,0.5704687609374031,14.55516751674363,1.787136644541085,26.37537193865873,13.96429388876173,15.912570382238496,0,0.3193275281102429
SC4332F0-PSG.edf,SC,Event marker,1.0,82800,633.7227173913044,167.13669934077564,655.3923701145352,76.0,24332.0,585.0,692.0,0,0.6173142187707581
SC4341F0-PSG.edf,SC,EEG Fpz-Cz,100.0,8250000,0.38906368091169646,18.54284139467377,18.546922589363234,-153.35897435897434,168.3675213675214,-67.52136752136751,54.60683760683762,0,0.007791524595787389
SC4341F0-PSG.edf,SC,EEG Pz-Oz,100.0,8250000,0.38552589010990285,7.287962395092544,7.298152237671392,-180.6258852258852,180.7150183150183,-18.947008547008533,20.03809523809525,0,0.009046071570995844
SC4341F0-PSG.edf,SC,EOG horizontal,100.0,8250000,5.361140503703807,99.13605850193572,99.28091419200194,-732.9555555555554,690.2,-304.1999999999999,343.08888888888896,0,0.01499880605915886
SC4341F0-PSG.edf,SC,Resp oro-nasal,1.0,82500,130.1529696969697,585.6177062806099,599.9065705843727,-1490.0,1754.0,-1378.0,1669.0,0,0.023079067625062122
SC4341F0-PSG.edf,SC,EMG submental,1.0,82500,1.5714823272727272,1.4333719322916902,2.126995957027686,-1.62,3.446,-0.718,3.342,0,0.016012315300791526
SC4341F0-PSG.edf,SC,Temp rectal,1.0,82500,14.125256672007325,0.08937404033053856,14.125539415157654,11.944151979858091,15.831082627603571,14.048065918974594,14.205996795605401,0,0.014897150268488103
SC4341F0-PSG.edf,SC,Event marker,1.0,82500,763.7073696969697,28.097288841328105,764.2240536450662,101.0,879.0,705.0,826.0,0,0.03189129565206851
SC4342F0-PSG.edf,SC,EEG Fpz-Cz,100.0,8370000,0.13317365263171715,21.09016379315371,21.09058425088804,-170.0,154.88888888888889,-66.2979242979243,65.3015873015873,0,0.0048984526863234
SC4342F0-PSG.edf,SC,EEG Pz-Oz,100.0,8370000,0.11789748246178362,6.832753387335535,6.833770457698742,-175.18461538461537,177.0,-18.283516483516483,18.802197802197803,0,0.007412195235597653
SC4342F0-PSG.edf,SC,EOG horizontal,100.0,8370000,-0.7808206069703604,110.8569424831992,110.85969230312526,-816.3787545787545,661.6884004884005,-319.72991452991454,362.4197802197802,0,0.01030586655420138
SC4342F0-PSG.edf,SC,Resp oro-nasal,1.0,83700,122.54983273596177,360.42791959390667,380.6924568814095,-1593.0,1776.0,-1055.0,1404.0099999999948,0,0.013883081040394749
SC4342F0-PSG.edf,SC,EMG submental,1.0,83700,2.102272043010753,1.5532091052266301,2.613810679330757,-1.048,3.544,-0.844,3.442,0,0.013608286837357675
SC4342F0-PSG.edf,SC,Temp rectal,1.0,83700,14.12899888510695,0.06408253160787127,14.129144208557387,12.368047608148318,26.730601968413826,14.047608148317693,14.21057450217441,0,0.008781466923141256
SC4342F0-PSG.edf,SC,Event marker,1.0,83700,877.7315890083632,34.82683564762303,878.422250870487,133.0,1004.0,802.0,951.0,0,0.02004802924766126
SC4351F0-PSG.edf,SC,EEG Fpz-Cz,100.0,8130000,-0.02440311699236298,13.068353169163936,13.06837595365683,-127.49108669108672,111.14725274725274,-40.26275946275948,34.93724053724052,0,0.004376389146850119
SC4351F0-PSG.edf,SC,EEG Pz-Oz,100.0,8130000,-0.538924149782169,5.546404954979264,5.572526102571159,-126.79560439560441,101.72503052503052,-15.431746031746044,14.431746031746021,0,0.01087209209359421
SC4351F0-PSG.edf,SC,EOG horizontal,100.0,8130000,-195.4539881528339,29.23948022378419,197.6289672305281,-610.9528693528694,818.2612942612943,-256.56752136752135,-110.42442002442003,0,0.011908993737999678
SC4351F0-PSG.edf,SC,Resp oro-nasal,1.0,81300,67.12159901599016,215.07314279378235,225.30371902314008,-1309.0,1491.0,-820.0,1073.0,0,0.026913000159903566
SC4351F0-PSG.edf,SC,EMG submental,1.0,81300,2.202269667896679,0.8922584403778968,2.3761558902065634,-1.03,3.0500000000000003,-0.668,2.876,0,0.009188304899199253
SC4351F0-PSG.edf,SC,Temp rectal,1.0,81300,13.32860324723247,0.1386957205794204,13.329324852558853,3.164,16.935,13.214,13.426,0,0.010283029311553648
SC4351F0-PSG.edf,SC,Event marker,1.0,81300,732.4287576875769,31.057372684882026,733.0869290103698,99.0,859.0,660.0,801.0,0,0.01612565960220913
SC4352F0-PSG.edf,SC,EEG Fpz-Cz,100.0,7596000,0.5533295146664773,27.743627555631953,27.749144914707227,-181.83736263736265,168.96043956043957,-89.65584615384618,96.5120879120879,0,0.002705374809603488
SC4352F0-PSG.edf,SC,EEG Pz-Oz,100.0,7596000,0.9870210678970481,9.29149340794638,9.343771205374384,-161.5018315018315,149.76800976800976,-24.25396825396826,26.344322344322336,0,0.004869674657286278
SC4352F0-PSG.edf,SC,EOG horizontal,100.0,7596000,0.8650393113849455,45.44420407963935,45.452436430208564,-609.3709401709401,554.3123321123322,-153.89474969474963,160.50061050061055,0,0.014685380049210175
SC4352F0-PSG.edf,SC,Resp oro-nasal,1.0,75960,-87.44734070563455,619.1019640218811,625.247374446497,-2128.0,1771.0,-2074.0,1395.0,0,0.12015692676312222
SC4352F0-PSG.edf,SC,EMG submental,1.0,75960,1.8500939968404426,2.046389124784845,2.75872366270758,-3.998,3.64,-3.432,3.468,0,0.10857172948564357
SC4352F0-PSG.edf,SC,Temp rectal,1.0,75960,14.286562261690777,0.19495620158736213,14.287892398030737,5.053330281528954,15.563744563973449,14.06179903868162,14.972762645914397,0,0.10933529930620467
SC4352F0-PSG.edf,SC,Event marker,1.0,75960,955.3961295418642,32.9397835043012,955.9638035411616,68.0,1090.0,884.0,1025.0,0,0.13316394370647322
SC4362F0-PSG.edf,SC,EEG Fpz-Cz,100.0,6798000,-0.8344741211365895,21.79105712261163,21.807029086507157,-205.00000000000003,203.0,-67.90428015564206,63.61322957198442,0,0.0031921200237128916
SC4362F0-PSG.edf,SC,EEG Pz-Oz,100.0,6798000,-0.4159644792236847,12.745917951830515,12.752703669527149,-166.3223620965896,179.44325932707713,-36.34294651712823,33.794827191577035,0,0.003612832616699936
SC4362F0-PSG.edf,SC,EOG horizontal,100.0,6798000,-5.644359851850091,34.225291402425015,34.68759677057617,-627.554360265507,482.56525520714126,-118.27136644541082,107.08487067978945,0,0.025851759122917217
SC4362F0-PSG.edf,SC,Resp oro-nasal,1.0,67980,-80.97779691103794,260.01212765327773,272.3301491193175,-2048.0,2047.0,-802.972533760586,750.1943877317528,0,0.011900734050221393
SC4362F0-PSG.edf,SC,EMG submental,1.0,67980,3.2906989729654716,1.7174506645706769,3.711918172038585,-4.253986419470512,4.792019531548028,0.13801785305561914,4.6580453192950335,0,0.008532046661468983
SC4362F0-PSG.edf,SC,Temp rectal,1.0,67980,3.597432720070146,0.526552416565973,3.635763966874466,0.0,27.44151979858091,2.792858777752346,4.466010528725109,0,0.00656084967416408
SC4362F0-PSG.edf,SC,Event marker,1.0,67980,1027.003380018129,40.62602689977595,1027.8066046831586,127.0022888532845,1187.009613183795,928.0064087891966,1115.0260929274434,0,0.016078494829285514
SC4371F0-PSG.edf,SC,EEG Fpz-Cz,100.0,8550000,1.8473292280273328,27.54540380324417,27.607279763868473,-184.0,188.0,-86.43516483516483,81.35091575091575,0,0.003945033853840765
SC4371F0-PSG.edf,SC,EEG Pz-Oz,100.0,8550000,1.3895638704453683,17.959862560379936,18.013537990572093,-176.99999999999997,180.0,-55.90769230769228,59.605128205128224,0,0.0057286616709493225
SC4371F0-PSG.edf,SC,EOG horizontal,100.0,8550000,6.7851247303729485,57.97041793197085,58.36614834657234,-858.839072039072,878.9777777777778,-188.93870573870572,204.4058608058608,0,0.016987154370940786
SC4371F0-PSG.edf,SC,Resp oro-nasal,1.0,85500,118.2606432748538,326.9210995636976,347.65354174482286,-2660.0,2520.0,-964.0,1246.0,0,0.011579082796290016
SC4371F0-PSG.edf,SC,EMG submental,1.0,85500,3.9704918128654976,1.3914300845960375,4.207241723071172,-5.244,5.6160000000000005,0.076,5.24,0,0.008970865156317618
SC4371F0-PSG.edf,SC,Temp rectal,1.0,85500,13.803794592149098,0.14817111759635174,13.804589809999225,8.380865186541543,26.402380407415883,13.629663538567177,13.936369878690776,0,0.006830489245488252
SC4371F0-PSG.edf,SC,Event marker,1.0,85500,952.0701403508772,62.90431723749018,954.1459559600165,190.0,1167.0,831.0,1090.0,0,0.018935893987064176
SC4372F0-PSG.edf,SC,EEG Fpz-Cz,100.0,8520000,0.14273235079995647,33.549447603062376,33.549751221053704,-176.0,176.0,-111.44517704517705,110.24175824175825,0,0.0036854503350356046
SC4372F0-PSG.edf,SC,EEG Pz-Oz,100.0,8520000,0.05476888705450174,15.186052746151981,15.186151508525771,-172.00000000000003,172.0,-43.05250305250308,43.808547008546995,0,0.005003526999444835
SC4372F0-PSG.edf,SC,EOG horizontal,100.0,8520000,0.8062664785292951,67.34033640895223,67.34516295403301,-804.0271062271063,812.749938949939,-220.03345543345543,227.8840048840049,0,0.013133818232181023
SC4372F0-PSG.edf,SC,Resp oro-nasal,1.0,85200,30.95281690140845,497.4892783227149,498.45126032560876,-2902.0,3223.0,-1708.02,1753.0099999999948,0,0.008920292491695911
SC4372F0-PSG.edf,SC,EMG submental,1.0,85200,3.669997089201878,1.8839394685138882,4.125300783673191,-6.8,6.728,-0.034,5.3420000000000005,0,0.007159708447282245
SC4372F0-PSG.edf,SC,Temp rectal,1.0,85200,13.789134383626857,0.13349561423341272,13.789780568549302,7.7885099565117875,20.841840238040742,13.639276722362096,13.908903639276723,0,0.005892087935304405
SC4372F0-PSG.edf,SC,Event marker,1.0,85200,1015.7307746478873,73.0166202789379,1018.3518220162205,-218.0,1312.0,875.0,1141.0,0,0.01801664338783319
SC4381F0-PSG.edf,SC,EEG Fpz-Cz,100.0,8250000,-0.8253921211233242,12.849286492103806,12.875769317200964,-166.94285714285715,148.95457875457876,-41.701343101343106,36.09108669108669,0,0.004427884155011097
SC4381F0-PSG.edf,SC,EEG Pz-Oz,100.0,8250000,-0.8409200079920275,6.261277751286234,6.317495194979831,-164.38461538461542,138.56043956043956,-17.131868131868153,15.835164835164816,0,0.006504250308182192
SC4381F0-PSG.edf,SC,EOG horizontal,100.0,8250000,-4.9574553002551855,40.8114816778541,41.11147528118941,-469.99389499389486,377.6129426129427,-136.103785103785,125.64957264957275,0,0.017353960429042945
SC4381F0-PSG.edf,SC,Resp oro-nasal,1.0,82500,80.04112727272727,454.41214961157016,461.4076113044701,-1499.0,1717.0,-1227.0,1477.0099999999948,0,0.015575946375107577
SC4381F0-PSG.edf,SC,EMG submental,1.0,82500,2.0612290181818183,1.2230478195211834,2.3967709599021565,-0.75,3.3160000000000003,0.04,3.218,0,0.008666771718445073
SC4381F0-PSG.edf,SC,Temp rectal,1.0,82500,14.21884247279386,0.05847643317248715,14.218962717419407,8.998855573357748,14.306248569466698,14.166170748455023,14.262764934767679,0,0.009721329955514613
SC4381F0-PSG.edf,SC,Event marker,1.0,82500,850.0740606060606,28.455120962069795,850.5501763119224,107.0,948.0,784.99,909.0,0,0.01972145116910508
SC4382F0-PSG.edf,SC,EEG Fpz-Cz,100.0,8310000,0.5432665195881955,27.95628096148544,27.96155903573364,-189.9316239316239,185.1965811965812,-78.23931623931622,80.27350427350429,0,0.0031010867642440004
SC4382F0-PSG.edf,SC,EEG Pz-Oz,100.0,8310000,0.9775307073138112,9.740319484829488,9.789248691819532,-181.0,163.44444444444446,-24.37777777777778,27.355555555555558,0,0.00465463857357229
SC4382F0-PSG.edf,SC,EOG horizontal,100.0,8310000,2.3766994473316343,60.71022522512054,60.756729233458586,-713.3523809523809,635.6527472527473,-194.31941391941393,198.3194139194139,0,0.012344178512850195
SC4382F0-PSG.edf,SC,Resp oro-nasal,1.0,83100,80.78839951865223,497.01816593658253,503.54128208891643,-2178.0,1863.0,-1498.0,1658.0,0,0.017629574363109062
SC4382F0-PSG.edf,SC,EMG submental,1.0,83100,1.3806679181708783,1.9265433538705008,2.370192649260584,-1.95,3.958,-1.1520000000000001,3.646,0,0.012948410931539488
SC4382F0-PSG.edf,SC,Temp rectal,1.0,83100,14.228990285181203,0.06626142904827027,14.229144567146705,9.036850537880522,15.684138246738383,14.148317692835889,14.299382009613185,0,0.011444181037076258
SC4382F0-PSG.edf,SC,Event marker,1.0,83100,939.3295667870036,44.251748781369514,940.3713374568949,116.0,1119.0,842.0,1031.0,0,0.026715122925666974
SC4401E0-PSG.edf,SC,EEG Fpz-Cz,100.0,7890000,6.169963939454458,26.70460650837944,27.408109452889097,-160.78876678876676,192.22710622710625,-59.103785103785086,86.14652014652016,0,0.0038136930465057623
SC4401E0-PSG.edf,SC,EEG Pz-Oz,100.0,7890000,-0.35504513238344276,8.482602223699754,8.490029300982718,-182.441514041514,149.35946275946276,-21.362881562881544,21.41318681318683,0,0.004310525108396842
SC4401E0-PSG.edf,SC,EOG horizontal,100.0,7890000,-0.7011983497448596,53.09621480279322,53.100844677933736,-412.5462759462759,442.015873015873,-163.6126984126984,182.72967032967037,0,0.01163626316383164
SC4401E0-PSG.edf,SC,Resp oro-nasal,1.0,78900,105.350773130545,552.5038590096618,562.4582647803941,-1550.0,1877.0,-1188.0,1586.0099999999948,0,0.011001406861937414
SC4401E0-PSG.edf,SC,EMG submental,1.0,78900,2.7052049683143222,0.8875771344495207,2.847090987339554,-0.014,3.726,0.15,3.494,0,0.007465240370600388
SC4401E0-PSG.edf,SC,Temp rectal,1.0,78900,14.282694232698924,0.043304025909185674,14.282759879779226,9.268940260929275,14.365758754863814,14.227512016479743,14.319066147859923,0,0.011039430157543188
SC4401E0-PSG.edf,SC,Event marker,1.0,78900,1002.9511026615969,45.40597457017671,1003.9783946165279,83.0,1168.0,892.0,1094.0,0,0.014055944942267962
SC4402E0-PSG.edf,SC,EEG Fpz-Cz,100.0,8370000,-0.4415222996252289,21.951569126258857,21.956008950763067,-186.0,185.0,-61.88034188034187,63.5982905982906,0,0.0022759883823039216
SC4402E0-PSG.edf,SC,EEG Pz-Oz,100.0,8370000,-0.010405448378781719,10.060708154809141,10.060713535808436,-184.0,142.93137973137974,-25.207326007326007,26.375579975579974,0,0.0034719276845014153
SC4402E0-PSG.edf,SC,EOG horizontal,100.0,8370000,-1.1150342091281014,59.03433563548204,59.04486501983273,-493.9926739926739,438.96410256410263,-187.6021978021977,201.94505494505503,0,0.009252101854363029
SC4402E0-PSG.edf,SC,Resp oro-nasal,1.0,83700,42.77363201911589,438.25601899353364,440.3384173339493,-1601.0,1799.0,-1285.0,1499.0,0,0.03810081362979247
SC4402E0-PSG.edf,SC,EMG submental,1.0,83700,2.586442317801673,1.1217530181149789,2.819222179425622,-2.262,3.694,-0.26,3.482,0,0.03647594355966021
SC4402E0-PSG.edf,SC,Temp rectal,1.0,83700,14.32783822592814,0.1424719284156932,14.328546558487856,11.196612497138933,15.70794232089723,14.258640421149005,15.057907988097963,0,0.03841145055496482
SC4402E0-PSG.edf,SC,Event marker,1.0,83700,989.9637037037037,32.22520213606576,990.488060656697,118.0,1125.0,906.0,1056.0,0,0.11353779615049164
SC4411E0-PSG.edf,SC,EEG Fpz-Cz,100.0,8184000,-1.2998838359668896,27.314000086303516,27.344913580071847,-202.0,199.0,-77.44029304029303,76.10500610500611,0,0.0021334336918789
SC4411E0-PSG.edf,SC,EEG Pz-Oz,100.0,8184000,-0.9084833721833709,18.53166977794224,18.553924835361162,-186.99999999999997,182.0021978021978,-55.27838827838828,57.547985347985346,0,0.00375977976512679
SC4411E0-PSG.edf,SC,EOG horizontal,100.0,8184000,-4.6056375594536565,68.63393742742053,68.7882930746223,-564.7770451770451,497.7787545787546,-232.5518925518925,207.90525030525035,0,0.01169967216479981
SC4411E0-PSG.edf,SC,Resp oro-nasal,1.0,81840,-202.44751955034212,933.1296989177873,954.8382235617125,-3437.0,3474.0,-2610.0,2639.0,0,0.008455626290643826
SC4411E0-PSG.edf,SC,EMG submental,1.0,81840,5.555538611925709,1.7603553668840082,5.827766320496624,-1.432,49.914,1.18,7.078,0,0.005156465743716321
SC4411E0-PSG.edf,SC,Temp rectal,1.0,81840,14.25650683176839,0.08560616262843528,14.256763849462425,6.117647058823529,16.110322728313115,14.143282215609979,14.318608377203022,0,0.01049621818448417
SC4411E0-PSG.edf,SC,Event marker,1.0,81840,1993.038599706745,142.70184180054895,1998.1408047418208,155.0,2284.0,1647.0,2212.0,0,0.010593971089578318
SC4412E0-PSG.edf,SC,EEG Fpz-Cz,100.0,8574000,1.4706494010486082,36.69833966204253,36.72779524571888,-181.00000000000003,183.99999999999997,-99.79975579975583,105.1172161172161,0,0.0024422701682647167
SC4412E0-PSG.edf,SC,EEG Pz-Oz,100.0,8574000,0.8963081492646425,22.435270547008916,22.453167545269075,-184.99999999999997,187.0,-69.53919413919412,73.99194139194141,0,0.008820864031798497
SC4412E0-PSG.edf,SC,EOG horizontal,100.0,8574000,5.398360810873446,78.79030184844827,78.97502114475164,-638.4593406593408,595.6278388278388,-247.73235653235665,238.99413919413908,0,0.010411721963753165
SC4412E0-PSG.edf,SC,Resp oro-nasal,1.0,85740,-98.48732213669233,515.3505748643859,524.6770126799054,-1786.0,1887.0,-1439.6100000000001,1622.0,0,0.04662988838218314
SC4412E0-PSG.edf,SC,EMG submental,1.0,85740,3.1630603685560996,0.8817675593295198,3.2836663843661382,-1.064,3.918,-0.012,3.754,0,0.04346913306663246
SC4412E0-PSG.edf,SC,Temp rectal,1.0,85740,14.237327246168869,0.1497467058451153,14.238114734416698,8.092011902037079,15.427328908216984,14.170748455024032,15.002059967956054,0,0.044238911113962144
SC4412E0-PSG.edf,SC,Event marker,1.0,85740,1091.3487753673899,22.511198835866484,1091.5809193866157,118.0,1216.0,1036.0,1138.0,0,0.05523740654777872
SC4421E0-PSG.edf,SC,EEG Fpz-Cz,100.0,8292000,-1.3385012197643156,31.81854142032299,31.846682144803115,-175.28571428571428,157.45714285714286,-82.45714285714286,86.14285714285714,0,0.0017896789552327005
SC4421E0-PSG.edf,SC,EEG Pz-Oz,100.0,8292000,-0.8397776719929952,18.016946503739764,18.036507085824518,-160.1321123321123,160.97460317460317,-51.833211233211216,50.49645909645911,0,0.002396288466339202
SC4421E0-PSG.edf,SC,EOG horizontal,100.0,8292000,-4.16209397851441,102.02156980481791,102.10643335130902,-669.6605616605617,624.041514041514,-320.3199023199023,289.77045177045176,0,0.0076640227496656416
SC4421E0-PSG.edf,SC,Resp oro-nasal,1.0,82920,-28.3234322238302,38.64259352872183,47.911030541660416,-513.0,774.0,-101.0,62.0,0,0.022672728807631545
SC4421E0-PSG.edf,SC,EMG submental,1.0,82920,2.813913772310661,0.5673557841950037,2.8705405943583417,-1.946,3.442,0.61,3.224,0,0.010528346940990606
SC4421E0-PSG.edf,SC,Temp rectal,1.0,82920,36.444993029032936,0.8343432223005505,36.45454217925193,35.016294508147254,38.60108630054315,35.16113458056729,37.97465298732649,0,0.01895826047106212
SC4421E0-PSG.edf,SC,Event marker,1.0,82920,986.3426073323685,32.735862727193634,986.8856953810348,148.0,1102.0,915.0,1058.0,0,0.018982380395325557
SC4422E0-PSG.edf,SC,EEG Fpz-Cz,100.0,8046000,0.3131676996160889,32.19302363570651,32.1945468180132,-201.0,202.0,-88.41587301587302,89.9079365079365,0,0.00248819598334077
SC4422E0-PSG.edf,SC,EEG Pz-Oz,100.0,8046000,1.8212351173062449,12.851547887060821,12.979953021714946,-124.87692307692309,174.1076923076923,-32.569230769230785,37.39999999999999,0,0.003435251597379564
SC4422E0-PSG.edf,SC,EOG horizontal,100.0,8046000,4.585093107215973,100.46046005694065,100.56503922165997,-603.6947496947496,622.2129426129426,-303.40927960927957,292.29694749694755,0,0.00860055754481425
SC4422E0-PSG.edf,SC,Resp oro-nasal,1.0,80460,-48.022184936614465,256.0405804053652,260.5051037127731,-1594.0,1795.0,-1203.4099999999999,966.4100000000035,0,0.025553387439565492
SC4422E0-PSG.edf,SC,EMG submental,1.0,80460,2.6783183942331594,0.8114829631882755,2.7985521293041002,-2.422,48.802,-0.14400000000000002,3.3120000000000003,0,0.015573149057283834
SC4422E0-PSG.edf,SC,Temp rectal,1.0,80460,36.83598100755819,0.38912354679309596,36.83803623870111,35.05604395604396,38.81978021978022,35.88461538461539,37.642857142857146,0,0.02744254837867734
SC4422E0-PSG.edf,SC,Event marker,1.0,80460,1010.2543127019637,40.57302335762618,1011.0687150521944,155.0,1170.0,922.0,1106.0,0,0.044022421357461566
SC4431E0-PSG.edf,SC,EEG Fpz-Cz,100.0,8430000,-0.00827747868317264,34.66231049183252,34.66231148017765,-200.0,200.0,-92.35653235653236,99.68253968253968,0,0.0027580103890989193
SC4431E0-PSG.edf,SC,EEG Pz-Oz,100.0,8430000,-0.08155809002385514,11.94921049157381,11.949488821451144,-180.65347985347987,167.8065934065934,-31.273260073260072,32.96117216117216,0,0.005345202070227841
SC4431E0-PSG.edf,SC,EOG horizontal,100.0,8430000,-1.4479372852058858,90.8402096595065,90.85174854324484,-556.7860805860806,499.36849816849815,-274.72161172161174,292.12820512820514,0,0.010029667888099511
SC4431E0-PSG.edf,SC,Resp oro-nasal,1.0,84300,68.46339264531436,486.5400615641806,491.3333569374088,-1695.0,1846.0,-1225.01,1400.0,0,0.013547017165090927
SC4431E0-PSG.edf,SC,EMG submental,1.0,84300,2.9043573665480427,1.210051544944758,3.1463497030757845,-2.948,3.83,-1.008,3.652,0,0.015812761717220843
SC4431E0-PSG.edf,SC,Temp rectal,1.0,84300,36.71017190025752,0.43007317356775704,36.71269104657244,35.306735751295335,38.424870466321245,35.98549222797927,37.53886010362694,0,0.02912252814386885
SC4431E0-PSG.edf,SC,Event marker,1.0,84300,1049.9067615658364,42.5071386295411,1050.766893662021,71.0,1193.0,940.0,1131.0,0,0.03838716948006501
SC4432E0-PSG.edf,SC,EEG Fpz-Cz,100.0,8340000,0.1412825256278491,27.074452060553565,27.07482068511738,-192.0,192.0,-73.84615384615384,78.44102564102565,0,0.002119906618593068
SC4432E0-PSG.edf,SC,EEG Pz-Oz,100.0,8340000,0.580306886066233,12.977810042678941,12.990777866851326,-156.82002442002442,136.16605616605614,-33.9973137973138,36.39999999999999,0,0.0029628332887689313
SC4432E0-PSG.edf,SC,EOG horizontal,100.0,8340000,1.3043319509960538,88.57350904181254,88.58311230600573,-474.0024420024419,454.4004884004885,-254.83272283272277,286.51648351648356,0,0.008739818632876059
SC4432E0-PSG.edf,SC,Resp oro-nasal,1.0,83400,46.424988009592326,668.9928599225839,670.6017641932422,-1764.0,1977.0,-1452.0,1643.0099999999948,0,0.004964088298420845
SC4432E0-PSG.edf,SC,EMG submental,1.0,83400,0.9690004556354915,2.1600784185515947,2.367467139648225,-1.2,4.0040000000000004,-1.046,3.692,0,0.012302305783042962
SC4432E0-PSG.edf,SC,Temp rectal,1.0,83400,36.83183186469247,0.3539101605274097,36.83353215360564,35.06471421823335,38.465753424657535,35.26594237128012,37.371752479924425,0,0.020311994148610894
SC4432E0-PSG.edf,SC,Event marker,1.0,83400,1017.795407673861,35.291473219859306,1018.4070796906456,86.0,1163.0,936.0,1094.0,0,0.012961786112543316
SC4441E0-PSG.edf,SC,EEG Fpz-Cz,100.0,7860000,-0.4445390822917504,35.390784339942144,35.39357612889628,-185.0,184.0,-98.58461538461538,101.45934065934067,0,0.001748093827091383
SC4441E0-PSG.edf,SC,EEG Pz-Oz,100.0,7860000,-0.5133167624515736,10.033326836724575,10.046449199152475,-192.6984126984127,179.48302808302807,-24.979242979242983,25.045665445665446,0,0.0044936443939496105
SC4441E0-PSG.edf,SC,EOG horizontal,100.0,7860000,-4.127963368565251,78.7051643919968,78.813342674597,-506.4358974358974,469.53846153846155,-241.41025641025638,258.5641025641026,0,0.006874054547143189
SC4441E0-PSG.edf,SC,Resp oro-nasal,1.0,78600,32.84661577608143,221.58939737267943,224.01062741738116,-2142.0,2832.0,-696.0,785.0,0,0.035433020776345754
SC4441E0-PSG.edf,SC,EMG submental,1.0,78600,2.545459821882952,0.9803126602369437,2.727705742311883,-4.08,4.276,-0.6740200000000001,3.212,0,0.03419890838305831
SC4441E0-PSG.edf,SC,Temp rectal,1.0,78600,36.72877656727357,0.4839592345312382,36.731964889852975,34.47033441208198,39.77238403451995,35.26321467098166,37.5631067961165,0,0.045331365539001765
SC4441E0-PSG.edf,SC,Event marker,1.0,78600,880.4609033078881,28.15959827954688,880.9110995038078,69.0,1005.0,818.0,936.0,0,0.08035725645364444
SC4442E0-PSG.edf,SC,EEG Fpz-Cz,100.0,8334000,-0.3671710681607207,35.67711688949113,35.679006210090904,-181.0,180.0,-95.66471306471308,99.77777777777777,0,0.0015226800128149902
SC4442E0-PSG.edf,SC,EEG Pz-Oz,100.0,8334000,0.07788568545285611,10.052954349492815,10.05325605627276,-168.1948717948718,166.1054945054945,-24.845421245421246,26.298901098901098,0,0.0038108997011035532
SC4442E0-PSG.edf,SC,EOG horizontal,100.0,8334000,-0.6908764961220155,87.54776495754798,87.55049091464291,-577.7377289377289,510.22490842490845,-252.40879120879114,280.2827838827839,0,0.006442292347363028
SC4442E0-PSG.edf,SC,Resp oro-nasal,1.0,83340,35.10069594432446,196.04598536375448,199.16346862068195,-2608.0,2553.0,-659.22,646.0,0,0.0763028114088242
SC4442E0-PSG.edf,SC,EMG submental,1.0,83340,2.5345080873530117,1.4720887084701593,2.931002628873465,-5.272,4.078,-1.034,3.732,0,0.07459892727294544
SC4442E0-PSG.edf,SC,Temp rectal,1.0,83340,36.401371437921334,1.1417608341265217,36.4192731992809,19.87381818181818,39.227636363636364,35.097454545454546,38.108363636363634,0,0.0789666302691417
SC4442E0-PSG.edf,SC,Event marker,1.0,83340,1059.1656107511399,33.496709458115305,1059.695154533773,64.0,1186.0,991.39,1128.0,0,0.18302355439830092
SC4451F0-PSG.edf,SC,EEG Fpz-Cz,100.0,8370000,-0.45327549390740557,25.641255176978202,25.645261272295304,-175.0,174.0,-71.791452991453,74.45616605616604,0,0.00195938107452936
SC4451F0-PSG.edf,SC,EEG Pz-Oz,100.0,8370000,-0.016311809576345707,11.951681696644401,11.951692827923432,-180.00000000000003,167.86813186813185,-31.780219780219802,33.45054945054943,0,0.0034372800923298595
SC4451F0-PSG.edf,SC,EOG horizontal,100.0,8370000,-5.655267137328395,59.921235358989705,60.1875111077205,-482.48473748473754,484.4412698412698,-185.4722832722833,191.79023199023194,0,0.00808722591066417
SC4451F0-PSG.edf,SC,Resp oro-nasal,1.0,83700,86.70536439665472,555.2869376225968,562.0154831581052,-1634.0,1748.0,-1420.0,1600.0,0,0.010955925399347663
SC4451F0-PSG.edf,SC,EMG submental,1.0,83700,2.976388100358423,0.7370335201712397,3.066285135764649,-1.162,3.52,0.192,3.398,0,0.015961958924240433
SC4451F0-PSG.edf,SC,Temp rectal,1.0,83700,14.306114404926866,0.05430822551122514,14.306217485772189,9.487296864271,15.09269855802243,14.26596475165942,14.344243533989472,0,0.011636937119917801
SC4451F0-PSG.edf,SC,Event marker,1.0,83700,968.9658781362007,23.74619998473729,969.2568054989213,76.0,1092.0,913.0,1015.0,0,0.022688443111626183
SC4452F0-PSG.edf,SC,EEG Fpz-Cz,100.0,8010000,-0.37260983392247704,23.809952058457693,23.812867427388696,-195.99999999999997,195.0,-66.81245421245418,67.91306471306473,0,0.002188517089284756
SC4452F0-PSG.edf,SC,EEG Pz-Oz,100.0,8010000,-0.4330372866334425,10.162677171683969,10.17189896663752,-123.68131868131864,153.25714285714287,-27.718681318681295,27.854945054945077,0,0.004528095540693559
SC4452F0-PSG.edf,SC,EOG horizontal,100.0,8010000,-2.2866123399474985,56.051150225744045,56.09777212708297,-564.0207570207571,458.7894993894993,-174.83394383394386,186.58632478632475,0,0.009739088313468557
SC4452F0-PSG.edf,SC,Resp oro-nasal,1.0,80100,86.86595505617977,410.0160890202038,419.1167944657503,-1688.0,1779.0,-1265.0,1557.0,0,0.010299754054357733
SC4452F0-PSG.edf,SC,EMG submental,1.0,80100,3.0822933583021226,0.7921231470757348,3.182450537992153,-0.886,3.684,0.254,3.5340000000000003,0,0.016067616324798063
SC4452F0-PSG.edf,SC,Temp rectal,1.0,80100,14.272201874002198,0.041913592206336475,14.272263418304874,9.971160448615244,14.872968642710003,14.220187685969329,14.315861753261617,0,0.011098765277968515
SC4452F0-PSG.edf,SC,Event marker,1.0,80100,982.5397003745319,30.326254833803766,983.0076014682286,88.0,1112.0,900.0,1039.0,0,0.020487147155395197
SC4461F0-PSG.edf,SC,EEG Fpz-Cz,100.0,8088000,-0.111818523711719,21.120601837637647,21.120897835231045,-180.00000000000003,180.0,-76.61538461538464,59.29670329670328,0,0.003764841450100705
SC4461F0-PSG.edf,SC,EEG Pz-Oz,100.0,8088000,0.8773044905309206,9.95030455938958,9.988905044784186,-159.20073260073258,174.64542124542126,-26.298168498168476,27.934798534798553,0,0.004685960294214014
SC4461F0-PSG.edf,SC,EOG horizontal,100.0,8088000,0.8699791335903594,70.09390684235599,70.09930556088095,-557.6747252747252,590.7306471306472,-222.1250305250305,243.51746031746035,0,0.015285627207748773
SC4461F0-PSG.edf,SC,Resp oro-nasal,1.0,80880,130.1057987141444,472.45253726836995,490.0397114830246,-1820.0,1901.0,-1080.0,1367.0,0,0.010163330407151424
SC4461F0-PSG.edf,SC,EMG submental,1.0,80880,2.6990994312561822,1.258781206375401,2.978198761891381,-0.10200000000000001,3.8360000000000003,0.126,3.742,0,0.008271615623338568
SC4461F0-PSG.edf,SC,Temp rectal,1.0,80880,13.062339997527202,0.23100236652651554,13.064382431035146,2.342,13.378,12.894,13.248000000000001,0,0.007628679879820473
SC4461F0-PSG.edf,SC,Event marker,1.0,80880,865.7951780415431,41.861149025296164,866.8065794153302,99.0,1000.0,796.0,950.0,0,0.018570951668541894
SC4462F0-PSG.edf,SC,EEG Fpz-Cz,100.0,8568000,7.746071536563329,22.23928105378993,23.54967613448255,-184.00000000000003,199.0,-68.11794871794874,68.80899389499474,0,0.003509574591006759
SC4462F0-PSG.edf,SC,EEG Pz-Oz,100.0,8568000,-0.7858249092229501,12.106347351408022,12.131824552840333,-183.0,181.0,-35.44444444444444,32.55555555555556,0,0.00419935130643243
SC4462F0-PSG.edf,SC,EOG horizontal,100.0,8568000,-4.250068423608669,68.92963747949747,69.06053869367294,-658.2603174603173,628.2224664224665,-227.52893772893762,234.6148962148963,0,0.014628868614459167
SC4462F0-PSG.edf,SC,Resp oro-nasal,1.0,85680,156.47862978524742,445.15195200550676,471.85360224733,-1916.0,1992.0,-1060.21,1492.0,0,0.011403027579686972
SC4462F0-PSG.edf,SC,EMG submental,1.0,85680,2.7468807422969186,1.2464787335570175,3.0164653231243315,-0.048,4.11,0.19957999999999992,3.806,0,0.008205044409948762
SC4462F0-PSG.edf,SC,Temp rectal,1.0,85680,12.7775889589169,0.17619507560658573,12.778803711916977,3.9,14.98,12.577,13.007,0,0.006139193968183569
SC4462F0-PSG.edf,SC,Event marker,1.0,85680,830.5140522875816,43.24247600031465,831.6390459675265,120.0,1016.0,760.0,938.0,0,0.01649178911985434
SC4471F0-PSG.edf,SC,EEG Fpz-Cz,100.0,8220000,-0.5200678270634476,26.043374872649185,26.04856704892,-183.00000000000003,182.0,-71.67277167277167,70.67277167277167,0,0.0019513405734070237
SC4471F0-PSG.edf,SC,EEG Pz-Oz,100.0,8220000,-0.08305354170565846,9.839923939428983,9.84027443847667,-174.06227106227107,166.3758241758242,-24.176556776556776,24.98095238095238,0,0.00431995659362116
SC4471F0-PSG.edf,SC,EOG horizontal,100.0,8220000,0.5276091929211494,50.77540445949578,50.77814558927727,-547.6161172161172,484.631746031746,-154.71208791208792,162.7103785103785,0,0.011573006779813601
SC4471F0-PSG.edf,SC,Resp oro-nasal,1.0,82200,10.910024330900244,111.04969770047465,111.58433577464015,-1488.0,1600.0,-279.0,271.0,0,0.010584070365819535
SC4471F0-PSG.edf,SC,EMG submental,1.0,82200,2.701011532846715,0.7829498872220729,2.8122008865783434,-3.0260000000000002,48.550000000000004,0.496,3.212,0,0.016204576698013357
SC4471F0-PSG.edf,SC,Temp rectal,1.0,82200,14.267258683302343,0.09757103431388967,14.267592314157396,6.345159075303273,16.028381780727855,14.19546807049668,14.355230029755093,0,0.007068212508667989
SC4471F0-PSG.edf,SC,Event marker,1.0,82200,888.1843430656934,42.744085922862936,889.2122829495883,72.0,1104.0,808.0,997.0,0,0.016131583109283566
SC4472F0-PSG.edf,SC,EEG Fpz-Cz,100.0,8370000,-0.8103897977397488,30.370059733470683,30.380869965141848,-201.8161172161172,176.53308913308913,-89.44590964590962,90.40561660561661,0,0.0032556789195686015
SC4472F0-PSG.edf,SC,EEG Pz-Oz,100.0,8370000,0.15158872816019783,13.098467677672794,13.099344817415258,-181.2984126984127,155.92503052503054,-40.15897435897436,42.30451770451771,0,0.005526888323641964
SC4472F0-PSG.edf,SC,EOG horizontal,100.0,8370000,-2.179957724998984,50.03274333762491,50.08021187626336,-393.0417582417582,427.78901098901105,-153.99120879120875,158.8571428571429,0,0.011191172271412511
SC4472F0-PSG.edf,SC,Resp oro-nasal,1.0,83700,87.63652329749104,84.10340260138811,121.4641615654711,-1356.0,1555.0,-114.0,267.0,0,0.017562933846282512
SC4472F0-PSG.edf,SC,EMG submental,1.0,83700,2.5742672162485065,0.502643434184522,2.622880501010415,-0.258,3.244,0.76,3.0300000000000002,0,0.009785063142928829
SC4472F0-PSG.edf,SC,Temp rectal,1.0,83700,14.314299229419397,0.05657155826334823,14.314411017242765,8.653696498054474,14.414282444495308,14.259555962462807,14.374914168001832,0,0.009546111662027025
SC4472F0-PSG.edf,SC,Event marker,1.0,83700,854.4317084826762,39.8575220337703,855.3608399519453,83.0,993.0,765.0,941.0,0,0.018518739769889724
SC4481F0-PSG.edf,SC,EEG Fpz-Cz,100.0,8640000,8.174636567177698,33.58623755485749,34.56674754871736,-175.99999999999997,192.00000000000003,-75.88962148962148,102.49377289377291,0,0.0028252347514291106
SC4481F0-PSG.edf,SC,EEG Pz-Oz,100.0,8640000,0.148527269027249,15.41288849435241,15.41360412392201,-175.34065934065939,155.2087912087912,-41.18681318681321,45.67032967032966,0,0.003297457520205463
SC4481F0-PSG.edf,SC,EOG horizontal,100.0,8640000,1.3316893849207658,88.31332568300317,88.3233654805459,-525.5714285714284,478.57142857142867,-264.142857142857,260.42857142857156,0,0.009825242853290339
SC4481F0-PSG.edf,SC,Resp oro-nasal,1.0,86400,104.42512731481482,508.8416134372044,519.4462385849884,-1515.0,1784.0,-1303.0,1585.0,0,0.006180627090591326
SC4481F0-PSG.edf,SC,EMG submental,1.0,86400,2.781637361111111,0.9065212151367648,2.9256259368248396,0.038,3.5540000000000003,0.224,3.428,0,0.010717716640238892
SC4481F0-PSG.edf,SC,Temp rectal,1.0,86400,13.35983230324074,0.08348726014766325,13.360093161850397,6.19,15.419,13.204,13.487,0,0.010428361439368511
SC4481F0-PSG.edf,SC,Event marker,1.0,86400,974.5911342592592,35.59586762208517,975.2409675400837,99.0,1095.0,894.0,1049.0,0,0.019421521082419936
SC4482F0-PSG.edf,SC,EEG Fpz-Cz,100.0,8640000,0.6564902071462602,29.78265644768212,29.789890977859226,-184.99999999999997,186.0,-78.0034188034188,90.23760683760685,0,0.0018194465502853591
SC4482F0-PSG.edf,SC,EEG Pz-Oz,100.0,8640000,0.09214247167955496,18.60306178084301,18.603289974005914,-183.0,179.24615384615385,-49.29157509157509,55.27985347985348,0,0.0023981509237857913
SC4482F0-PSG.edf,SC,EOG horizontal,100.0,8640000,-0.6035490679689741,91.25419684744777,91.25619274191855,-490.0087912087911,439.6967032967034,-277.33406593406585,270.6593406593407,0,0.008613435895180434
SC4482F0-PSG.edf,SC,Resp oro-nasal,1.0,86400,73.1762962962963,417.9842739800337,424.341399858957,-1481.0,1667.0,-1133.01,1281.0,0,0.006551001747705413
SC4482F0-PSG.edf,SC,EMG submental,1.0,86400,2.680853981481482,0.9377002329245421,2.840116159042065,-0.9480000000000001,3.452,0.22,3.31,0,0.012025602148173012
SC4482F0-PSG.edf,SC,Temp rectal,1.0,86400,13.419925960648149,0.054899887144257004,13.420038255790725,6.337,14.987,13.306000000000001,13.513,0,0.011238556001805577
SC4482F0-PSG.edf,SC,Event marker,1.0,86400,958.6618171296296,26.30783743653075,959.0227223235487,108.0,1078.0,894.0,1018.0,0,0.021377562240303707
SC4491G0-PSG.edf,SC,EEG Fpz-Cz,100.0,8400000,-0.0019729178440417217,24.930098137643842,24.930098215710206,-170.99999999999997,171.0,-76.54285714285712,69.86153846153847,0,0.0019595261422930264
SC4491G0-PSG.edf,SC,EEG Pz-Oz,100.0,8400000,-0.0614620073260073,12.66087470682987,12.661023889101099,-177.0,177.0,-33.065934065934066,33.41172161172161,0,0.003508337509925607
SC4491G0-PSG.edf,SC,EOG horizontal,100.0,8400000,0.5797516001512198,93.68629068057673,93.68808447931565,-754.4349206349206,683.7360195360196,-285.24737484737483,307.6312576312577,0,0.008498819641451954
SC4491G0-PSG.edf,SC,Resp oro-nasal,1.0,84000,21.741333333333333,34.002285933425306,40.358902658639316,-173.0,225.0,-56.0,124.0,0,0.02478600935725425
SC4491G0-PSG.edf,SC,EMG submental,1.0,84000,3.9826956190476195,1.0517193147276909,4.119220546529693,0.352,4.8420000000000005,0.55,4.684,0,0.011178704508387004
SC4491G0-PSG.edf,SC,Temp rectal,1.0,84000,12.971511238095237,0.12903519985754525,12.972153016474689,1.218,13.204,12.839,13.086,0,0.011690615364468625
SC4491G0-PSG.edf,SC,Event marker,1.0,84000,1144.4146547619048,45.3995348413327,1145.314812528686,91.0,1299.0,982.0,1225.0,0,0.019714520410957274
SC4492G0-PSG.edf,SC,EEG Fpz-Cz,100.0,6408000,0.07621275801461139,21.94084665064242,21.940979014881993,-173.00000000000003,173.0,-64.84859584859588,64.67960927960927,0,0.002514048867117458
SC4492G0-PSG.edf,SC,EEG Pz-Oz,100.0,6408000,0.017575968683833855,13.129520816999227,13.129532581119987,-177.0,177.0,-34.1032967032967,35.31355311355311,0,0.003294324741455589
SC4492G0-PSG.edf,SC,EOG horizontal,100.0,6408000,-2.8885340993553195,66.2216039984393,66.2845718502372,-627.3892551892551,569.519413919414,-212.60439560439556,225.1697191697192,0,0.010009378916009544
SC4492G0-PSG.edf,SC,Resp oro-nasal,1.0,64080,13.39185393258427,28.78308673867138,31.745989257818902,-119.0,210.0,-40.0,118.0,0,0.030805724184210116
SC4492G0-PSG.edf,SC,EMG submental,1.0,64080,3.4600611111111115,0.45072211738707313,3.4892941004915796,-0.794,3.85,1.156,3.704,0,0.025187658983442312
SC4492G0-PSG.edf,SC,Temp rectal,1.0,64080,13.245047284644194,0.18978059818724158,13.246406842910604,2.955,15.127,13.132,13.352,0,0.015246804725417064
SC4492G0-PSG.edf,SC,Event marker,1.0,64080,964.8384831460675,32.99121821178185,965.4023612145879,96.0,1102.0,898.0,1031.0,0,0.026779444123659856
SC4501E0-PSG.edf,SC,EEG Fpz-Cz,100.0,8250000,3.4056595015355025,20.275477957210324,20.559511741131434,-165.0,160.80781440781442,-53.736507936507934,62.793894993894995,0,0.00306788250652425
SC4501E0-PSG.edf,SC,EEG Pz-Oz,100.0,8250000,0.39252511748991,25.483861818784554,25.486884650085532,-167.7785103785104,174.06251526251526,-71.64371184371186,79.03565323565323,0,0.0045793994901812
SC4501E0-PSG.edf,SC,EOG horizontal,100.0,8250000,1.4302945630369825,55.44006567638323,55.458512644487115,-505.30842490842485,466.5206349206349,-179.8481074481074,173.37875457875458,0,0.012398802907639887
SC4501E0-PSG.edf,SC,Resp oro-nasal,1.0,82500,-63.49911515151515,86.68124825599274,107.4512746515481,-1749.0,1926.0,-126.0,12.0,0,0.021721475411823173
SC4501E0-PSG.edf,SC,EMG submental,1.0,82500,2.7927542303030304,1.1147210537375443,3.0070050246917135,-0.88,3.766,0.392,3.654,0,0.009430417338391981
SC4501E0-PSG.edf,SC,Temp rectal,1.0,82500,13.940908860606063,0.5713626902014314,13.95261248596401,13.323,15.895,13.431000000000001,15.633000000000001,0,0.01569715996557534
SC4501E0-PSG.edf,SC,Event marker,1.0,82500,1086.1041454545455,25.144666325751643,1086.3951716655324,142.0,1196.0,1032.0,1139.0,0,0.020836616201408503
SC4502E0-PSG.edf,SC,EEG Fpz-Cz,100.0,8310000,0.04283889290012031,25.131320433155523,25.131356944754984,-182.0,182.0,-76.75555555555556,71.6888888888889,0,0.002346573220906403
SC4502E0-PSG.edf,SC,EEG Pz-Oz,100.0,8310000,0.9770769304822935,11.917425364314635,11.957412205075583,-178.0051282051282,164.65274725274728,-31.93040293040291,35.474725274725294,0,0.00417930707497843
SC4502E0-PSG.edf,SC,EOG horizontal,100.0,8310000,4.309178345697669,68.7307145481851,68.86566735550541,-571.1316239316238,554.096214896215,-225.18778998778996,222.71843711843715,0,0.009969927761645923
SC4502E0-PSG.edf,SC,Resp oro-nasal,1.0,83100,-94.77283995186522,331.6975883891805,344.97127610243155,-2099.0,2155.0,-1685.0,1787.0,0,0.02456106571679563
SC4502E0-PSG.edf,SC,EMG submental,1.0,83100,2.8196170397111913,1.1203776649908057,3.0340544429591163,-2.766,3.986,0.52,3.7920000000000003,0,0.009663172842031793
SC4502E0-PSG.edf,SC,Temp rectal,1.0,83100,14.191135270758123,0.6468065883994134,14.205867767783568,12.888,15.975,13.153,15.605,0,0.02075837254359258
SC4502E0-PSG.edf,SC,Event marker,1.0,83100,1065.7654632972321,35.86978369640318,1066.368915591406,94.0,1204.0,971.0,1137.0,0,0.022431076186235695
SC4511E0-PSG.edf,SC,EEG Fpz-Cz,100.0,8136000,-2.620048062696086,22.782879566802894,22.933038464326575,-193.00000000000003,188.0,-67.02344322344324,64.44249084249083,0,0.0032706529875282542
SC4511E0-PSG.edf,SC,EEG Pz-Oz,100.0,8136000,0.3623235403512512,6.3522531334519945,6.36257795389128,-200.00000000000003,138.42637362637362,-15.706471306471325,16.902319902319885,0,0.00770035361400395
SC4511E0-PSG.edf,SC,EOG horizontal,100.0,8136000,-0.18859773385421608,63.662438555906455,63.66271791236829,-488.8336996336997,495.6446886446886,-193.92600732600738,209.93772893772888,0,0.012975679665289657
SC4511E0-PSG.edf,SC,Resp oro-nasal,1.0,81360,203.2469395280236,338.5329926910205,394.85934909515134,-1856.0,2032.0,-693.0,1183.4100000000035,0,0.005088558118954265
SC4511E0-PSG.edf,SC,EMG submental,1.0,81360,2.3609869960668637,1.0638650982268356,2.5896077971040374,-0.06,4.072,0.106,3.818,0,0.004363377130987352
SC4511E0-PSG.edf,SC,Temp rectal,1.0,81360,36.25593751150233,0.48387383130986794,36.25916627175241,34.847058823529416,37.54652406417112,35.07870588235294,37.10374331550802,0,0.012438697624110423
SC4511E0-PSG.edf,SC,Event marker,1.0,81360,947.9727507374631,38.933617613658,948.7719234469572,140.0,1110.0,861.0,1035.0,0,0.013360537863051414
SC4512E0-PSG.edf,SC,EEG Fpz-Cz,100.0,8250000,-2.3436925330965326,24.629632317587195,24.740890905325706,-188.99999999999997,181.08522588522587,-74.59511599511599,70.32380952380952,0,0.003027882458039343
SC4512E0-PSG.edf,SC,EEG Pz-Oz,100.0,8250000,-1.3501440101528228,6.541718494428825,6.679593528688979,-144.5750915750916,150.56410256410257,-18.129670329670343,16.228327228327217,0,0.007627888033803677
SC4512E0-PSG.edf,SC,EOG horizontal,100.0,8250000,-3.7330127038590963,63.45091727362255,63.56063472552222,-517.5555555555555,506.3003663003663,-202.28009768009767,205.00708180708182,0,0.010133345616176504
SC4512E0-PSG.edf,SC,Resp oro-nasal,1.0,82500,179.6496606060606,309.92881886868696,358.2315917408906,-1946.0,2089.0,-876.01,1254.0099999999948,0,0.009175868798409677
SC4512E0-PSG.edf,SC,EMG submental,1.0,82500,2.5225142303030306,1.0518633330301308,2.7330375982511743,-0.402,4.186,0.166,3.924,0,0.005527339725330004
SC4512E0-PSG.edf,SC,Temp rectal,1.0,82500,36.38029811240444,0.25167508566586344,36.38116863290901,34.77471636952998,37.51701782820097,35.94488384656942,36.801728795245815,0,0.014194111443775076
SC4512E0-PSG.edf,SC,Event marker,1.0,82500,905.9537939393939,55.157412190433824,907.6313221086673,117.0,1069.0,778.0,1008.0,0,0.014860786191347774
SC4522E0-PSG.edf,SC,EEG Fpz-Cz,100.0,8322000,3.4050993556658264,24.681695983976567,24.91547347066476,-160.55604395604396,144.43101343101344,-62.78901098901099,75.87887667887668,0,0.003334538974452024
SC4522E0-PSG.edf,SC,EEG Pz-Oz,100.0,8322000,0.8886847606077604,7.344257746086479,7.397829576618248,-141.35555555555555,138.2888888888889,-19.666666666666668,20.866666666666667,0,0.007480182023770756
SC4522E0-PSG.edf,SC,EOG horizontal,100.0,8322000,6.41041547845723,67.37811445345018,67.68237387908812,-571.893772893773,571.3589743589743,-191.26373626373632,214.3479853479853,0,0.01219299710766295
SC4522E0-PSG.edf,SC,Resp oro-nasal,1.0,83220,62.31986301369863,253.98620535101696,261.5200906902855,-1407.0,1590.0,-742.0,1009.8099999999977,0,0.01637847126257225
SC4522E0-PSG.edf,SC,EMG submental,1.0,83220,2.719069718817592,0.5143278777856366,2.767286270276036,-0.61,3.202,0.372,3.072,0,0.0104062774126101
SC4522E0-PSG.edf,SC,Temp rectal,1.0,83220,14.20778968997837,0.6236747442406411,14.221471726275706,13.232000000000001,15.589,13.427,15.142,0,0.01923839507804708
SC4522E0-PSG.edf,SC,Event marker,1.0,83220,905.0018625330449,23.490712782161967,905.3066799572919,101.0,991.0,859.0,953.0,0,0.025571083526598492
SC4531E0-PSG.edf,SC,EEG Fpz-Cz,100.0,7806000,-7.121646173679998,28.925769847657428,29.789562022673937,-185.23492063492063,185.15238095238095,-82.32698412698413,72.8984126984127,0,0.0034127637878091054
SC4531E0-PSG.edf,SC,EEG Pz-Oz,100.0,7806000,-0.12284230095067901,10.237487751157783,10.23822473312676,-158.995115995116,154.47301587301587,-29.201221001221004,29.586080586080588,0,0.006177307426732548
SC4531E0-PSG.edf,SC,EOG horizontal,100.0,7806000,-0.5690025142676951,67.7726183504509,67.77500691211418,-486.7326007326007,490.5567765567765,-200.76923076923077,219.8901098901099,0,0.011565477280908636
SC4531E0-PSG.edf,SC,Resp oro-nasal,1.0,78060,88.33870099923136,347.16075332738336,358.2238333012865,-1384.0,1643.0,-1023.0,1248.0,0,0.01195249746986254
SC4531E0-PSG.edf,SC,EMG submental,1.0,78060,2.1625596976684602,0.9412469363119811,2.358518653964092,-0.248,3.232,0.17400000000000002,3.1,0,0.007724926017499583
SC4531E0-PSG.edf,SC,Temp rectal,1.0,78060,36.62997476149737,0.438550281463015,36.63259992653136,34.350307778399554,38.170117515388924,35.28595411303861,37.54001119194181,0,0.02140688453605606
SC4531E0-PSG.edf,SC,Event marker,1.0,78060,888.0368946963874,28.041196164529378,888.479507374447,-114.0,1010.0,837.0,957.0,0,0.02467364429470016
SC4532E0-PSG.edf,SC,EEG Fpz-Cz,100.0,8232000,0.1805852522275262,25.156924685246125,25.157572829119783,-155.1916971916972,148.45079365079366,-68.36483516483517,76.11184371184372,0,0.0035762920022983508
SC4532E0-PSG.edf,SC,EEG Pz-Oz,100.0,8232000,-0.3552268514365476,8.236142328069421,8.24379927971311,-188.95311355311355,154.17948717948718,-23.15531135531136,22.899633699633696,0,0.007677365983194829
SC4532E0-PSG.edf,SC,EOG horizontal,100.0,8232000,-1.1125522250344375,73.27130770101734,73.27975371595215,-507.37948717948717,464.40805860805864,-211.09670329670328,233.5772893772894,0,0.011423726219298129
SC4532E0-PSG.edf,SC,Resp oro-nasal,1.0,82320,68.27107628765792,325.9852116819616,333.0574996795727,-1308.0,1548.0,-954.0,1079.0,0,0.0138607125936904
SC4532E0-PSG.edf,SC,EMG submental,1.0,82320,2.615393683187561,0.3549807405484025,2.6393740629584297,-0.836,2.998,1.188,2.868,0,0.013107545038205031
SC4532E0-PSG.edf,SC,Temp rectal,1.0,82320,36.803851184595956,0.45378722618178124,36.80664865027147,35.167650531286895,38.539551357733174,35.259740259740255,37.96458087367178,0,0.021708232607296006
SC4532E0-PSG.edf,SC,Event marker,1.0,82320,857.9730563654033,25.237560377872402,858.3441616873841,90.0,945.0,810.0,905.0,0,0.026360864441987878
SC4541F0-PSG.edf,SC,EEG Fpz-Cz,100.0,8220000,-0.6005204005240444,22.276485855479734,22.284578677211638,-192.34188034188034,183.82051282051282,-69.17948717948717,68.36752136752138,0,0.0035936783378081967
SC4541F0-PSG.edf,SC,EEG Pz-Oz,100.0,8220000,-0.10675186284383367,6.578189825435934,6.579055961130705,-166.56776556776558,161.77899877899878,-17.03174603174603,17.483516483516482,0,0.007986627720958298
SC4541F0-PSG.edf,SC,EOG horizontal,100.0,8220000,-0.5654394142759103,47.2542920990064,47.257674969357446,-514.3956043956044,490.7765567765568,-156.02197802197801,156.47619047619048,0,0.017299291118359025
SC4541F0-PSG.edf,SC,Resp oro-nasal,1.0,82200,110.45413625304137,370.695292808836,386.8011327879406,-1822.0,2009.0,-1240.0,1408.0,0,0.014160756213579241
SC4541F0-PSG.edf,SC,EMG submental,1.0,82200,2.6049014598540152,1.4243167609236334,2.9688701303690546,-0.23,4.14,0.134,3.94,0,0.007895473180938941
SC4541F0-PSG.edf,SC,Temp rectal,1.0,82200,14.075139494748164,0.09455520011140182,14.075457096751343,6.361181048294804,14.94895857175555,14.001373311970703,14.168001831082627,0,0.007895473180938941
SC4541F0-PSG.edf,SC,Event marker,1.0,82200,928.280097323601,38.945806291919986,929.0967198924135,100.0,1127.0,851.0,1019.0,0,0.017883429238798525
SC4542F0-PSG.edf,SC,EEG Fpz-Cz,100.0,8040000,2.885515074080165,33.975250764781435,34.097563868589276,-188.0,194.00000000000003,-106.84249084249083,116.4805860805861,0,0.0032587105207842297
SC4542F0-PSG.edf,SC,EEG Pz-Oz,100.0,8040000,0.8816139692259208,9.105657342988732,9.148236925148963,-183.0,185.0,-22.499877899877887,25.128937728937743,0,0.005671648845334385
SC4542F0-PSG.edf,SC,EOG horizontal,100.0,8040000,3.3031530722456175,67.89890478702574,67.97920337497546,-733.8888888888889,622.4188034188035,-221.30769230769232,222.3675213675214,0,0.01219653258275197
SC4542F0-PSG.edf,SC,Resp oro-nasal,1.0,80400,86.0524751243781,741.3066673078812,746.2845325143414,-1858.0,2094.0,-1677.0,1985.0,0,0.013097177825594846
SC4542F0-PSG.edf,SC,EMG submental,1.0,80400,2.778843706467662,1.378572722057198,3.1020050120809164,-1.298,4.122,0.192,3.984,0,0.009415539994278535
SC4542F0-PSG.edf,SC,Temp rectal,1.0,80400,14.236860353758786,0.05585944354164991,14.236969937801428,7.826504921034561,15.755092698558023,14.180819409475852,14.290684367132068,0,0.011107103322180624
SC4542F0-PSG.edf,SC,Event marker,1.0,80400,1062.480907960199,40.37355587019143,1063.2477151602689,113.0,1205.0,968.0,1153.0,0,0.01998781079366659
SC4551F0-PSG.edf,SC,EEG Fpz-Cz,100.0,8316000,-0.073251463527654,18.773800828077864,18.773943733516564,-174.0,174.0,-60.719413919413924,54.345787545787545,0,0.003204669558284702
SC4551F0-PSG.edf,SC,EEG Pz-Oz,100.0,8316000,0.3584466640355633,10.811583633929448,10.81752396273792,-162.6222222222222,148.76410256410256,-30.348717948717937,30.262444444445297,0,0.004278504423405992
SC4551F0-PSG.edf,SC,EOG horizontal,100.0,8316000,-0.2762745245348421,60.64216930380285,60.64279862839445,-545.3699633699633,554.0380952380953,-187.0871794871795,197.68156288156288,0,0.01460319216353074
SC4551F0-PSG.edf,SC,Resp oro-nasal,1.0,83160,73.51259018759019,214.13717335896249,226.40412966696286,-1830.0,1959.0,-665.41,823.4100000000035,0,0.023653483086617202
SC4551F0-PSG.edf,SC,EMG submental,1.0,83160,3.493132467532467,1.0321305324132244,3.6424260969399325,-2.144,4.426,-0.716,4.058,0,0.023906011375798168
SC4551F0-PSG.edf,SC,Temp rectal,1.0,83160,13.119984740259742,0.26823438003264644,13.122726441836694,2.528,17.61,12.967,14.956640000000014,0,0.01963708077297707
SC4551F0-PSG.edf,SC,Event marker,1.0,83160,962.589405964406,34.14678006172925,963.1948749155033,71.0,1099.0,887.0,1035.0,0,0.0483772051130966
SC4552F0-PSG.edf,SC,EEG Fpz-Cz,100.0,8430000,0.23447226432721072,14.646958466652936,14.64883509247732,-149.75164835164836,169.86153846153846,-48.934065934065934,42.052014652014655,0,0.004951370049074791
SC4552F0-PSG.edf,SC,EEG Pz-Oz,100.0,8430000,-0.7742105513624562,8.529353372901891,8.564418890833975,-119.29621489621492,151.16385836385837,-24.043467643467665,23.101831501831484,0,0.005883755496744362
SC4552F0-PSG.edf,SC,EOG horizontal,100.0,8430000,-1.8601250406637486,61.422026645507465,61.450186512396584,-535.3919413919413,513.921855921856,-199.02808302808293,197.89010989010995,0,0.014239637294943411
SC4552F0-PSG.edf,SC,Resp oro-nasal,1.0,84300,137.2738434163701,127.47310861598308,187.33259595309173,-1826.0,2029.0,-221.0,480.0,0,0.011589698572936808
SC4552F0-PSG.edf,SC,EMG submental,1.0,84300,2.819357912218268,1.4020508135446588,3.1487339552507434,-0.5,4.46,0.312,4.146,0,0.007532710945562818
SC4552F0-PSG.edf,SC,Temp rectal,1.0,84300,13.00645540925267,0.06561506146928313,13.006620915870872,6.275,13.244,12.884,13.116,0,0.008220738087047296
SC4552F0-PSG.edf,SC,Event marker,1.0,84300,1035.8081138790035,30.236267737857176,1036.249333251556,121.0,1198.0,973.0,1106.0,0,0.01820899417549437
SC4561F0-PSG.edf,SC,EEG Fpz-Cz,100.0,8112000,-0.39799781782157684,23.540654541234694,23.544018741343717,-182.0,181.0,-71.81465201465204,72.94212454212453,0,0.0029302304366746012
SC4561F0-PSG.edf,SC,EEG Pz-Oz,100.0,8112000,-0.45398094894915536,8.699238240071894,8.711075975993886,-198.00000000000003,181.37362637362637,-23.794871794871806,23.566544566544557,0,0.0060318121693937
SC4561F0-PSG.edf,SC,EOG horizontal,100.0,8112000,-2.4001071263001985,66.23726337770047,66.28073305255894,-550.5758241758242,615.6669108669108,-222.59731379731383,224.88400488400487,0,0.011771464215315847
SC4561F0-PSG.edf,SC,Resp oro-nasal,1.0,81120,39.885971400394475,376.35514819702087,378.4627964396958,-1841.0,2054.0,-892.81,1203.0,0,0.012376878413195428
SC4561F0-PSG.edf,SC,EMG submental,1.0,81120,3.1969402859960554,1.2041402200371687,3.416193914539352,-0.258,4.08,0.148,3.982,0,0.0131904979104772
SC4561F0-PSG.edf,SC,Temp rectal,1.0,81120,14.162059091013745,0.06837921225755698,14.162224169036232,8.101625085831998,15.00480659189746,14.114900434882124,14.211490043488212,0,0.008826538788693154
SC4561F0-PSG.edf,SC,Event marker,1.0,81120,1057.9018737672584,26.874633825125102,1058.2431764313487,123.0,1189.0,1000.0,1117.0,0,0.017369543510151752
SC4562F0-PSG.edf,SC,EEG Fpz-Cz,100.0,8400000,0.19845534996220707,19.04607207728132,19.047105976996193,-185.27057387057386,156.803663003663,-59.997313797313794,61.5997557997558,0,0.010522631574561398
SC4562F0-PSG.edf,SC,EEG Pz-Oz,100.0,8400000,0.6766839743589906,7.871202838766321,7.900236409763782,-191.99999999999997,178.8974358974359,-20.230769230769216,21.888888888888903,0,0.011695252018157165
SC4562F0-PSG.edf,SC,EOG horizontal,100.0,8400000,2.943789396825371,59.01335267446582,59.086730235254564,-541.2212454212454,523.6666666666666,-196.34798534798537,214.56483516483513,0,0.02030359559951857
SC4562F0-PSG.edf,SC,Resp oro-nasal,1.0,84000,56.19772619047619,264.0687423796551,269.98237929715407,-1518.0,1733.0,-680.0,913.0099999999948,0,0.19022845510065595
SC4562F0-PSG.edf,SC,EMG submental,1.0,84000,2.1173879523809527,1.3876928397841464,2.531604858281835,-1.1500000000000001,3.5340000000000003,-0.986,3.414,0,0.18815700186906986
SC4562F0-PSG.edf,SC,Temp rectal,1.0,84000,14.388537646186881,0.29592316111485784,14.391580389693875,8.928816662851911,15.012130922407874,14.203707942320897,15.005722133211261,0,0.1882522410981083
SC4562F0-PSG.edf,SC,Event marker,1.0,84000,962.0631071428571,34.9118734866186,962.6963493416365,114.0,1089.0,889.0,1012.0,0,0.20138334980178335
SC4571F0-PSG.edf,SC,EEG Fpz-Cz,100.0,8550000,0.8907657235967561,22.81565516520052,22.83303712149737,-165.13553113553112,155.54139194139196,-58.7145299145299,68.16117216117217,0,0.0034152086727586815
SC4571F0-PSG.edf,SC,EEG Pz-Oz,100.0,8550000,0.894117558740166,10.07558633815264,10.115180980408384,-176.99999999999997,154.3103785103785,-28.60146520146519,30.427594627594637,0,0.008466676569212362
SC4571F0-PSG.edf,SC,EOG horizontal,100.0,8550000,1.3979037235253455,59.02937719737204,59.045927100265516,-609.4925518925519,548.3467643467644,-188.58608058608058,184.73162393162394,0,0.0133719454642637
SC4571F0-PSG.edf,SC,Resp oro-nasal,1.0,85500,137.6200701754386,301.95809577910774,331.8402858629998,-1587.0,1765.0,-884.0,1084.0,0,0.01391829144200517
SC4571F0-PSG.edf,SC,EMG submental,1.0,85500,3.1297691929824554,0.4928066497383799,3.168329780084204,-0.898,3.674,1.314,3.5420000000000003,0,0.0109591925051755
SC4571F0-PSG.edf,SC,Temp rectal,1.0,85500,13.272193064327485,0.06341258440300612,13.272344551458996,6.336,13.996,13.174,13.353,0,0.011310073802032772
SC4571F0-PSG.edf,SC,Event marker,1.0,85500,959.3737192982456,36.86003454626183,960.0815566538608,99.0,1077.0,894.0,1038.0,0,0.024585082866466275
SC4572F0-PSG.edf,SC,EEG Fpz-Cz,100.0,8640000,0.550506135333288,25.221028820673574,25.227036127501915,-180.0,181.0,-69.18754578754579,79.0913308913309,0,0.0023379656689417466
SC4572F0-PSG.edf,SC,EEG Pz-Oz,100.0,8640000,-0.5078554392777924,10.344819609105079,10.357278112135878,-153.8114774114774,145.22564102564104,-35.45518925518925,35.144810744810755,0,0.011549781886321627
SC4572F0-PSG.edf,SC,EOG horizontal,100.0,8640000,0.40693880070546723,62.404930384046864,62.406257181674114,-547.6625152625153,510.6993894993895,-201.42564102564103,193.47155067155066,0,0.010818299558217082
SC4572F0-PSG.edf,SC,Resp oro-nasal,1.0,86400,97.60115740740741,143.42993070418933,173.48812913013407,-1407.0,1545.0,-394.01,483.0,0,0.04375050637160152
SC4572F0-PSG.edf,SC,EMG submental,1.0,86400,2.497108935185185,0.9479018779231122,2.6709681773379206,-3.244,3.2880000000000003,-0.23,3.14,0,0.04299818284933853
SC4572F0-PSG.edf,SC,Temp rectal,1.0,86400,13.532769606481482,0.31686725653090003,13.53647879178224,7.839,17.313,13.378,15.131,0,0.04027824396115696
SC4572F0-PSG.edf,SC,Event marker,1.0,86400,865.7774652777778,23.787104136586546,866.1041771669378,106.0,988.0,805.0,918.0,0,0.09914466602622715
SC4581G0-PSG.edf,SC,EEG Fpz-Cz,100.0,8214000,0.16978140950575357,30.08321537644919,30.083694472468654,-178.99999999999997,179.0,-84.75726495726494,100.66837606837608,0,0.0020550305028372326
SC4581G0-PSG.edf,SC,EEG Pz-Oz,100.0,8214000,-0.3597742120499068,16.546799254411283,16.55071004668507,-181.0,180.0,-46.64981684981687,48.73528693528692,0,0.004139279448842767
SC4581G0-PSG.edf,SC,EOG horizontal,100.0,8214000,27.081971535895963,79.43857785751496,83.9280694064599,-715.2940170940169,714.5824175824176,-239.8087912087911,288.27057387057397,0,0.00919285268182698
SC4581G0-PSG.edf,SC,Resp oro-nasal,1.0,82140,108.20225225225225,34.78978524413465,113.65762864758808,-1021.0,444.0,30.0,207.0,0,0.019588745906329516
SC4581G0-PSG.edf,SC,EMG submental,1.0,82140,2.605509812515218,1.0611887386416508,2.813325953765924,-1.602,4.3260000000000005,0.45,4.156,0,0.006695966593213943
SC4581G0-PSG.edf,SC,Temp rectal,1.0,82140,13.467736851716582,0.08619984248554022,13.468012708634092,5.946,16.649,13.348,13.677,0,0.011748377749911734
SC4581G0-PSG.edf,SC,Event marker,1.0,82140,1077.0794010226443,90.26259274052113,1080.854926322464,118.0,1293.0,866.0,1231.0,0,0.018054760832247774
SC4582G0-PSG.edf,SC,EEG Fpz-Cz,100.0,7902000,0.041440534830056476,39.903450664761344,39.90347218316936,-186.0,186.0,-116.77802197802197,133.03882783882784,0,0.002123515721989018
SC4582G0-PSG.edf,SC,EEG Pz-Oz,100.0,7902000,0.46962881145683283,10.009119656048114,10.020131112397632,-168.59340659340657,162.63369963369962,-26.743589743589737,28.934065934065934,0,0.004610231093686527
SC4582G0-PSG.edf,SC,EOG horizontal,100.0,7902000,1.8151722867026954,64.40315532981188,64.4287301354473,-646.9919413919413,558.5125763125765,-215.98339438339426,213.26593406593418,0,0.013149852125856905
SC4582G0-PSG.edf,SC,Resp oro-nasal,1.0,79020,98.39421665401164,23.7109317818958,101.21082035495166,-40.0,1466.0,46.0,161.0,0,0.0251964717346461
SC4582G0-PSG.edf,SC,EMG submental,1.0,79020,3.0846036446469247,0.7218223021396891,3.167934197617642,-1.202,3.94,0.34314000000000033,3.608,0,0.012781736038168035
SC4582G0-PSG.edf,SC,Temp rectal,1.0,79020,13.337156593267528,0.11012801220659253,13.337611261856901,0.598,16.7,13.23,13.426,0,0.01232614940710462
SC4582G0-PSG.edf,SC,Event marker,1.0,79020,989.6545051885598,34.545062374000715,990.2572397990518,67.0,1114.0,910.0,1051.0,0,0.023386780394588642
SC4591G0-PSG.edf,SC,EEG Fpz-Cz,100.0,8460000,-0.4702615670381711,38.72902733654813,38.7318822725739,-173.00000000000003,172.0,-123.04029304029305,124.56776556776556,0,0.0032529589278474324
SC4591G0-PSG.edf,SC,EEG Pz-Oz,100.0,8460000,-0.013918285575732388,17.393060107399286,17.393065676248042,-201.0,201.0,-60.32454212454213,64.15311355311356,0,0.005945633505476957
SC4591G0-PSG.edf,SC,EOG horizontal,100.0,8460000,-2.7075786411382228,41.246493292175956,41.335265706167476,-742.7692307692308,654.6446886446887,-132.02197802197804,128.6153846153846,0,0.01390545378895247
SC4591G0-PSG.edf,SC,Resp oro-nasal,1.0,84600,-78.20049645390071,74.19427258798294,107.7966035202244,-2466.0,1949.0,-147.0,38.0,0,0.04514237756947482
SC4591G0-PSG.edf,SC,EMG submental,1.0,84600,2.786513498817967,1.1865848896865487,3.028636851708568,-5.916,6.386,-0.06601999999999998,3.666,0,0.026489674818851287
SC4591G0-PSG.edf,SC,Temp rectal,1.0,84600,14.207305197212037,0.14765971172338765,14.208072506754544,7.909361409933624,16.194094758525978,14.104829480430304,15.012130922407874,0,0.024704783744488704
SC4591G0-PSG.edf,SC,Event marker,1.0,84600,923.8750354609929,47.81659860906162,925.1116193468715,-75.0,1099.0,825.0,1024.0,0,0.07567465336469698
SC4592G0-PSG.edf,SC,EEG Fpz-Cz,100.0,6120000,-0.8693375229636132,30.359309873699235,30.37175404444276,-192.0,190.0,-92.93186813186814,92.5177045177045,0,0.003558829344492393
SC4592G0-PSG.edf,SC,EEG Pz-Oz,100.0,6120000,-1.4019393108525329,9.73005340078418,9.8305326922515,-186.0,183.0,-24.79340659340658,22.514285714285727,0,0.006694455383097031
SC4592G0-PSG.edf,SC,EOG horizontal,100.0,6120000,-3.9580388987845394,43.20999067029666,43.390890353292114,-876.6156288156287,787.3037851037851,-138.72283272283266,131.49768009768013,0,0.013201001962421507
SC4592G0-PSG.edf,SC,Resp oro-nasal,1.0,61200,-58.0028431372549,38.98112235958968,69.88460282793557,-521.0,889.0,-120.0,45.0,0,0.02527819082011144
SC4592G0-PSG.edf,SC,EMG submental,1.0,61200,3.1729001307189546,0.6937355878453406,3.247855339352336,-0.908,3.8320000000000003,0.60798,3.7,0,0.01060474844360202
SC4592G0-PSG.edf,SC,Temp rectal,1.0,61200,13.337198169934641,0.14275735129790001,13.33796216389361,0.5660000000000001,17.017,13.22,13.433,0,0.012957728067452082
SC4592G0-PSG.edf,SC,Event marker,1.0,61200,1064.6457026143792,32.56428854428148,1065.1436076809832,120.0,1161.0,995.0,1124.0,0,0.021340217977417933
SC4601E0-PSG.edf,SC,EEG Fpz-Cz,100.0,8190000,0.3686293144950418,18.858203727020797,18.861806259776035,-146.37142857142857,123.02857142857144,-52.77142857142856,55.571428571428584,0,0.0031074519016506736
SC4601E0-PSG.edf,SC,EEG Pz-Oz,100.0,8190000,-0.1464374798176997,9.795436005105982,9.796530532061952,-163.96190476190475,142.581684981685,-24.24029304029304,24.802930402930404,0,0.0047875516331521775
SC4601E0-PSG.edf,SC,EOG horizontal,100.0,8190000,-0.31025909222517906,59.82497386210233,59.82577837609415,-437.6202686202687,484.9951159951159,-186.2197802197803,197.47106227106218,0,0.01118072183238319
SC4601E0-PSG.edf,SC,Resp oro-nasal,1.0,81900,68.85809523809523,20.797149466215597,71.93023499015352,-313.0,207.0,25.0,133.0,0,0.02079390468748092
SC4601E0-PSG.edf,SC,EMG submental,1.0,81900,3.0401253968253967,0.1159848668171035,3.042337081546579,1.562,3.392,2.8040000000000003,3.274,0,0.014725454523254251
SC4601E0-PSG.edf,SC,Temp rectal,1.0,81900,14.256296769530923,0.06565219206599247,14.256447937381205,8.737926298924238,14.325017166399634,14.216525520714121,14.29663538567178,0,0.01079378258586796
SC4601E0-PSG.edf,SC,Event marker,1.0,81900,920.6421978021978,40.91113108551164,921.5507457653957,112.0,1069.0,835.0,1022.0,0,0.01991477307415231
SC4602E0-PSG.edf,SC,EEG Fpz-Cz,100.0,8400000,-0.9288520179080194,18.529656702692662,18.552922777579163,-177.00000000000003,167.26373626373626,-57.17387057387057,54.65811965811966,0,0.003829766464007695
SC4602E0-PSG.edf,SC,EEG Pz-Oz,100.0,8400000,0.01479140990755276,12.924101155791385,12.924109620044824,-130.61318681318681,129.23882783882783,-32.34652014652015,33.033699633699634,0,0.002969051153632326
SC4602E0-PSG.edf,SC,EOG horizontal,100.0,8400000,-4.983046519710493,69.96169836209987,70.13893348438542,-564.5655677655678,505.62490842490837,-226.559706959707,225.2446886446886,0,0.00784881886764151
SC4602E0-PSG.edf,SC,Resp oro-nasal,1.0,84000,34.61602380952381,24.165379907931744,42.21652153453895,-223.0,199.0,-27.0,108.0,0,0.02540506434600412
SC4602E0-PSG.edf,SC,EMG submental,1.0,84000,3.307968738095238,0.15336914268344595,3.3115221977427325,-0.016,3.686,2.698,3.508,0,0.010321551447041036
SC4602E0-PSG.edf,SC,Temp rectal,1.0,84000,14.257749136230368,0.04034937216747093,14.257806230395758,7.069810025177386,14.996108949416342,14.213321126115815,14.304417486839094,0,0.013071584185526019
SC4602E0-PSG.edf,SC,Event marker,1.0,84000,989.0811547619047,33.10830887081931,989.6351301471814,91.0,1122.0,904.0,1060.0,0,0.016321622876462816
SC4611E0-PSG.edf,SC,EEG Fpz-Cz,100.0,7950000,-0.865122523463972,28.53947094677124,28.552580249466153,-199.0,197.0,-78.89450549450551,77.18461538461537,0,0.0027446575404497364
SC4611E0-PSG.edf,SC,EEG Pz-Oz,100.0,7950000,0.07307930493543588,8.352950081987602,8.353269758423139,-152.44664224664228,89.5054945054945,-21.437118437118457,21.79072039072037,0,0.004867930651485096
SC4611E0-PSG.edf,SC,EOG horizontal,100.0,7950000,-2.630611843251112,48.08201494348121,48.15392278615527,-489.94871794871796,462.97435897435895,-154.7692307692308,142.89743589743588,0,0.012299386540108856
SC4611E0-PSG.edf,SC,Resp oro-nasal,1.0,79500,145.023106918239,23.341029966708994,146.88943195521517,-31.0,292.0,85.0,205.0,0,0.01701908200103146
SC4611E0-PSG.edf,SC,EMG submental,1.0,79500,-0.9739256855345912,0.14245731343218643,0.9842892497098299,-1.24,3.798,-1.084,-0.848,0,0.018578850048428283
SC4611E0-PSG.edf,SC,Temp rectal,1.0,79500,13.113486805031446,0.08649666203313244,13.113772068260023,4.089,13.395,12.987,13.222,0,0.008993823821683292
SC4611E0-PSG.edf,SC,Event marker,1.0,79500,933.6506163522013,28.1739536969114,934.0756099383824,133.0,1062.0,870.0,992.0,0,0.019069422256883736
SC4612E0-PSG.edf,SC,EEG Fpz-Cz,100.0,8190000,1.0273335351339652,20.28379569887222,20.309795226589497,-176.01538461538462,199.0,-60.06813186813188,58.490109890109885,0,0.00369963821689648
SC4612E0-PSG.edf,SC,EEG Pz-Oz,100.0,8190000,0.4694353532182227,8.00501675943596,8.0187694111816,-115.25714285714284,100.57142857142858,-20.19999999999999,21.200000000000014,0,0.005085476294842851
SC4612E0-PSG.edf,SC,EOG horizontal,100.0,8190000,3.754928312021708,53.346809990895984,53.47879601143977,-455.7750915750916,412.8952380952381,-163.68205128205128,168.99120879120878,0,0.0098229668168093
SC4612E0-PSG.edf,SC,Resp oro-nasal,1.0,81900,108.67694749694749,21.23547400577606,110.73221876899368,-34.0,236.0,55.0,161.0,0,0.01791230662157047
SC4612E0-PSG.edf,SC,EMG submental,1.0,81900,3.7125371428571423,0.2270683519542871,3.7194747039808074,0.372,4.15,2.69998,3.902,0,0.016495927911207707
SC4612E0-PSG.edf,SC,Temp rectal,1.0,81900,14.049605358655482,0.0527064326883453,14.049704221157384,6.149691004806592,14.188601510643167,13.976195925841154,14.113984893568322,0,0.009133200649580581
SC4612E0-PSG.edf,SC,Event marker,1.0,81900,932.8961904761904,39.017174987093654,933.7117553875833,81.0,1080.0,852.0,1008.0,0,0.022381225655990915
SC4621E0-PSG.edf,SC,EEG Fpz-Cz,100.0,7836000,0.0019035344214517324,19.70528295495543,19.70528304689635,-149.63980463980462,146.24639804639804,-55.94407814407814,61.88253968253968,0,0.0038706021830043173
SC4621E0-PSG.edf,SC,EEG Pz-Oz,100.0,7836000,0.49558518474891683,11.772080399727052,11.782507441668786,-114.08791208791206,131.34285714285716,-31.962637362637334,37.21538461538464,0,0.0050331866171345295
SC4621E0-PSG.edf,SC,EOG horizontal,100.0,7836000,1.9558930384231954,60.048664212852145,60.08050924655702,-432.3411477411477,473.99438339438336,-184.27277167277168,208.64981684981683,0,0.013648562593877736
SC4621E0-PSG.edf,SC,Resp oro-nasal,1.0,78360,174.26512251148546,27.18168764882496,176.37226841933318,-106.0,337.0,109.0,236.0,0,0.015441748873773274
SC4621E0-PSG.edf,SC,EMG submental,1.0,78360,2.8665580653394587,1.5220665669071483,3.2455880478057,-0.664,4.46,0.28,4.308,0,0.007452877142383134
SC4621E0-PSG.edf,SC,Temp rectal,1.0,78360,13.315043721286372,0.07170004216589435,13.31523676829722,6.119,13.458,13.135,13.399000000000001,0,0.012583111065735907
SC4621E0-PSG.edf,SC,Event marker,1.0,78360,1298.3230729964268,53.41867881270776,1299.4215471204793,146.0,1428.0,1146.0,1377.0,0,0.01752191835015761
SC4622E0-PSG.edf,SC,EEG Fpz-Cz,100.0,8568000,-0.02602213620490933,21.340502119573756,21.34051798497649,-154.9120879120879,152.3821733821734,-59.94993894993895,66.00366300366301,0,0.0035632627955914983
SC4622E0-PSG.edf,SC,EEG Pz-Oz,100.0,8568000,-0.03599850948926585,12.215275044956293,12.21532808878328,-156.5120879120879,120.11794871794872,-34.362637362637365,38.33919413919414,0,0.004445616766592865
SC4622E0-PSG.edf,SC,EOG horizontal,100.0,8568000,0.2939659836868996,70.57062460933598,70.57123687276129,-472.70109890109893,492.56312576312575,-211.46202686202687,237.9257631257631,0,0.01248834324036326
SC4622E0-PSG.edf,SC,Resp oro-nasal,1.0,85680,146.06770541549955,22.624943123999238,147.8095484625853,-127.0,340.0,94.0,199.0,0,0.01821916689036987
SC4622E0-PSG.edf,SC,EMG submental,1.0,85680,2.919020261437909,1.2445274574712812,3.173251940688758,0.044,4.102,0.202,3.822,0,0.008438473838396807
SC4622E0-PSG.edf,SC,Temp rectal,1.0,85680,14.274724156848215,0.03320142483945031,14.274762768211502,8.060883497367819,14.346532387273976,14.239871824216067,14.31219958800641,0,0.012231702050677529
SC4622E0-PSG.edf,SC,Event marker,1.0,85680,1061.672385620915,28.13461618248091,1062.0451078074511,72.0,1191.0,998.0,1125.0,0,0.01842925337597311
SC4631E0-PSG.edf,SC,EEG Fpz-Cz,100.0,8274000,-0.39252458249994265,24.823712053109176,24.82681525374414,-182.0,181.0,-68.80073260073262,73.47399267399265,0,0.002343488449949782
SC4631E0-PSG.edf,SC,EEG Pz-Oz,100.0,8274000,0.050873696764902325,9.693559999109576,9.6936934957404,-158.3736263736264,131.12087912087912,-24.483516483516507,25.714285714285698,0,0.0038639157166010596
SC4631E0-PSG.edf,SC,EOG horizontal,100.0,8274000,-2.3128242585228427,71.12959737031035,71.16718891535116,-560.3787545787545,493.64908424908424,-247.98901098901095,220.3655677655678,0,0.010839993763589273
SC4631E0-PSG.edf,SC,Resp oro-nasal,1.0,82740,66.2907058254774,31.733908606348233,73.49488849080626,-1635.0,813.0,22.0,123.0,0,0.026940137057494047
SC4631E0-PSG.edf,SC,EMG submental,1.0,82740,3.131359318346628,0.2513148541725947,3.141428072791744,-2.578,3.5380000000000003,2.846,3.354,0,0.019482952416635443
SC4631E0-PSG.edf,SC,Temp rectal,1.0,82740,14.269857749732457,0.06467808158290256,14.270004325571758,8.155184252689402,15.566491187914854,14.220187685969329,14.318150606546121,0,0.01375409419983321
SC4631E0-PSG.edf,SC,Event marker,1.0,82740,914.1089920232052,30.02630325222568,914.6020053469568,97.0,1041.0,849.39,979.0,0,0.03195590954688841
SC4632E0-PSG.edf,SC,EEG Fpz-Cz,100.0,8544000,-1.1322048127226627,19.942017113996837,19.97413162850629,-141.2962148962149,141.7260073260073,-57.80854700854702,60.86251526251525,0,0.0038143771235687306
SC4632E0-PSG.edf,SC,EEG Pz-Oz,100.0,8544000,-0.1250804831872447,7.914803889468065,7.915792173624387,-111.95604395604398,100.79120879120877,-20.8791208791209,20.96703296703295,0,0.005452955820407094
SC4632E0-PSG.edf,SC,EOG horizontal,100.0,8544000,-0.24173753626989658,50.63891487094348,50.63949186497733,-538.9418803418803,517.5765567765568,-175.74847374847374,164.5934065934066,0,0.01625353025928167
SC4632E0-PSG.edf,SC,Resp oro-nasal,1.0,85440,88.28247893258427,20.25345758471358,90.57592743448988,-324.0,582.0,48.0,140.0,0,0.027329439717225155
SC4632E0-PSG.edf,SC,EMG submental,1.0,85440,2.824808146067416,0.7909830171481481,2.933461299472965,-1.6,3.478,0.278,3.356,0,0.012582076101077961
SC4632E0-PSG.edf,SC,Temp rectal,1.0,85440,14.234724749319133,0.06295258429022639,14.234863951466039,7.916227969787137,15.167315175097276,14.196383611810482,14.275577935454338,0,0.012874682522033264
SC4632E0-PSG.edf,SC,Event marker,1.0,85440,963.1912336142323,25.394113628004003,963.5259277872383,101.0,1060.0,909.0,1019.0,0,0.029260642095530143
SC4641E0-PSG.edf,SC,EEG Fpz-Cz,100.0,8040000,0.842587229299176,18.923977549863192,18.942726296568413,-141.95238095238096,127.43467643467645,-54.35286935286935,57.28083028083029,0,0.004335826288341155
SC4641E0-PSG.edf,SC,EEG Pz-Oz,100.0,8040000,0.8256375743383215,7.501833214955787,7.54713051359078,-150.93528693528694,139.41880341880344,-18.473748473748472,20.273504273504276,0,0.006966426575157432
SC4641E0-PSG.edf,SC,EOG horizontal,100.0,8040000,4.171089046525578,56.84373071828913,56.99655871899122,-440.21978021978026,422.21001221001217,-171.41636141636144,196.3247863247863,0,0.015361959405422145
SC4641E0-PSG.edf,SC,Resp oro-nasal,1.0,80400,82.5397512437811,22.289002641304755,85.49625824636628,-248.0,256.0,30.0,141.0,0,0.023781390315799948
SC4641E0-PSG.edf,SC,EMG submental,1.0,80400,2.6988679104477615,0.8121933237777604,2.8184297034401675,-0.9,3.5140000000000002,0.306,3.338,0,0.013582258485802062
SC4641E0-PSG.edf,SC,Temp rectal,1.0,80400,13.45304497512438,0.1184542235496087,13.453566460451892,2.34,15.361,13.392,13.519,0,0.014030025249070262
SC4641E0-PSG.edf,SC,Event marker,1.0,80400,966.2976492537314,47.089845314966,967.4443655761683,125.0,1102.0,880.0,1060.0,0,0.034863617706687895
SC4642E0-PSG.edf,SC,EEG Fpz-Cz,100.0,8370000,0.8300480680609719,18.95464402238163,18.97280975002117,-138.9120879120879,129.30769230769232,-52.75824175824176,56.78021978021979,0,0.0037144608297023053
SC4642E0-PSG.edf,SC,EEG Pz-Oz,100.0,8370000,1.3213730093084797,7.596759678673755,7.7108225401219235,-94.19194139194141,105.16996336996337,-18.755311355311367,21.223443223443212,0,0.005587820296081596
SC4642E0-PSG.edf,SC,EOG horizontal,100.0,8370000,7.439366544916589,58.055036123238196,58.52974793948899,-386.98095238095243,430.73333333333323,-166.40000000000006,200.56190476190469,0,0.016768239866475347
SC4642E0-PSG.edf,SC,Resp oro-nasal,1.0,83700,78.04951015531661,20.44850361855237,80.6837488948228,-29.0,182.0,30.0,130.0,0,0.024456684070299526
SC4642E0-PSG.edf,SC,EMG submental,1.0,83700,2.193529127837515,0.9521832609896045,2.391280618660304,-1.01,3.19,0.08,3.0060000000000002,0,0.01162498954587271
SC4642E0-PSG.edf,SC,Temp rectal,1.0,83700,13.586312951015532,0.12710628787630976,13.58690750727884,2.636,13.747,13.519,13.655000000000001,0,0.012783904228246455
SC4642E0-PSG.edf,SC,Event marker,1.0,83700,856.9762724014337,33.17803408825845,857.6182795422552,95.0,991.0,786.0,929.0,0,0.022246382871957848
SC4651E0-PSG.edf,SC,EEG Fpz-Cz,100.0,8580000,1.674702926902179,17.68065853862194,17.75979493836345,-166.71282051282049,143.90769230769232,-45.44615384615382,57.25128205128207,0,0.0042622427298866315
SC4651E0-PSG.edf,SC,EEG Pz-Oz,100.0,8580000,-1.3329760667537525,12.788309126044448,12.857592134525435,-195.0,192.0,-32.92307692307691,32.66373626373627,0,0.004329841876272583
SC4651E0-PSG.edf,SC,EOG horizontal,100.0,8580000,-2.5457788703604747,47.930812528419054,47.998372677531755,-452.3296703296704,432.3340659340659,-162.09450549450557,156.0571428571428,0,0.013826356440974873
SC4651E0-PSG.edf,SC,Resp oro-nasal,1.0,85800,168.26439393939393,44.38593631918853,174.02016437965634,-645.0,554.0,-10.0,253.0,0,0.05475588293569855
SC4651E0-PSG.edf,SC,EMG submental,1.0,85800,2.6280410722610723,1.1577723009227383,2.8717654114281443,-0.046,3.97,-0.012,3.736,0,0.0451636965465798
SC4651E0-PSG.edf,SC,Temp rectal,1.0,85800,14.259123422545258,0.1513260317006687,14.259926379447023,11.469443808651866,15.522087434195468,14.159761959258411,15.004348821240558,0,0.04590962598631686
SC4651E0-PSG.edf,SC,Event marker,1.0,85800,986.586048951049,41.54426385171949,987.4603576062296,139.0,1136.0,902.0,1076.0,0,0.054243056445879324
SC4652E0-PSG.edf,SC,EEG Fpz-Cz,100.0,8520000,0.05944900130125486,25.80280026378416,25.802868748193386,-199.0,199.0,-70.609768009768,83.63345543345544,0,0.002745308386512191
SC4652E0-PSG.edf,SC,EEG Pz-Oz,100.0,8520000,-0.02587932827735643,10.041854962793016,10.041888310143804,-157.15384615384616,140.81538461538463,-25.8,27.184615384615388,0,0.004069253602410332
SC4652E0-PSG.edf,SC,EOG horizontal,100.0,8520000,1.8478484713409513,60.76647506321965,60.79456419435815,-487.36263736263726,420.7978021978023,-195.53391208791209,201.07472527472535,0,0.0091032970695975
SC4652E0-PSG.edf,SC,Resp oro-nasal,1.0,85200,155.54583333333332,34.53434111441775,159.33338314229093,13.0,380.0,90.0,263.0,0,0.01801664338783319
SC4652E0-PSG.edf,SC,EMG submental,1.0,85200,3.950100492957747,1.3353640570562364,4.169711149389454,-0.706,5.058,0.43,4.892,0,0.009178511484876584
SC4652E0-PSG.edf,SC,Temp rectal,1.0,85200,14.193577090835236,0.023705952534705078,14.193596887528843,11.614557106889448,14.278324559395744,14.145113298237582,14.235294117647058,0,0.013286540921841805
SC4652E0-PSG.edf,SC,Event marker,1.0,85200,1353.90470657277,33.274292779979525,1354.3135283382153,176.0,1496.0,1275.0,1428.0,0,0.020246716510757167
SC4661E0-PSG.edf,SC,EEG Fpz-Cz,100.0,8220000,0.6398726055750042,26.881779730594882,26.889394162672907,-189.00000000000003,190.0,-77.2898656898657,74.68034188034187,0,0.002431876437805885
SC4661E0-PSG.edf,SC,EEG Pz-Oz,100.0,8220000,1.0614271810914058,11.594303145453626,11.642787170151113,-177.3692307692308,185.55824175824176,-32.8945054945055,36.15164835164835,0,0.005441612459382554
SC4661E0-PSG.edf,SC,EOG horizontal,100.0,8220000,1.258998808617761,71.65164297736783,71.66270312621684,-622.3128205128205,599.2717948717949,-220.6273504273504,242.16239316239322,0,0.012648433878873332
SC4661E0-PSG.edf,SC,Resp oro-nasal,1.0,82200,81.78514598540146,33.715378829636336,88.4620646010442,-105.0,505.0,-10.0,154.0,0,0.03882042360612659
SC4661E0-PSG.edf,SC,EMG submental,1.0,82200,3.9805499026763997,1.572175348603159,4.279779533393344,-0.078,5.476,-0.012,5.34,0,0.034842273020353046
SC4661E0-PSG.edf,SC,Temp rectal,1.0,82200,13.961876018776392,0.27590476380651147,13.964601870528728,5.6328679331654845,15.056992446784161,13.886015106431678,15.002517738612955,0,0.035633036898259106
SC4661E0-PSG.edf,SC,Event marker,1.0,82200,1219.3074817518248,53.89730473229051,1220.4981173739604,145.0,1359.0,1134.0,1296.0,0,0.04420978357400942
SC4662E0-PSG.edf,SC,EEG Fpz-Cz,100.0,8460000,3.4214090266051267,21.519891586553165,21.790176080617993,-167.0,174.0,-57.16385836385836,62.33186813186813,0,0.0025165514380040637
SC4662E0-PSG.edf,SC,EEG Pz-Oz,100.0,8460000,-0.09539752318603405,14.41132884974101,14.411644593966624,-160.84615384615387,189.0,-41.21630769230771,43.61538461538462,0,0.003647758448887055
SC4662E0-PSG.edf,SC,EOG horizontal,100.0,8460000,3.0136326455314593,68.3627379604329,68.42913066208729,-629.2735042735044,600.757264957265,-205.32649572649578,228.9606837606837,0,0.010754149827600269
SC4662E0-PSG.edf,SC,Resp oro-nasal,1.0,84600,102.6825413711584,29.48300207760966,106.83141726078519,-472.0,286.0,42.0,183.0,0,0.011796829749760636
SC4662E0-PSG.edf,SC,EMG submental,1.0,84600,3.665008085106382,0.8774802643411153,3.768588048354889,-0.162,4.496,0.324,4.3420000000000005,0,0.004255369448811452
SC4662E0-PSG.edf,SC,Temp rectal,1.0,84600,12.901896832151301,0.19748073424155616,12.903408096618207,1.34,15.18,12.788,13.015,0,0.007588742183713756
SC4662E0-PSG.edf,SC,Event marker,1.0,84600,1030.9340425531916,31.638055375771188,1031.4193941569192,158.0,1160.0,971.0,1094.0,0,0.016040378727880944
SC4671G0-PSG.edf,SC,EEG Fpz-Cz,100.0,8340000,0.08526046116952586,20.929854201587762,20.930027860611176,-207.0,207.0,-63.43956043956044,61.61978021978022,0,0.003213433109632026
SC4671G0-PSG.edf,SC,EEG Pz-Oz,100.0,8340000,0.018869186965465815,12.753867700830346,12.753881659185181,-178.99999999999997,167.63492063492063,-37.37362637362635,34.750915750915766,0,0.004455640834101719
SC4671G0-PSG.edf,SC,EOG horizontal,100.0,8340000,0.582384169148315,48.30779724752178,48.31130764353357,-537.6764346764345,520.1575091575093,-156.89743589743577,159.9890109890111,0,0.01366428496916663
SC4671G0-PSG.edf,SC,Resp oro-nasal,1.0,83400,39.34586330935252,368.7688449937761,370.8619123037602,-1810.0,1989.0,-955.01,1176.0,0,0.09432966822144151
SC4671G0-PSG.edf,SC,EMG submental,1.0,83400,2.616145251798561,1.495793732832202,3.013571779415292,-2.874,4.048,-0.482,3.93,0,0.09120013429417619
SC4671G0-PSG.edf,SC,Temp rectal,1.0,83400,14.230048378783815,0.2931102903290303,14.233066799001,5.525749599450675,16.254062714579995,14.084229800869764,15.118791485465781,0,0.08828643029292917
SC4671G0-PSG.edf,SC,Event marker,1.0,83400,932.3485371702637,32.83654685880853,932.9265960262584,79.0,1060.0,869.0,995.0,0,0.20603364548735598
SC4672G0-PSG.edf,SC,EEG Fpz-Cz,100.0,7740000,0.4426937017160479,20.907494641783696,20.912180897977933,-173.7282051282051,166.01025641025643,-61.789743589743566,63.31282051282053,0,0.003531012313969398
SC4672G0-PSG.edf,SC,EEG Pz-Oz,100.0,7740000,0.9364512328326356,18.27899070188837,18.302962656116502,-164.0,166.00000000000003,-57.62637362637362,59.706959706959715,0,0.005215769012621463
SC4672G0-PSG.edf,SC,EOG horizontal,100.0,7740000,1.6197390732379913,63.709399550994135,63.72998623735596,-722.5301587301587,644.202442002442,-196.65030525030525,209.90061050061053,0,0.01160079018189946
SC4672G0-PSG.edf,SC,Resp oro-nasal,1.0,77400,120.3259173126615,357.3361788040753,377.05101917304444,-1476.0,1882.0,-1058.01,1462.0099999999948,0,0.013940748588483055
SC4672G0-PSG.edf,SC,EMG submental,1.0,77400,2.628094341085271,0.96400497636627,2.7993187492858613,-0.066,3.72,0.17400000000000002,3.3160000000000003,0,0.010697812633238156
SC4672G0-PSG.edf,SC,Temp rectal,1.0,77400,13.501737751937986,0.1474866914194315,13.502543265853777,6.022,13.684000000000001,13.373000000000001,13.618,0,0.010271450535536636
SC4672G0-PSG.edf,SC,Event marker,1.0,77400,1013.6116279069768,37.661425775012376,1014.3110544698003,168.0,1153.0,931.0,1087.0,0,0.017558366387162624
SC4701E0-PSG.edf,SC,EEG Fpz-Cz,100.0,8040000,0.46235463606874383,14.23401742004209,14.241524627776204,-156.97069597069597,158.52893772893773,-38.25128205128205,40.18168498168499,0,0.004064681672489643
SC4701E0-PSG.edf,SC,EEG Pz-Oz,100.0,8040000,0.4576008311009267,8.992479860365487,9.004115312439254,-152.80512820512817,151.53846153846155,-23.866666666666646,25.215384615384636,0,0.005641798061937888
SC4701E0-PSG.edf,SC,EOG horizontal,100.0,8040000,-0.25487091247061355,26.114168829889657,26.115412553854178,-484.21318681318684,423.54505494505497,-75.83516483516483,76.74518681319103,0,0.017727633989594514
SC4701E0-PSG.edf,SC,Resp oro-nasal,1.0,80400,146.38860696517412,26.11708861952173,148.70012295611656,-285.0,892.0,80.0,204.0,0,0.01603253771813082
SC4701E0-PSG.edf,SC,EMG submental,1.0,80400,0.8587345024875622,0.8892583179696635,1.2362060110842352,-1.426,3.342,-0.614,2.886,0,0.0010696650455851442
SC4701E0-PSG.edf,SC,Temp rectal,1.0,80400,14.13241726820236,0.23669220748964212,14.134399210566773,6.552071412222476,15.730830853742274,14.054474708171206,14.211947814145113,0,0.007599597009913059
SC4701E0-PSG.edf,SC,Event marker,1.0,80400,751.0308830845771,50.70276817358143,752.7404320529512,66.0,878.0,689.0,828.0,0,0.017587283423923183
SC4702E0-PSG.edf,SC,EEG Fpz-Cz,100.0,7872000,3.1481689363143612,15.257830424424698,15.579228379867693,-179.0,172.2888888888889,-38.28888888888889,44.82222222222222,0,0.003398124235422047
SC4702E0-PSG.edf,SC,EEG Pz-Oz,100.0,7872000,0.12796664333859445,9.91682772942588,9.917653335185568,-134.3113553113553,166.56776556776558,-26.067155067155067,25.976800976800977,0,0.004928868049883193
SC4702E0-PSG.edf,SC,EOG horizontal,100.0,7872000,2.7627450441497228,40.47448225718203,40.5686636970694,-552.2244200244199,515.1357753357754,-119.14065934065923,124.55750915750926,0,0.012804894315160461
SC4702E0-PSG.edf,SC,Resp oro-nasal,1.0,78720,159.3448424796748,29.175664895231538,161.9938216320339,15.0,292.0,87.0,229.0,0,0.014431077630559331
SC4702E0-PSG.edf,SC,EMG submental,1.0,78720,1.2406556148373984,0.8391035664445706,1.497772062046679,-1.248,4.026,-1.1340000000000001,3.101619999999995,0,0.006618478385142088
SC4702E0-PSG.edf,SC,Temp rectal,1.0,78720,13.180451791158536,0.23355001316959365,13.18252081461303,2.965,13.364,13.103,13.269,0,0.00890509279843494
SC4702E0-PSG.edf,SC,Event marker,1.0,78720,956.9500381097561,30.668952303840026,957.4413611671886,132.0,1054.0,916.0,1007.0,0,0.018661314295151107
SC4711E0-PSG.edf,SC,EEG Fpz-Cz,100.0,8190000,0.10201678392154578,25.31640741783849,25.316612964024003,-200.0,200.0,-74.38339438339439,76.92307692307692,0,0.002768013147757201
SC4711E0-PSG.edf,SC,EEG Pz-Oz,100.0,8190000,-0.012939047797971557,11.145140496131571,11.145148006979074,-199.31721611721616,169.9252747252747,-31.23516483516486,30.736996336996317,0,0.004362642689429414
SC4711E0-PSG.edf,SC,EOG horizontal,100.0,8190000,0.3509045991045995,50.50273998814563,50.50395905617616,-445.95384615384614,390.02564102564105,-151.17435897435897,159.16410256410256,0,0.010915764243912386
SC4711E0-PSG.edf,SC,Resp oro-nasal,1.0,81900,108.31713064713065,40.611226872072834,115.68004382642037,-986.0,1240.0,24.0,211.0,0,0.014639983394180637
SC4711E0-PSG.edf,SC,EMG submental,1.0,81900,5.08157557997558,2.154059169607003,5.519273618980324,-2.484,7.198,0.41000000000000003,6.94,0,0.007704611777921587
SC4711E0-PSG.edf,SC,Temp rectal,1.0,81900,14.212314455463916,0.06629314371079506,14.212469066347749,10.142366674296177,15.24147402151522,14.045777065690089,14.269626916914627,0,0.014395780168256022
SC4711E0-PSG.edf,SC,Event marker,1.0,81900,1843.9791086691087,151.99448351498074,1850.2327627158445,152.0,2110.0,1368.0,2023.0,0,0.02140441275229246
SC4712E0-PSG.edf,SC,EEG Fpz-Cz,100.0,8460000,0.4162501394193041,19.205157169410068,19.209667516131287,-191.99999999999997,156.8974358974359,-54.923076923076906,62.31623931623933,0,0.0046666721828276395
SC4712E0-PSG.edf,SC,EEG Pz-Oz,100.0,8460000,-0.08652137964478387,9.295349983587622,9.295752646586392,-97.99853479853479,113.27570207570207,-25.926251526251527,26.105982905982906,0,0.005320337258081865
SC4712E0-PSG.edf,SC,EOG horizontal,100.0,8460000,1.9763292710939526,64.11221473743146,64.14266876211421,-528.6202686202687,471.63540903540894,-181.2051282051283,202.70109890109882,0,0.012179683427521782
SC4712E0-PSG.edf,SC,Resp oro-nasal,1.0,84600,121.13907801418439,34.76556229386447,126.02904642873096,-132.0,269.0,45.0,202.0,0,0.013664464118961217
SC4712E0-PSG.edf,SC,EMG submental,1.0,84600,3.302411205673759,1.297236109018362,3.5480616248736028,-1.018,4.87,0.196,4.5760000000000005,0,0.007340512299199754
SC4712E0-PSG.edf,SC,Temp rectal,1.0,84600,14.153156707449378,0.06856476946588652,14.153322787007696,10.675669489585717,15.008468757152666,14.052643625543602,14.237125200274662,0,0.008274329483800046
SC4712E0-PSG.edf,SC,Event marker,1.0,84600,1109.792647754137,87.05601526973447,1113.2019002875365,120.0,1432.0,933.0,1265.0,0,0.016536838496908946
SC4721E0-PSG.edf,SC,EEG Fpz-Cz,100.0,7026000,0.0018266678761981927,27.152223782959943,27.152223844404546,-184.0,184.0,-82.18217338217339,90.53968253968254,0,0.003385999695416589
SC4721E0-PSG.edf,SC,EEG Pz-Oz,100.0,7026000,0.4385306303431868,7.437270056395406,7.450187581900532,-149.82051282051282,145.5091575091575,-19.509157509157504,20.692307692307693,0,0.006447489962268662
SC4721E0-PSG.edf,SC,EOG horizontal,100.0,7026000,0.6425739476641659,84.36969567590995,84.3721426166474,-577.1833943833943,555.3135531135531,-270.6395604395604,277.79682539682545,0,0.011064632884476067
SC4721E0-PSG.edf,SC,Resp oro-nasal,1.0,70260,113.18172502134928,26.171532235575135,116.16820553992417,-49.0,294.0,44.0,198.0,0,0.01995473889466118
SC4721E0-PSG.edf,SC,EMG submental,1.0,70260,2.685557472245944,1.5965656948242541,3.124298473997911,-1.218,4.042,-1.048,3.79,0,0.013649496861612036
SC4721E0-PSG.edf,SC,Temp rectal,1.0,70260,14.080212905705435,0.057760867841494236,14.080331380612023,7.166857404440376,14.183566033417257,14.021515220874342,14.134126802471961,0,0.009080687171750238
SC4721E0-PSG.edf,SC,Event marker,1.0,70260,984.413635069741,39.85181149297135,985.2199611206081,58.0,1140.0,907.0,1063.0,0,0.022075463641668683
SC4722E0-PSG.edf,SC,EEG Fpz-Cz,100.0,8238000,-0.2871632916461777,18.258566077366872,18.260824131392354,-190.75946275946276,167.07374847374848,-53.28791208791209,58.977289377289374,0,0.005636083559217722
SC4722E0-PSG.edf,SC,EEG Pz-Oz,100.0,8238000,0.7001595191407509,6.480951229762851,6.518661840808127,-148.19560439560436,141.13846153846154,-16.90549450549448,18.52527472527475,0,0.009197631946627758
SC4722E0-PSG.edf,SC,EOG horizontal,100.0,8238000,1.502953069710946,57.79047532238314,57.8100156194126,-449.11721611721606,414.7619047619048,-178.36996336996333,187.27838827838832,0,0.013419535590599163
SC4722E0-PSG.edf,SC,Resp oro-nasal,1.0,82380,164.9683054139354,23.388864203883504,166.61806852767552,69.0,330.0,115.78999999999996,228.0,0,0.020417824931111085
SC4722E0-PSG.edf,SC,EMG submental,1.0,82380,2.5626743141539206,1.1964121956506204,2.828197620804778,-0.6940000000000001,3.5620000000000003,0.23800000000000002,3.432,0,0.008897898736328434
SC4722E0-PSG.edf,SC,Temp rectal,1.0,82380,13.20860579024035,0.08282249430252368,13.208865450428867,7.304,13.371,13.103,13.312000000000001,0,0.00899501086441933
SC4722E0-PSG.edf,SC,Event marker,1.0,82380,960.4516266084001,25.537042636882447,960.7910634479067,137.0,1066.0,910.0,1012.0,0,0.018293497129122715
SC4731E0-PSG.edf,SC,EEG Fpz-Cz,100.0,8340000,0.41303161980306635,19.526201390094336,19.530569265781246,-123.41953601953601,121.66471306471307,-59.01367521367521,64.19340659340659,0,0.0045311804930221735
SC4731E0-PSG.edf,SC,EEG Pz-Oz,100.0,8340000,0.39930173276760633,5.600528770641823,5.614745264442371,-136.61196581196583,114.61709401709399,-13.770940170940197,14.770940170940145,0,0.011362123935400403
SC4731E0-PSG.edf,SC,EOG horizontal,100.0,8340000,-0.5473324194269795,45.61636499003211,45.619648482656935,-400.7692307692306,424.6881562881564,-146.8214896214895,151.91062271062282,0,0.018876521434677978
SC4731E0-PSG.edf,SC,Resp oro-nasal,1.0,83400,62.91730215827338,30.789261775548965,70.04688109801002,-44.0,424.0,0.0,110.00999999999476,0,0.048801544383026176
SC4731E0-PSG.edf,SC,EMG submental,1.0,83400,2.0902448681055157,1.1243056185808487,2.373433532377494,-0.656,3.112,-0.21,2.954,0,0.037638340987302
SC4731E0-PSG.edf,SC,Temp rectal,1.0,83400,14.343537798737891,0.09459016885264343,14.343849688415807,9.28679331654841,15.00022888532845,14.298466468299383,15.00022888532845,0,0.0370867756208108
SC4731E0-PSG.edf,SC,Event marker,1.0,83400,841.2891366906475,26.957729091447714,841.7209339629512,99.0,941.0,787.0,904.0,0,0.049485005815417454
SC4732E0-PSG.edf,SC,EEG Fpz-Cz,100.0,7560000,-0.7576574976581191,17.23102025978095,17.247669525960283,-143.90451770451767,127.6979242979243,-52.252258852258834,50.35091575091576,0,0.004195772745731145
SC4732E0-PSG.edf,SC,EEG Pz-Oz,100.0,7560000,-0.7840922656355908,5.373299898709607,5.4302074069507,-132.7145299145299,109.2,-14.731623931623922,13.425641025641035,0,0.00940477434493961
SC4732E0-PSG.edf,SC,EOG horizontal,100.0,7560000,-9.274576674515814,44.19508282337221,45.15775811813737,-531.0373626373624,471.6307692307693,-151.58021978021964,137.74945054945067,0,0.016644201910319987
SC4732E0-PSG.edf,SC,Resp oro-nasal,1.0,75600,62.87952380952381,20.38096252966666,66.10006163497995,-602.0,696.0,20.0,123.0,0,0.027381314567653012
SC4732E0-PSG.edf,SC,EMG submental,1.0,75600,1.7249843386243384,1.633577310371649,2.375741104889234,-1.1460000000000001,3.084,-1.046,2.904,0,0.018267437399965607
SC4732E0-PSG.edf,SC,Temp rectal,1.0,75600,14.368762481213844,0.03071542458233503,14.368795310632198,10.61066605630579,15.6415655756466,14.341954680704967,14.402838178072786,0,0.01578063201894205
SC4732E0-PSG.edf,SC,Event marker,1.0,75600,904.5981746031746,17.06525654055369,904.7591284293243,128.0,978.0,869.0,943.0,0,0.027712006772576358
SC4741E0-PSG.edf,SC,EEG Fpz-Cz,100.0,8070000,0.8510063907839291,19.32838460041451,19.347109942797548,-167.31208791208792,149.4879120879121,-55.813186813186825,67.0967032967033,0,0.0062565133290128
SC4741E0-PSG.edf,SC,EEG Pz-Oz,100.0,8070000,0.34745154471029677,11.315332100646737,11.320665312774151,-175.9230769230769,182.0,-36.49572649572648,39.09401709401711,0,0.008877334420488749
SC4741E0-PSG.edf,SC,EOG horizontal,100.0,8070000,-0.35147974998980136,52.19298449664655,52.19416795660067,-492.6295482295482,493.6295482295482,-169.70842490842492,169.20879120879118,0,0.0204585135793229
SC4741E0-PSG.edf,SC,Resp oro-nasal,1.0,80700,166.20053283767038,26.166312938616052,168.2477133524469,-278.0,699.0,114.0,243.0,0,0.021512038563055304
SC4741E0-PSG.edf,SC,EMG submental,1.0,80700,1.9987190582403969,1.80149537574451,2.6907737665218585,-1.106,3.8360000000000003,-1.02,3.678,0,0.014312445011710181
SC4741E0-PSG.edf,SC,Temp rectal,1.0,80700,14.261290986994949,0.040556257833083705,14.261348653819269,12.172579537651636,15.741359578850995,14.192721446555275,14.310826276035707,0,0.012032367191662846
SC4741E0-PSG.edf,SC,Event marker,1.0,80700,1012.1100867410161,39.52513262361569,1012.8815645433683,159.0,1148.0,932.0,1103.0,0,0.022267933927310128
SC4742E0-PSG.edf,SC,EEG Fpz-Cz,100.0,7950000,1.6446687547169814,17.281319504485143,17.359404918626712,-158.9142857142857,164.82857142857142,-48.68571428571428,61.885714285714286,0,0.006065416434486081
SC4742E0-PSG.edf,SC,EEG Pz-Oz,100.0,7950000,-0.8673948736378991,7.165353959230617,7.217663834501794,-120.84615384615385,136.01343101343102,-21.739926739926748,20.01831501831501,0,0.008676740473887388
SC4742E0-PSG.edf,SC,EOG horizontal,100.0,7950000,-6.689246758971203,50.71203110113176,51.15130614759085,-506.6896214896214,421.46422466422473,-165.3843711843711,158.732844932845,0,0.01579624628458652
SC4742E0-PSG.edf,SC,Resp oro-nasal,1.0,79500,155.28880503144654,20.372151122042702,156.6194033618886,55.0,275.0,113.0,221.0,0,0.025346230770198368
SC4742E0-PSG.edf,SC,EMG submental,1.0,79500,2.5688519999999997,1.6033241712050041,3.028142829503624,-1.114,3.722,-0.99,3.5620000000000003,0,0.013673127963873759
SC4742E0-PSG.edf,SC,Temp rectal,1.0,79500,14.201079066205441,0.038776379615651634,14.201132006013975,11.53307392996109,14.315403982604716,14.144650949874112,14.272831311512933,0,0.010880640008050415
SC4742E0-PSG.edf,SC,Event marker,1.0,79500,963.5628679245283,34.76318351542635,964.1897527826508,129.0,1118.0,900.0,1053.0,0,0.02218895835167738
SC4751E0-PSG.edf,SC,EEG Fpz-Cz,100.0,8040000,0.5754507757002489,19.36621558298596,19.374763214087096,-181.0,182.0,-57.07472527472528,61.53186813186813,0,0.003800999752487254
SC4751E0-PSG.edf,SC,EEG Pz-Oz,100.0,8040000,1.024181312363705,10.289536099624033,10.340382029019109,-182.0090354090354,179.17680097680096,-27.377533577533573,30.040781440781444,0,0.005319658357784027
SC4751E0-PSG.edf,SC,EOG horizontal,100.0,8040000,3.061348383084531,62.330097263408554,62.405231181276626,-620.3589743589744,548.3846153846154,-219.41025641025647,221.97435897435892,0,0.01296643403785328
SC4751E0-PSG.edf,SC,Resp oro-nasal,1.0,80400,99.63554726368159,135.05500550705793,167.83055976503437,-1750.0,24303.0,-301.0,329.0,0,0.12034975559397505
SC4751E0-PSG.edf,SC,EMG submental,1.0,80400,2.2357043532338308,1.6069734498935075,2.7533139348304148,-3.39,48.986000000000004,-0.888,3.85,0,0.10964066717247727
SC4751E0-PSG.edf,SC,Temp rectal,1.0,80400,14.201923109333167,0.36178067004002873,14.206530373621355,1.4172579537651637,16.22659647516594,13.813229571984436,15.189288166628518,0,0.10937946989390415
SC4751E0-PSG.edf,SC,Event marker,1.0,80400,912.4984203980099,158.74938836405818,926.2044782524137,98.0,24272.0,638.0,1059.0,0,0.2556748218261421
SC4752E0-PSG.edf,SC,EEG Fpz-Cz,100.0,7410000,-0.43663639559120815,23.61816284858381,23.62219862087735,-179.99999999999997,179.0,-67.25909645909645,74.76288156288156,0,0.003037790874211706
SC4752E0-PSG.edf,SC,EEG Pz-Oz,100.0,7410000,0.008324531644693597,10.916869967962644,10.916873141849358,-193.0,174.8075702075702,-26.911599511599512,27.94847374847375,0,0.006075581748423412
SC4752E0-PSG.edf,SC,EOG horizontal,100.0,7410000,-2.5732736316794385,77.84541996817437,77.88793967749379,-631.8669108669109,559.7863247863248,-279.4371184371184,286.6532356532357,0,0.01218895032247007
SC4752E0-PSG.edf,SC,Resp oro-nasal,1.0,74100,112.34114709851552,38.325091611074534,118.69855086902939,-1771.0,1822.0,49.0,162.0,0,0.029811468440869647
SC4752E0-PSG.edf,SC,EMG submental,1.0,74100,16.78301632928475,2.7405761939357007,17.005304907110773,-11.44,34.01,1.49,18.400000000000002,0,0.019649387980944413
SC4752E0-PSG.edf,SC,Temp rectal,1.0,74100,14.197005710395501,0.1133320261179558,14.19745805731246,10.490272373540856,16.26779583428702,14.045319295033188,14.869764248111697,0,0.01731467361232945
SC4752E0-PSG.edf,SC,Event marker,1.0,74100,947.4033873144399,63.022570700312585,949.4972473433246,95.0,1080.0,752.0,1021.0,0,0.043482368183106385
SC4761E0-PSG.edf,SC,EEG Fpz-Cz,100.0,7890000,0.05346623917693804,34.63014313172937,34.630184405555745,-201.54236874236878,178.55628815628813,-88.06153846153849,93.75628815628814,0,0.002689483763604263
SC4761E0-PSG.edf,SC,EEG Pz-Oz,100.0,7890000,0.9770114905345226,14.32339260456249,14.356675351803146,-151.05641025641026,136.14505494505494,-43.56239316239317,40.21684981684981,0,0.00443093083768167
SC4761E0-PSG.edf,SC,EOG horizontal,100.0,7890000,0.3802786621912106,53.88060099282505,53.881942942037085,-463.4058608058608,400.69670329670333,-163.68571428571428,166.64835164835165,0,0.011230685970451166
SC4761E0-PSG.edf,SC,Resp oro-nasal,1.0,78900,39.63174904942966,26.449812213744487,47.64733044840304,-708.0,859.0,-14.0,112.0,0,0.022737930772253133
SC4761E0-PSG.edf,SC,EMG submental,1.0,78900,3.0651377693282638,0.8101268660482276,3.1703903677710996,-2.298,3.5260000000000002,-1.024,3.372,0,0.017680832456685128
SC4761E0-PSG.edf,SC,Temp rectal,1.0,78900,14.272795925667097,0.07169983951117019,14.272976017731034,7.421835660334173,15.737697413595788,14.230258640421148,14.313572899977112,0,0.011926640388344593
SC4761E0-PSG.edf,SC,Event marker,1.0,78900,951.8875411913815,23.662667101572403,952.1816070948513,89.0,1077.0,899.0,1000.0,0,0.022218279065640882
SC4762E0-PSG.edf,SC,EEG Fpz-Cz,100.0,8430000,-0.8171796891443864,36.63859571037946,36.64770768101306,-169.0,156.4974358974359,-86.86666666666666,88.88717948717948,0,0.0036204076161418935
SC4762E0-PSG.edf,SC,EEG Pz-Oz,100.0,8430000,-0.31865977268809004,14.274512135441732,14.278068523284343,-184.27863247863246,153.83418803418803,-44.57606837606836,42.39829059829061,0,0.005359436962558675
SC4762E0-PSG.edf,SC,EOG horizontal,100.0,8430000,-2.5028463506837038,56.88388309793609,56.938918115422524,-481.9032967032967,451.4769230769231,-170.9296703296703,181.3846153846154,0,0.011996455511809622
SC4762E0-PSG.edf,SC,Resp oro-nasal,1.0,84300,77.31036773428232,76.65407727404636,108.87029219188048,-1157.0,1374.0,9.0,204.0,0,0.03814991874162208
SC4762E0-PSG.edf,SC,EMG submental,1.0,84300,2.169555207591934,1.025081303780431,2.3995335959618207,-3.274,3.646,-0.98,2.9400199999999894,0,0.028387050854695787
SC4762E0-PSG.edf,SC,Temp rectal,1.0,84300,14.320903969436348,0.15110247130169158,14.32170110212649,9.426413366903182,27.829251544975968,14.27145799954223,15.037766079194324,0,0.029158115754635287
SC4762E0-PSG.edf,SC,Event marker,1.0,84300,882.8997271648873,28.219327692940794,883.3505865075734,107.0,992.0,830.0,940.0,0,0.04293052112124699
SC4771G0-PSG.edf,SC,EEG Fpz-Cz,100.0,8268000,0.5627615494192526,24.423759398427887,24.430241990487914,-184.99999999999997,186.0,-68.94449572649573,75.19829059829061,0,0.0024020348355525347
SC4771G0-PSG.edf,SC,EEG Pz-Oz,100.0,8268000,0.4840550211091047,9.41245758730266,9.424896131853776,-206.99999999999997,158.74725274725276,-22.96092796092794,25.075702075702097,0,0.005380993445807264
SC4771G0-PSG.edf,SC,EOG horizontal,100.0,8268000,2.9118606202885946,59.02846735753137,59.100244422939056,-987.0000000000001,630.9956043956043,-184.76800976800988,184.93528693528683,0,0.010038715576579071
SC4771G0-PSG.edf,SC,Resp oro-nasal,1.0,82680,71.38073294629898,63.920503503281374,95.81774263707041,-1538.0,1721.0,-52.0,172.0,0,0.02995923995210392
SC4771G0-PSG.edf,SC,EMG submental,1.0,82680,2.89718335752298,0.798829818127556,3.0052954073498053,-4.438,5.8660000000000005,0.013579999999999927,3.5660000000000003,0,0.02739510637525853
SC4771G0-PSG.edf,SC,Temp rectal,1.0,82680,14.243182035369703,0.1315096663768041,14.243789147731329,5.869077592126344,28.718699931334402,14.175326161593041,15.001698329137104,0,0.02712901704181231
SC4771G0-PSG.edf,SC,Event marker,1.0,82680,995.3399854862118,50.23198132030149,996.6067121262307,31.0,1797.0,904.0,1107.0,0,0.06061998814692969
SC4772G0-PSG.edf,SC,EEG Fpz-Cz,100.0,6726000,0.030037928371559074,26.445710081350086,26.44572714039004,-176.0,176.0,-75.08473748473749,82.56312576312577,0,0.0021067530579141507
SC4772G0-PSG.edf,SC,EEG Pz-Oz,100.0,6726000,0.4743794492024557,8.637645384212563,8.65066203508345,-128.5885225885226,148.46691086691087,-21.524786324786334,23.731623931623922,0,0.005115975492083693
SC4772G0-PSG.edf,SC,EOG horizontal,100.0,6726000,0.23739803354540182,51.68359098585639,51.68413620270368,-558.0461538461539,485.03076923076924,-165.15384615384616,160.68351648351648,0,0.01597088309676345
SC4772G0-PSG.edf,SC,Resp oro-nasal,1.0,67260,69.89438001784121,39.609428603671475,80.33760758441683,-1578.0,883.0,-1.0,162.0,0,0.01748464889457173
SC4772G0-PSG.edf,SC,EMG submental,1.0,67260,2.837165150163544,1.2924519754535873,3.1176815421329365,-2.704,3.888,0.024,3.7720000000000002,0,0.01876328818448089
SC4772G0-PSG.edf,SC,Temp rectal,1.0,67260,13.525817573595004,0.14598370929097815,13.526605349367957,6.899,16.179000000000002,13.446,13.613,0,0.020116266967989415
SC4772G0-PSG.edf,SC,Event marker,1.0,67260,1116.937065120428,38.84742232351212,1117.6124237234558,133.0,1242.0,1036.0,1183.0,0,0.0391620452281479
SC4801G0-PSG.edf,SC,EEG Fpz-Cz,100.0,8322000,1.4271940312084268,14.99916189132626,15.066908781994089,-146.83565323565327,147.6197802197802,-48.39975579975582,45.178266178266156,0,0.004099980893992903
SC4801G0-PSG.edf,SC,EEG Pz-Oz,100.0,8322000,-0.09151772987086601,8.834630912396301,8.835104914665651,-152.89743589743588,153.68278388278387,-23.41318681318681,25.278388278388277,0,0.006134350077325255
SC4801G0-PSG.edf,SC,EOG horizontal,100.0,8322000,0.0019378039701551009,47.747925077937204,47.74792511725916,-525.6888888888889,556.3545787545787,-152.6051282051282,157.6275946275946,0,0.016261735474327656
SC4801G0-PSG.edf,SC,Resp oro-nasal,1.0,83220,7.371184811343427,51.82444879750132,52.346039570227425,-300.0,1260.0,-84.0,175.0,0,0.014083322318220598
SC4801G0-PSG.edf,SC,EMG submental,1.0,83220,3.790307546262918,1.0184314071090268,3.924746339095521,-1.344,5.0040000000000004,0.752,4.7620000000000005,0,0.006008243309821074
SC4801G0-PSG.edf,SC,Temp rectal,1.0,83220,13.240451694304255,0.09086077242951252,13.240763450389515,9.824,14.927,13.019,13.411,0,0.009372859563320877
SC4801G0-PSG.edf,SC,Event marker,1.0,83220,1297.302511415525,81.50007904796615,1299.8600190058364,130.0,1742.0,1110.0,1454.0,0,0.00984150254148692
SC4802G0-PSG.edf,SC,EEG Fpz-Cz,100.0,8430000,0.5708460116711918,19.964470529725197,19.97262998959592,-205.00000000000003,206.0,-62.078388278388296,59.06373626373625,0,0.003001189799750652
SC4802G0-PSG.edf,SC,EEG Pz-Oz,100.0,8430000,0.4573143078748094,12.944674388992583,12.952749955635962,-186.99999999999997,188.0,-33.611721611721606,34.97802197802198,0,0.003582447903259672
SC4802G0-PSG.edf,SC,EOG horizontal,100.0,8430000,0.770809757610296,71.95710276264742,71.96123112952299,-793.9960927960927,847.1811965811966,-221.72893772893767,229.3626373626374,0,0.00812575103885058
SC4802G0-PSG.edf,SC,Resp oro-nasal,1.0,84300,-116.09787663107947,79.39603671185746,140.65008924204764,-406.0,1622.0,-258.0,133.0,0,0.018315757007793688
SC4802G0-PSG.edf,SC,EMG submental,1.0,84300,5.896462752075919,1.1510001009800168,6.007751178192613,-2.374,7.306,-0.678,6.708,0,0.011886261995990462
SC4802G0-PSG.edf,SC,Temp rectal,1.0,84300,13.494303712930012,0.08969257862275036,13.494601789436274,7.689,15.700000000000001,13.401,13.71,0,0.01697529033559117
SC4802G0-PSG.edf,SC,Event marker,1.0,84300,1801.6696915776986,147.4431755174394,1807.692774659551,157.0,2063.0,1324.0,1982.0,0,0.017307441369411262
SC4811G0-PSG.edf,SC,EEG Fpz-Cz,100.0,7206000,-0.9703532688978167,23.654833120576917,23.674727357010937,-193.0,176.18388278388278,-72.78315018315018,68.81391941391941,0,0.00311823913161134
SC4811G0-PSG.edf,SC,EEG Pz-Oz,100.0,7206000,-0.5018667322408406,13.738774417098307,13.747937761746115,-191.0,186.46446886446887,-43.06593406593407,40.484249084249086,0,0.004346384049936234
SC4811G0-PSG.edf,SC,EOG horizontal,100.0,7206000,-1.4303600184624958,64.35305857018312,64.36895274213988,-521.7326007326008,535.6754578754578,-211.1135531135532,218.97435897435892,0,0.011987249496599357
SC4811G0-PSG.edf,SC,Resp oro-nasal,1.0,72060,1.1724257563141827,26.22575314094621,26.251946784265716,-106.0,985.0,-52.0,81.0,0,0.027130545802744974
SC4811G0-PSG.edf,SC,EMG submental,1.0,72060,2.337393394393561,0.8897503027689776,2.5010124912587184,-1.1300000000000001,3.21,0.248,3.088,0,0.010879973355167294
SC4811G0-PSG.edf,SC,Temp rectal,1.0,72060,13.506956369691924,0.11326558227964355,13.5074312681905,9.114,14.894,13.353,13.700000000000001,0,0.012961600910365117
SC4811G0-PSG.edf,SC,Event marker,1.0,72060,840.4642381348876,58.24049940350636,842.4797275628814,98.0,1000.0,748.0,961.0,0,0.02492402059423528
SC4812G0-PSG.edf,SC,EEG Fpz-Cz,100.0,7248000,0.966516645710181,30.173613151998566,30.189088841382695,-190.0,192.0,-89.99902319902321,89.94676434676434,0,0.0021950913287683894
SC4812G0-PSG.edf,SC,EEG Pz-Oz,100.0,7248000,0.9145074024209991,13.267579966465261,13.299060190691419,-156.74798534798532,183.1846153846154,-38.19853479853478,40.289377289377306,0,0.0039748951088508675
SC4812G0-PSG.edf,SC,EOG horizontal,100.0,7248000,2.465403419881655,73.39150081310866,73.43289866009177,-616.3999999999999,576.0593406593407,-230.5006105006104,247.59145299145308,0,0.011470766377988932
SC4812G0-PSG.edf,SC,Resp oro-nasal,1.0,72480,-44.45217991169978,33.952136534687476,55.935175642632835,-475.0,671.0,-106.0,71.0,0,0.030105271871852538
SC4812G0-PSG.edf,SC,EMG submental,1.0,72480,2.9137602097130246,0.9682823905010777,3.0704347163653174,-2.25,3.774,0.352,3.63,0,0.015894259026752577
SC4812G0-PSG.edf,SC,Temp rectal,1.0,72480,13.331186023730686,0.14407896234428097,13.33196457941224,6.264,15.759,13.23079,13.457,0,0.014417969342844134
SC4812G0-PSG.edf,SC,Event marker,1.0,72480,947.902635209713,28.825215436004108,948.3408136753634,76.0,1082.0,888.0,1008.0,0,0.035762082810193295
SC4821G0-PSG.edf,SC,EEG Fpz-Cz,100.0,8166000,-0.038173108427500296,32.17638131739555,32.17640396111175,-181.00000000000003,181.0,-86.23467643467646,98.61074481074479,0,0.0018577049445321389
SC4821G0-PSG.edf,SC,EEG Pz-Oz,100.0,8166000,0.40283566409097954,15.197366759522795,15.202704792099079,-196.00000000000003,183.66007326007326,-39.471794871794884,43.25494505494505,0,0.0029108534298964363
SC4821G0-PSG.edf,SC,EOG horizontal,100.0,8166000,-0.6742284045913128,123.05871047032511,123.06055747704404,-789.3638583638584,740.2297924297924,-388.24664224664224,372.66056166056165,0,0.008510909271257985
SC4821G0-PSG.edf,SC,Resp oro-nasal,1.0,81660,65.4996448689689,113.9899564707997,131.46829904648442,-2051.0,2257.0,-289.0,334.0,0,0.07337831714814044
SC4821G0-PSG.edf,SC,EMG submental,1.0,81660,2.7624543228018608,1.0933207176448492,2.9709432975400487,-4.266,4.142,-0.628,3.5,0,0.05991991084877356
SC4821G0-PSG.edf,SC,Temp rectal,1.0,81660,14.3028544685642,0.2108584591030316,14.30440866441889,6.823071641107805,15.950102998397803,14.207370107576104,15.14351110093843,0,0.058683060042371324
SC4821G0-PSG.edf,SC,Event marker,1.0,81660,957.5929341170707,31.829563051405813,958.1217816932167,92.0,1076.0,887.0,1019.0,0,0.15530437551280324
SC4822G0-PSG.edf,SC,EEG Fpz-Cz,100.0,8430000,0.1357968525108739,33.63421754799863,33.63449168415142,-182.0,182.0,-92.57777777777778,100.31111111111112,0,0.0017390293464167811
SC4822G0-PSG.edf,SC,EEG Pz-Oz,100.0,8430000,0.5594981358802069,13.005504360681488,13.017533631212887,-164.83687423687422,149.68791208791208,-32.89035409035408,36.83516483516484,0,0.003250300415540232
SC4822G0-PSG.edf,SC,EOG horizontal,100.0,8430000,1.3452893362417346,81.43557277450779,81.44668388897337,-584.4398046398046,517.0229548229548,-259.82368742368743,258.397557997558,0,0.011810215670481222
SC4822G0-PSG.edf,SC,Resp oro-nasal,1.0,84300,63.223036773428234,114.62202407942327,130.90210381395002,-2378.0,1573.0,-355.0799999999999,281.0,0,0.07415271830033571
SC4822G0-PSG.edf,SC,EMG submental,1.0,84300,2.756531767497034,1.1722670768141044,2.9954427860672967,-4.134,4.992,-0.598,3.7640000000000002,0,0.061649604384393646
SC4822G0-PSG.edf,SC,Temp rectal,1.0,84300,14.250226927720833,0.22147294015935243,14.251947858267055,7.1467154955367365,16.091096360723277,14.124971389333943,15.134355687800412,0,0.06195803034436945
SC4822G0-PSG.edf,SC,Event marker,1.0,84300,1041.1911862396205,58.25714356549036,1042.8197260694094,104.0,1193.0,896.0,1129.0,0,0.1618880413765288
