file,cohort,channel,sf,n,mean,std,rms,min,max,p1,p99,nan,flat_frac,jump_rate,flat1s_rate,std_med
SC4001E0-PSG.edf,SC,EEG Fpz-Cz,100.0,7950000,0.1655056189093927,25.90938238369947,25.90991099202478,-192.0,170.6197802197802,-71.31428571428572,71.40805860805861,0,0.0023685564384357,0.0,0.0,21.73119344524892
SC4001E0-PSG.edf,SC,EEG Pz-Oz,100.0,7950000,-0.3508537159444431,11.426042623282056,11.431428097969652,-171.08791208791212,196.0,-31.354578754578768,31.02637362637362,0,0.0045522069839081,0.0,0.0,8.14155026623435
SC4001E0-PSG.edf,SC,EOG horizontal,100.0,7950000,0.8605218389660652,73.33068678509723,73.33573564238223,-511.7687423687424,517.1894993894994,-207.22075702075705,230.87496947496948,0,0.0090742252505978,0.0,0.0,69.0433895198172
SC4001E0-PSG.edf,SC,Resp oro-nasal,1.0,79500,126.9654465408805,171.59601218342294,213.4605725012903,-1748.0,1806.0,-346.0,647.0,0,0.0104026465741707,,,
SC4001E0-PSG.edf,SC,EMG submental,1.0,79500,2.950010641509434,0.9569469341109612,3.101340068377422,-0.108,3.81,0.118,3.63,0,0.009295714411502,,,
SC4001E0-PSG.edf,SC,Temp rectal,1.0,79500,36.9822173666058,0.3672271014905939,36.984040572859925,34.70860215053764,37.49677419354839,36.053720430107525,37.435483870967744,0,0.0162643555264846,,,
SC4001E0-PSG.edf,SC,Event marker,1.0,79500,858.3775597484276,36.07171458761636,859.1351486657708,136.0,980.0,781.0,936.0,0,0.0155473653756651,,,
SC4002E0-PSG.edf,SC,EEG Fpz-Cz,100.0,8490000,0.6701518756390735,29.04089249592803,29.04862372809548,-208.0,209.0,-78.77582417582418,82.1179487179487,0,0.00197408948656,0.0,0.0,27.68606285598915
SC4002E0-PSG.edf,SC,EEG Pz-Oz,100.0,8490000,1.0932798688394365,12.553085038119582,12.600603352453854,-200.0,177.94871794871793,-33.60439560439561,36.09523809523808,0,0.003910487527076,0.0,0.0,9.806867650387112
SC4002E0-PSG.edf,SC,EOG horizontal,100.0,8490000,1.4132964257310667,65.15004010926543,65.16536758912574,-585.2478632478633,552.4871794871796,-191.69474969474967,210.05738705738707,0,0.0102709190470189,0.0,0.0,68.81548022606401
SC4002E0-PSG.edf,SC,Resp oro-nasal,1.0,84900,116.45359246171968,427.2185546959466,442.80597633019113,-2209.0,2256.0,-1161.0,1614.0,0,0.0166904203818655,,,
SC4002E0-PSG.edf,SC,EMG submental,1.0,84900,3.1759467137809185,1.4933288419144128,3.509511156681121,-2.758,4.692,0.136,4.482,0,0.0149236151191415,,,
SC4002E0-PSG.edf,SC,Temp rectal,1.0,84900,36.987026073505774,0.4006113083872222,36.98919554657283,34.75917215428034,39.23142050799624,35.601110065851366,37.540921919096895,0,0.0262782836075807,,,
SC4002E0-PSG.edf,SC,Event marker,1.0,84900,1032.004699646643,52.11336323909636,1033.3196517636002,95.0,1243.0,920.0,1146.0,0,0.0398944628323066,,,
SC4011E0-PSG.edf,SC,EEG Fpz-Cz,100.0,8406000,0.1026912073095999,27.5512316088439,27.55142298771913,-204.00000000000003,204.0,-81.84908424908427,86.03369963369961,0,0.0033154928806719,0.0,0.0,26.96723638884967
SC4011E0-PSG.edf,SC,EEG Pz-Oz,100.0,8406000,0.0716195362519416,11.452395445747062,11.452619386137872,-126.8119658119658,127.08302808302808,-31.488400488400487,31.3980463980464,0,0.0037996714247816,0.0,0.0,9.9827237504201
SC4011E0-PSG.edf,SC,EOG horizontal,100.0,8406000,1.021568476293437,86.05822384740878,86.06428698317603,-529.6849816849816,476.4871794871796,-247.153846153846,279.2673992673994,0,0.0122317537850984,0.0,0.0,77.34882314349952
SC4011E0-PSG.edf,SC,Resp oro-nasal,1.0,84060,69.55067808708066,559.6101610897117,563.9156224269955,-1553.0,1759.0,-1340.41,1622.0,0,0.0132525963906303,,,
SC4011E0-PSG.edf,SC,EMG submental,1.0,84060,2.4594181299072093,1.123188182797244,2.7037546544928315,-0.226,3.476,0.172,3.34,0,0.0088033405108316,,,
SC4011E0-PSG.edf,SC,Temp rectal,1.0,84060,37.184775409346045,0.2920215970365901,37.185922051989536,34.571766095688126,37.90431187241583,36.59066745422327,37.81925575900768,0,0.0204142328602529,,,
SC4011E0-PSG.edf,SC,Event marker,1.0,84060,901.294063763978,26.8177501041708,901.692952782063,91.0,1000.0,844.0,958.0,0,0.0194982095908825,,,
SC4012E0-PSG.edf,SC,EEG Fpz-Cz,100.0,8550000,-1.3197691019857425,29.572760329226387,29.602194918154687,-192.0,189.0,-88.26007326007327,88.23736263736264,0,0.0030596527013481,0.0,0.0,25.76665935311177
SC4012E0-PSG.edf,SC,EEG Pz-Oz,100.0,8550000,-0.8347015600539944,13.835580880956318,13.860736813309758,-199.0,186.94285714285712,-38.56923076923079,37.05274725274724,0,0.003588308290419,0.0,0.0,13.231807494823649
SC4012E0-PSG.edf,SC,EOG horizontal,100.0,8550000,-3.6497153153824167,106.89058427891224,106.95287480647988,-640.6271062271061,552.0278388278389,-304.8871794871794,335.4644688644689,0,0.0086128755706147,0.0,0.0,96.48971697923918
SC4012E0-PSG.edf,SC,Resp oro-nasal,1.0,85500,122.47105263157894,1076.5770031718775,1083.5207439136675,-2467.0,2781.0,-2191.0,2614.0,0,0.0091463058047462,,,
SC4012E0-PSG.edf,SC,EMG submental,1.0,85500,3.986634900584795,1.3916599173491413,4.222555524337952,-1.722,5.386,0.722,5.15,0,0.0075205557959742,,,
SC4012E0-PSG.edf,SC,Temp rectal,1.0,85500,37.13446704179231,0.2713973834504135,37.13545878291668,34.32014176018901,37.67867690490254,36.68635558180744,37.59480212640283,0,0.0188774137709212,,,
SC4012E0-PSG.edf,SC,Event marker,1.0,85500,1417.188596491228,35.94442784844127,1417.6443559363288,135.0,1557.0,1327.0,1492.0,0,0.0144329173440625,,,
SC4021E0-PSG.edf,SC,EEG Fpz-Cz,100.0,8412000,-0.0270426862723581,16.541709789169825,16.541731894091306,-184.4769230769231,157.15384615384616,-48.69230769230769,49.52307692307693,0,0.0045280605421547,0.0,0.0,14.697281958073289
SC4021E0-PSG.edf,SC,EEG Pz-Oz,100.0,8412000,-0.041068541771561,15.94099429651001,15.941047198552807,-203.61318681318684,182.07667887667887,-45.60976800976804,45.9203907203907,0,0.0036186443398054,0.0,0.0,13.23595400279858
SC4021E0-PSG.edf,SC,EOG horizontal,100.0,8412000,-0.181060358566778,79.00348125187423,79.00368872887327,-593.8827838827839,515.3040293040293,-222.33699633699632,261.8534798534798,0,0.0103388140023942,0.0,0.0,41.16459995081462
SC4021E0-PSG.edf,SC,Resp oro-nasal,1.0,84120,72.93490252020922,566.5872026623183,571.2622499573583,-1690.0,1890.0,-1434.0,1716.0,0,0.0122921099870421,,,
SC4021E0-PSG.edf,SC,EMG submental,1.0,84120,2.9536370660960536,1.0066028271312073,3.120452077793383,-0.004,3.736,0.25,3.606,0,0.010746680298149,,,
SC4021E0-PSG.edf,SC,Temp rectal,1.0,84120,37.15036592468596,0.3441879744189592,37.15196029417294,34.91541755888651,37.72269807280514,36.67558886509636,37.66059957173448,0,0.0209940679275787,,,
SC4021E0-PSG.edf,SC,Event marker,1.0,84120,999.8531978126484,24.850914514532693,1000.1619794455236,104.0,1086.0,943.0,1054.0,0,0.0204828873381756,,,
SC4022E0-PSG.edf,SC,EEG Fpz-Cz,100.0,8268000,-1.2974929465175389,24.886690276207823,24.92049038141425,-193.0,190.0,-78.33382173382172,72.9956043956044,0,0.0036707833463756,0.0,0.0,26.577859156380374
SC4022E0-PSG.edf,SC,EEG Pz-Oz,100.0,8268000,0.1610990576375192,10.484715865610797,10.485953446824109,-175.0,175.0,-26.53846153846154,26.70940170940171,0,0.0053144718365648,0.0,0.0,9.264603843127889
SC4022E0-PSG.edf,SC,EOG horizontal,100.0,8268000,-0.5722327557057869,103.12828969677552,103.12987727185916,-714.1267399267399,652.6131868131869,-287.447619047619,332.7106227106227,0,0.0073040726948145,0.0,0.0,109.290217718189
SC4022E0-PSG.edf,SC,Resp oro-nasal,1.0,82680,75.077793904209,646.5234402373683,650.8680618327227,-1668.0,1829.0,-1456.0,1708.0,0,0.0120223998838882,,,
SC4022E0-PSG.edf,SC,EMG submental,1.0,82680,2.746818529269473,0.9325831950758836,2.900814273350856,-1.19,3.606,0.344,3.466,0,0.009954160064829,,,
SC4022E0-PSG.edf,SC,Temp rectal,1.0,82680,37.20738781844505,0.3314136847598481,37.20886377333524,34.97843240399789,37.809573908469226,36.59547606522882,37.736980536559706,0,0.0156750807339227,,,
SC4022E0-PSG.edf,SC,Event marker,1.0,82680,968.2594944363811,39.33550401957454,969.0581666972682,116.0,1099.0,874.0,1040.0,0,0.0184448287957038,,,
SC4031E0-PSG.edf,SC,EEG Fpz-Cz,100.0,8460000,0.9809753409710772,16.281796669707145,16.311321694249056,-177.65934065934067,187.1054945054945,-47.6901098901099,47.46593406593406,0,0.0037505954498764,0.0,0.0,16.20155844447355
SC4031E0-PSG.edf,SC,EEG Pz-Oz,100.0,8460000,0.9145986491050326,21.242195737570523,21.26187598595674,-194.0,196.0,-56.19047619047619,57.71428571428571,0,0.0018487019488202,0.0,0.0,21.62032477816531
SC4031E0-PSG.edf,SC,EOG horizontal,100.0,8460000,3.6004625352083672,94.54081830514758,94.60935290062172,-486.7589743589744,449.251282051282,-257.0273504273505,296.3965811965812,0,0.0079160850071926,0.0,0.0,95.68664622021883
SC4031E0-PSG.edf,SC,Resp oro-nasal,1.0,84600,33.89277777777778,591.929540188959,592.8990647098426,-1998.0,1979.0,-1582.0,1784.0,0,0.0128606721119634,,,
SC4031E0-PSG.edf,SC,EMG submental,1.0,84600,2.940951938534279,1.0611922446036253,3.126551980181269,0.074,3.976,0.35,3.74,0,0.0081206633648151,,,
SC4031E0-PSG.edf,SC,Temp rectal,1.0,84600,37.46421411992263,0.5233166350312872,37.46786890021783,33.76763636363636,38.41272727272728,36.61272727272727,38.25563636363636,0,0.0201539025283986,,,
SC4031E0-PSG.edf,SC,Event marker,1.0,84600,996.6325295508274,33.417961379682474,997.1926389126902,70.0,1157.0,915.0,1071.0,0,0.0153666118984857,,,
SC4032E0-PSG.edf,SC,EEG Fpz-Cz,100.0,8196000,-0.0006975493569929,26.439767728729045,26.439767737930616,-203.0,203.0,-76.88717948717948,75.99487179487178,0,0.002379212273319,0.0,0.0,27.591933816657864
SC4032E0-PSG.edf,SC,EEG Pz-Oz,100.0,8196000,-0.0571985837220097,15.741387716183754,15.741491635458193,-190.36068376068377,170.56581196581195,-42.936019536019536,41.804884004884,0,0.0027196226447323,0.0,0.0,14.276171688076062
SC4032E0-PSG.edf,SC,EOG horizontal,100.0,8196000,0.0958388635928898,101.03681614810274,101.0368616022553,-565.4798534798535,496.7326007326008,-292.2881562881563,324.1904761904762,0,0.0087262185532193,0.0,0.0,111.21627598204964
SC4032E0-PSG.edf,SC,Resp oro-nasal,1.0,81960,56.756002928257686,90.99025729294966,107.24024799779968,-2002.0,1952.0,-148.0,344.0,0,0.0849083078124428,,,
SC4032E0-PSG.edf,SC,EMG submental,1.0,81960,2.8238155685700344,1.4502338810559146,3.174446829773812,-3.406,4.562,-0.376,3.97,0,0.0725728718017545,,,
SC4032E0-PSG.edf,SC,Temp rectal,1.0,81960,37.12416861374504,0.389008659688128,37.12620668744767,34.22675521821632,38.33965844402277,35.60650853889943,38.14326375711575,0,0.0882880464622555,,,
SC4032E0-PSG.edf,SC,Event marker,1.0,81960,1012.1236212786724,31.20731999458724,1012.6046225311724,81.0,1147.0,938.0,1082.0,0,0.1880330409106992,,,
SC4041E0-PSG.edf,SC,EEG Fpz-Cz,100.0,7710000,-0.0602398868633887,27.44598606030252,27.4460521690514,-193.0,193.0,-80.73479853479853,81.86593406593407,0,0.0028793811665125,0.0,0.0,25.0489504141714
SC4041E0-PSG.edf,SC,EEG Pz-Oz,100.0,7710000,0.4303983688310651,10.714947947529708,10.723588591239574,-193.52747252747253,183.62759462759465,-28.48595848595848,28.90720390720392,0,0.0049312645022885,0.0,0.0,9.273761816042535
SC4041E0-PSG.edf,SC,EOG horizontal,100.0,7710000,-0.3433742037757599,71.66141566865485,71.66223832311937,-654.0,601.1111111111111,-215.3333333333333,245.5555555555556,0,0.0114358124978112,0.0,0.0,61.38338056964514
SC4041E0-PSG.edf,SC,Resp oro-nasal,1.0,77100,83.66317769130998,276.29060285355547,288.6797958406318,-1463.0,1633.0,-758.01,889.0,0,0.0136318240184697,,,
SC4041E0-PSG.edf,SC,EMG submental,1.0,77100,2.2966469001297014,0.9229698518557468,2.47516874804729,-0.742,3.29,0.228,3.144,0,0.0119586505661552,,,
SC4041E0-PSG.edf,SC,Temp rectal,1.0,77100,36.99027099552619,0.3203186608353133,36.99165787535002,35.95377128953771,38.175993511759934,36.08029197080292,37.64071370640714,0,0.0256034449214646,,,
SC4041E0-PSG.edf,SC,Event marker,1.0,77100,902.9062127107652,29.27738861476584,903.3807582829056,90.0,1013.0,845.0,959.0,0,0.0510901568113723,,,
SC4042E0-PSG.edf,SC,EEG Fpz-Cz,100.0,8376000,0.0879056403958982,31.551369399698466,31.551491856928752,-198.0,198.0,-91.43296703296704,94.72087912087912,0,0.0024259818839325,0.0,0.0,32.98572767226294
SC4042E0-PSG.edf,SC,EEG Pz-Oz,100.0,8376000,-0.925452825853967,12.868664777702849,12.901898933636511,-201.00000000000003,194.1159951159952,-36.702075702075696,34.897435897435905,0,0.004114140537417,0.0,0.0,12.118529887288725
SC4042E0-PSG.edf,SC,EOG horizontal,100.0,8376000,-5.740828961927385,69.9887111446974,70.22376239469082,-562.9191697191696,503.3318681318681,-232.89963369963368,211.408547008547,0,0.0114649134012815,0.0,0.0,69.5726423656163
SC4042E0-PSG.edf,SC,Resp oro-nasal,1.0,83760,91.9053605539637,329.980084902987,342.53970825458555,-1470.0,1681.0,-973.41,1145.0,0,0.011342064733342,,,
SC4042E0-PSG.edf,SC,EMG submental,1.0,83760,2.545554918815664,0.8280935576963239,2.676861741854588,-0.562,3.394,0.338,3.252,0,0.0088826275385331,,,
SC4042E0-PSG.edf,SC,Temp rectal,1.0,83760,36.60597333604607,0.3766134234759629,36.60791064169134,35.12544378698225,38.28757396449704,35.945076923076925,37.31360946745562,0,0.022636373404649,,,
SC4042E0-PSG.edf,SC,Event marker,1.0,83760,972.342717287488,26.647472189444496,972.7077914955256,100.0,1074.0,915.0,1032.0,0,0.0203679604579806,,,
SC4051E0-PSG.edf,SC,EEG Fpz-Cz,100.0,8166000,1.191863928549734,40.45211356013694,40.46966803800586,-180.00000000000003,182.0,-105.74358974358977,120.91526251526253,0,0.0018577049445321,0.0,0.0,38.49516535705553
SC4051E0-PSG.edf,SC,EEG Pz-Oz,100.0,8166000,0.6829604520007231,17.775155461046495,17.788271041429763,-177.66105006105005,162.7020757020757,-47.8043956043956,53.55409035409036,0,0.0033272144589939,0.0,0.0,14.599542186827232
SC4051E0-PSG.edf,SC,EOG horizontal,100.0,8166000,2.446863681628312,91.55703798933328,91.58972839383622,-552.4339438339437,497.3797313797315,-273.1579975579974,254.60757020757032,0,0.0079488218819763,0.0,0.0,94.78340513968294
SC4051E0-PSG.edf,SC,Resp oro-nasal,1.0,81660,-4.301273573352927,264.7223396704405,264.7572814389529,-1722.0,1670.0,-1253.82,1029.640000000014,0,0.0204998836625479,,,
SC4051E0-PSG.edf,SC,EMG submental,1.0,81660,2.4940306147440614,0.6962206128461987,2.589384453694077,-3.722,3.408,0.376,3.182,0,0.0129930564910175,,,
SC4051E0-PSG.edf,SC,Temp rectal,1.0,81660,14.059626444344625,0.1552969323359194,14.060484091655862,0.2146944380865186,16.038910505836576,13.88143739986267,14.77650720988786,0,0.0094539487380447,,,
SC4051E0-PSG.edf,SC,Event marker,1.0,81660,780.4041513592946,82.32857792997042,784.7347540429136,85.0,1025.0,612.0,945.0,0,0.0270392730746151,,,
SC4052E0-PSG.edf,SC,EEG Fpz-Cz,100.0,8418000,0.0032665011396101,31.072283431342385,31.072283603039285,-180.00000000000003,180.0,-93.40659340659344,98.15384615384616,0,0.0022214329073805,0.0,0.0,30.01992957636375
SC4052E0-PSG.edf,SC,EEG Pz-Oz,100.0,8418000,-0.0600876745598057,16.936846805496398,16.936953393142677,-182.0,169.91111111111113,-48.13333333333333,49.73333333333333,0,0.0030541732646391,0.0,0.0,16.349818325634228
SC4052E0-PSG.edf,SC,EOG horizontal,100.0,8418000,0.6303776934767203,81.65496054554092,81.65739377258058,-556.3062271062272,499.5733821733821,-254.11086691086692,250.6004884004884,0,0.0104526139850486,0.0,0.0,73.24673372856533
SC4052E0-PSG.edf,SC,Resp oro-nasal,1.0,84180,-50.448586362556426,373.7186936613463,377.10836885161206,-2155.0,24147.0,-1334.21,1311.0,0,0.0729398068401857,,,
SC4052E0-PSG.edf,SC,EMG submental,1.0,84180,2.235053171774769,1.2866030591310214,2.5789164609241912,-48.0,49.38,-0.928,4.0120000000000005,0,0.0637451145772698,,,
SC4052E0-PSG.edf,SC,Temp rectal,1.0,84180,14.071885779641129,0.3762004555962202,14.076913588498616,4.36438544289311,29.11421377889677,13.667658503089951,15.432460517280845,0,0.0618681618931087,,,
SC4052E0-PSG.edf,SC,Event marker,1.0,84180,807.913815633167,144.27533271158308,820.6948916131871,73.0,1328.0,547.0,1205.0,0,0.1753050048111762,,,
SC4061E0-PSG.edf,SC,EEG Fpz-Cz,100.0,8310000,1.0088037361755766,41.8100995045328,41.82226805850032,-194.0,196.0,-121.6190476190476,123.42857142857142,0,0.0019687147637963,0.0,0.0,35.0174776752084
SC4061E0-PSG.edf,SC,EEG Pz-Oz,100.0,8310000,0.9576932723861192,8.235370156844393,8.290868351639464,-187.00000000000003,189.0,-20.623443223443232,22.898901098901096,0,0.006241884767611,0.0,0.0,7.669321587044719
SC4061E0-PSG.edf,SC,EOG horizontal,100.0,8310000,2.187042729047915,143.01744683562964,143.0341681392276,-810.130402930403,738.3579975579976,-388.976800976801,425.1360195360195,0,0.0061901398196628,3.333888981496916e-05,0.0,144.5730525198137
SC4061E0-PSG.edf,SC,Resp oro-nasal,1.0,83100,37.269386281588446,384.03830299214513,385.8424877056607,-23825.0,24189.0,-819.01,968.0,0,0.079976895028821,,,
SC4061E0-PSG.edf,SC,EMG submental,1.0,83100,1.8409195427196148,1.2899368324260572,2.247870502145612,-48.744,6.106,-1.44002,3.3080000000000003,0,0.0748745472268017,,,
SC4061E0-PSG.edf,SC,Temp rectal,1.0,83100,37.12641861887122,0.6568493215604467,37.13222873050986,4.347585259784842,71.95628290226595,35.60196841382467,38.935293202105726,0,0.0813367188534158,,,
SC4061E0-PSG.edf,SC,Event marker,1.0,83100,703.5785078219013,136.9806135244251,716.7889544004017,67.0,24097.0,513.0,1042.0,0,0.2321688588310328,,,
SC4062E0-PSG.edf,SC,EEG Fpz-Cz,100.0,8490000,0.171880988133688,19.26937914567045,19.27014571127268,-146.49768009768013,156.87326007326007,-61.19755799755802,55.68840048840047,0,0.0049187337087558,0.0,0.0,19.84072228284653
SC4062E0-PSG.edf,SC,EEG Pz-Oz,100.0,8490000,-0.3429178228498415,19.57281962502481,19.5758233723893,-201.00000000000003,200.0,-57.63882783882784,53.407326007326006,0,0.0030612521333947,0.0,0.0,15.664010042814748
SC4062E0-PSG.edf,SC,EOG horizontal,100.0,8490000,-2.669246344863073,92.02210964300158,92.0608143522432,-559.8551892551892,522.6356532356533,-250.89426129426127,274.5648351648352,0,0.0114004845706532,0.0,0.0,92.23305287384268
SC4062E0-PSG.edf,SC,Resp oro-nasal,1.0,84900,57.47166077738516,446.4845692857885,450.1682601015168,-2013.0,2184.0,-1146.0,1563.0,0,0.0466789950411665,,,
SC4062E0-PSG.edf,SC,EMG submental,1.0,84900,3.2254159952885746,1.2684403984528825,3.4658692109037665,-0.056,4.418,-0.016,4.168,0,0.0456660266905381,,,
SC4062E0-PSG.edf,SC,Temp rectal,1.0,84900,37.04144923080666,0.422607110826887,37.04385992156527,36.32408917890157,37.86623164763458,36.37955410549211,37.77596519847743,0,0.0605425270026737,,,
SC4062E0-PSG.edf,SC,Event marker,1.0,84900,1334.2804122497057,37.28473182989867,1334.8012472802352,160.0,1474.0,1258.0,1406.0,0,0.0542527002673765,,,
SC4071E0-PSG.edf,SC,EEG Fpz-Cz,100.0,8430000,2.423059646300705,18.713854794196727,18.87007099371413,-185.22051282051285,174.53968253968253,-56.278144078144095,56.78363858363858,0,0.004374856909676,0.0,0.0,16.16394000506976
SC4071E0-PSG.edf,SC,EEG Pz-Oz,100.0,8430000,2.424411022092443,10.638167115158744,10.91092885019824,-132.01929181929182,158.65616605616606,-27.455433455433457,32.71404151404151,0,0.004443658889275,0.0,0.0,10.855810672869673
SC4071E0-PSG.edf,SC,EOG horizontal,100.0,8430000,6.109152614666115,54.58595115407002,54.92674948569053,-468.1638583638585,440.09768009768,-161.9150183150184,191.07936507936492,0,0.011970358209203,0.0,0.0,41.66112125386549
SC4071E0-PSG.edf,SC,Resp oro-nasal,1.0,84300,172.68214709371293,483.75215206538667,513.6489740598998,-2141.0,2289.0,-1203.0,1608.0,0,0.008363088530113,,,
SC4071E0-PSG.edf,SC,EMG submental,1.0,84300,3.724515563463819,1.014452670458316,3.860198233651249,-0.014,4.774,0.39598,4.57,0,0.0072361475225091,,,
SC4071E0-PSG.edf,SC,Temp rectal,1.0,84300,37.40885611919509,0.2808393885534603,37.40991027667405,34.91823260538344,37.94413407821229,36.96190959878111,37.85982732351447,0,0.0152789475557242,,,
SC4071E0-PSG.edf,SC,Event marker,1.0,84300,1154.1199644128114,49.87772472242773,1155.1972470880094,114.0,1307.0,1031.0,1245.0,0,0.0151959097972692,,,
SC4072E0-PSG.edf,SC,EEG Fpz-Cz,100.0,8310000,-0.3610341509192967,24.794987310482707,24.79761563911193,-181.0,180.0,-74.94798534798537,72.18485958485957,0,0.002208185569417,0.0,0.0,28.11175735247737
SC4072E0-PSG.edf,SC,EEG Pz-Oz,100.0,8310000,-0.418143161379338,13.203312392997494,13.2099319396615,-185.1384615384616,169.06593406593407,-37.57655677655678,37.506959706959705,0,0.003220220481613,0.0,0.0,12.856316247432634
SC4072E0-PSG.edf,SC,EOG horizontal,100.0,8310000,-5.090806944573015,70.03094123333388,70.2157321785765,-560.4700854700855,520.2136752136752,-213.46153846153848,227.23931623931625,0,0.0090012142012204,0.0,0.0,76.55044939256925
SC4072E0-PSG.edf,SC,Resp oro-nasal,1.0,83100,104.00232250300844,351.1509466013988,366.2287132176807,-2333.0,2351.0,-1072.01,1402.0,0,0.0503375491883175,,,
SC4072E0-PSG.edf,SC,EMG submental,1.0,83100,3.636607845968713,1.4370788406785224,3.910257308629079,-4.024,5.0280000000000005,-0.434,4.814,0,0.0488814546504771,,,
SC4072E0-PSG.edf,SC,Temp rectal,1.0,83100,37.36097783471139,0.2839913926178831,37.36205716869558,35.28836754643206,38.39296187683284,36.83284457478006,38.173998044965785,0,0.0618659670994837,,,
SC4072E0-PSG.edf,SC,Event marker,1.0,83100,1133.7356799037304,38.813010523657816,1134.3998596935226,121.0,1282.0,1055.0,1219.0,0,0.1515180688094922,,,
SC4081E0-PSG.edf,SC,EEG Fpz-Cz,100.0,8388000,-1.367340278105293,26.87714053216065,26.91189890404695,-163.9076923076923,139.45494505494506,-69.68571428571427,76.9868131868132,0,0.0023366742211185,0.0,0.0,26.90318764798814
SC4081E0-PSG.edf,SC,EEG Pz-Oz,100.0,8388000,-0.8897256834724713,12.602140456265564,12.633509246099276,-139.8693528693529,128.03296703296704,-37.329670329670336,34.58730158730158,0,0.0037529849224903,0.0,0.0,10.416727734622532
SC4081E0-PSG.edf,SC,EOG horizontal,100.0,8388000,-2.388259923910233,95.39667794626682,95.42656835833463,-581.0476190476192,503.098901098901,-261.97069597069606,282.7838827838827,0,0.0079625750626789,0.0,0.0,87.7274501334361
SC4081E0-PSG.edf,SC,Resp oro-nasal,1.0,83880,48.74870052455889,98.09235146803172,109.53787116500388,-1430.0,1631.0,-64.0,163.0,0,0.0201599923699614,,,
SC4081E0-PSG.edf,SC,EMG submental,1.0,83880,2.57380298044826,0.6904929714936309,2.6648156269893133,-1.454,3.19,0.086,3.0340000000000003,0,0.0084288081641412,,,
SC4081E0-PSG.edf,SC,Temp rectal,1.0,83880,37.14569224976609,0.4079606848567733,37.14793244091415,35.24446965399887,38.50141803743619,36.49007373794669,37.80260918888259,0,0.0219244387749019,,,
SC4081E0-PSG.edf,SC,Event marker,1.0,83880,929.934191702432,31.765701763293595,930.4765771935208,117.0,1045.0,859.0,994.0,0,0.0148904970254771,,,
SC4082E0-PSG.edf,SC,EEG Fpz-Cz,100.0,7902000,-7.373243317791911,35.56813758804956,36.32433245781377,-202.0,187.0,-116.5054945054945,101.2205128205128,0,0.0024639362995903,0.0,0.0,31.83734748399164
SC4082E0-PSG.edf,SC,EEG Pz-Oz,100.0,7902000,0.1136082895815621,14.559006097220212,14.559449350245258,-197.0,197.0,-41.32429792429792,40.74700854700855,0,0.0039850721147457,0.0,0.0,10.67823703922886
SC4082E0-PSG.edf,SC,EOG horizontal,100.0,7902000,0.6392896409588894,82.252658410875,82.25514273831826,-485.5079365079365,502.6571428571429,-231.9777777777778,253.2984126984127,0,0.0104543285931771,0.0,0.0,87.58260536235032
SC4082E0-PSG.edf,SC,Resp oro-nasal,1.0,79020,76.54956972918248,270.848332738912,281.4580891947704,-1727.0,1962.0,-1025.62,1624.0,0,0.0179577063744162,,,
SC4082E0-PSG.edf,SC,EMG submental,1.0,79020,1.395993166287016,1.9305901013057647,2.382430494176033,-0.786,3.872,-0.6960000000000001,3.7,0,0.0094281122261734,,,
SC4082E0-PSG.edf,SC,Temp rectal,1.0,79020,37.02342830103552,0.3171399816160845,37.02478657507504,35.26999463231347,37.97852925389157,35.49543746645196,37.510466988727856,0,0.0232349181842341,,,
SC4082E0-PSG.edf,SC,Event marker,1.0,79020,1066.804834219185,56.08472436121401,1068.2780773843936,99.0,1193.0,913.0,1144.0,0,0.0146167377466179,,,
SC4091E0-PSG.edf,SC,EEG Fpz-Cz,100.0,8196000,0.1462248363208833,27.356397960378843,27.356788756529465,-190.3995115995116,153.9208791208791,-74.52063492063492,81.62686202686203,0,0.0026756987258403,0.0,0.0,29.269585955033
SC4091E0-PSG.edf,SC,EEG Pz-Oz,100.0,8196000,0.6224100883065868,15.051827099510126,15.064690283957844,-175.4339438339438,150.83858363858366,-42.62954822954821,43.356288156288166,0,0.0032320683651395,0.0,0.0,13.96650086786606
SC4091E0-PSG.edf,SC,EOG horizontal,100.0,8196000,2.7248346080251924,72.3846516698818,72.4359201019164,-515.4349206349207,508.4713064713064,-212.2671550671552,245.3445665445665,0,0.0112701455223835,0.0,0.0,70.25195742854562
SC4091E0-PSG.edf,SC,Resp oro-nasal,1.0,81960,93.93756710590532,325.5994337125071,338.8794147594123,-2055.0,2253.0,-1479.82,1658.820000000007,0,0.0134335460413133,,,
SC4091E0-PSG.edf,SC,EMG submental,1.0,81960,3.2140994143484627,1.3514218337523107,3.4866568540734817,-2.314,4.368,0.112,4.208,0,0.0075403555436254,,,
SC4091E0-PSG.edf,SC,Temp rectal,1.0,81960,37.304199294009805,0.2848833033145936,37.30528707118749,35.23750643997939,38.19165378670788,36.83565172591448,38.024729520865534,0,0.0214253468197513,,,
SC4091E0-PSG.edf,SC,Event marker,1.0,81960,1283.609504636408,31.75033061776425,1284.0021198920438,143.0,1392.0,1211.0,1349.0,0,0.0142876316206883,,,
SC4092E0-PSG.edf,SC,EEG Fpz-Cz,100.0,8574000,0.1862826553743063,35.222513922400495,35.22300651905495,-196.00000000000003,196.0,-93.85982905982908,101.99658119658118,0,0.0017518098341612,0.0,0.0,40.16012901437039
SC4092E0-PSG.edf,SC,EEG Pz-Oz,100.0,8574000,0.112645398517197,17.358966250527157,17.359331734624707,-186.0,168.28571428571428,-50.19047619047619,48.64615384615384,0,0.0026102199792628,0.0,0.0,14.871017239965823
SC4092E0-PSG.edf,SC,EOG horizontal,100.0,8574000,0.939008444133426,75.7394292708409,75.7452499047357,-513.2615384615385,504.2153846153847,-226.8,254.8,0,0.0090564602944486,0.0,0.0,74.2819933275313
SC4092E0-PSG.edf,SC,Resp oro-nasal,1.0,85740,39.00702122696524,134.9655517553994,140.4893158415981,-1600.0,2064.0,-46.0,196.0,0,0.0212622027315457,,,
SC4092E0-PSG.edf,SC,EMG submental,1.0,85740,2.6695441101003032,1.096603942548693,2.8860017260189843,-2.852,4.088,0.142,3.448,0,0.0107652293588681,,,
SC4092E0-PSG.edf,SC,Temp rectal,1.0,85740,37.17949397626068,0.646862669912237,37.18512072919126,35.1875,38.697745901639344,35.33299180327869,38.01946721311476,0,0.0269888848715287,,,
SC4092E0-PSG.edf,SC,Event marker,1.0,85740,1005.3095288080244,32.90630583974303,1005.847937650732,71.0,1143.0,936.0,1069.0,0,0.0245279277808231,,,
SC4101E0-PSG.edf,SC,EEG Fpz-Cz,100.0,8160000,-0.9057764563432044,19.01635568718888,19.03791518550668,-172.8285714285714,151.31013431013432,-62.53992673992672,52.5809523809524,0,0.0039644656427275,0.0,0.0,16.52794594621332
SC4101E0-PSG.edf,SC,EEG Pz-Oz,100.0,8160000,0.0701700854700854,8.930527652122972,8.930803322558837,-164.2026862026862,183.1330891330892,-24.451770451770454,24.822954822954824,0,0.0064816255902274,0.0,0.0,6.49896771896773
SC4101E0-PSG.edf,SC,EOG horizontal,100.0,8160000,-0.5925689534104541,69.34137750159212,69.34390940654308,-552.331623931624,507.1062271062271,-206.9440781440782,227.803663003663,0,0.0095049136089627,0.0,0.0,58.66129596499029
SC4101E0-PSG.edf,SC,Resp oro-nasal,1.0,81600,186.27192401960784,481.4637577130299,516.240815578464,-2046.0,2253.0,-1115.01,1701.0,0,0.0067892988884667,,,
SC4101E0-PSG.edf,SC,EMG submental,1.0,81600,3.0756327450980394,1.4411922069858616,3.3965499790516964,-1.312,4.444,0.08,4.246,0,0.0071079302442431,,,
SC4101E0-PSG.edf,SC,Temp rectal,1.0,81600,36.32745076203208,0.4501351648733893,36.330239478078326,34.336,37.65236363636364,34.528,37.04036363636364,0,0.0128065294917829,,,
SC4101E0-PSG.edf,SC,Event marker,1.0,81600,1017.6780514705882,30.937085725129595,1018.1481816111726,91.0,1153.0,949.0,1088.0,0,0.0145835120528437,,,
SC4102E0-PSG.edf,SC,EEG Fpz-Cz,100.0,8574000,0.6463820494877334,21.900762488943112,21.91029911596364,-192.0,180.8717948717949,-66.48717948717947,64.1965811965812,0,0.0039071657419707,0.0,0.0,19.85830590989933
SC4102E0-PSG.edf,SC,EEG Pz-Oz,100.0,8574000,0.6238333865082836,7.182195211187062,7.209236862922504,-173.5101343101343,169.83369963369967,-18.25250305250304,19.72014652014654,0,0.0062176419613272,0.0,0.0,6.386776250974426
SC4102E0-PSG.edf,SC,EOG horizontal,100.0,8574000,0.7712484817517711,65.40090284336365,65.40545020827923,-559.4444444444445,533.8698412698412,-195.4981684981685,215.66275946275945,0,0.0117249961803081,0.0,0.0,67.81982224070296
SC4102E0-PSG.edf,SC,Resp oro-nasal,1.0,85740,181.6536389083275,494.8688896811748,527.1558237399221,-1993.0,2163.0,-1128.0,1698.6100000000006,0,0.0123281120610224,,,
SC4102E0-PSG.edf,SC,EMG submental,1.0,85740,3.176061371588524,1.116511470470989,3.366595268188629,-2.462,4.398,0.368,4.208,0,0.0118149266961359,,,
SC4102E0-PSG.edf,SC,Temp rectal,1.0,85740,36.49763301736752,0.5215204135551191,36.50135887076247,34.41672727272727,38.044,35.67890909090909,37.31527272727273,0,0.0170750766862221,,,
SC4102E0-PSG.edf,SC,Event marker,1.0,85740,983.6067879636108,40.03024941610905,984.4210147068212,127.0,1120.0,885.0,1066.0,0,0.0296364548221929,,,
SC4111E0-PSG.edf,SC,EEG Fpz-Cz,100.0,7926000,-1.2919935945961536,34.378861594088164,34.40313026388656,-189.4615384615384,172.71428571428572,-80.67032967032965,86.67032967032968,0,0.0030242278882511,0.0,0.0,30.002563526253248
SC4111E0-PSG.edf,SC,EEG Pz-Oz,100.0,7926000,-0.3423268952092509,20.236597560682505,20.239492793452232,-174.0285714285714,157.42857142857144,-59.68571428571428,61.51428571428572,0,0.0033875894367769,0.0,0.0,12.920127929075498
SC4111E0-PSG.edf,SC,EOG horizontal,100.0,7926000,-0.4620115929489738,71.02287572478512,71.02437842691968,-523.1714285714285,454.552380952381,-200.12380952380943,228.4190476190477,0,0.0111468725042549,0.0,0.0,72.30635622231662
SC4111E0-PSG.edf,SC,Resp oro-nasal,1.0,79260,65.69183699217764,134.17210683791518,149.39066805102576,-1376.0,1568.0,-338.41,450.0,0,0.0120491048335204,,,
SC4111E0-PSG.edf,SC,EMG submental,1.0,79260,2.770377315165278,0.2995029056827296,2.7865197754358,-1.078,3.164,1.67,3.022,0,0.0120743385609205,,,
SC4111E0-PSG.edf,SC,Temp rectal,1.0,79260,37.16405809648338,0.4853500015331627,37.16722721461449,35.26872727272727,38.92872727272727,35.386545454545455,37.85527272727273,0,0.0203888517392346,,,
SC4111E0-PSG.edf,SC,Event marker,1.0,79260,893.3266464799394,26.1188796828054,893.7083938214855,64.0,998.0,841.0,948.0,0,0.0216883887003368,,,
SC4112E0-PSG.edf,SC,EEG Fpz-Cz,100.0,8340000,0.1798314432702922,30.319475580122543,30.32000888524994,-199.0,199.0,-80.23174603174603,88.88180708180708,0,0.002299762949356,0.0,0.0,30.457859224020677
SC4112E0-PSG.edf,SC,EEG Pz-Oz,100.0,8340000,1.1036549856964373,14.076127494162815,14.119327872082955,-153.00586080586078,157.0053724053724,-37.99047619047618,41.903052503052514,0,0.0030671499606114,0.0,0.0,12.457055789206246
SC4112E0-PSG.edf,SC,EOG horizontal,100.0,8340000,1.4806643390342955,77.98993498639207,78.00398916764799,-497.6114774114774,419.3611721611722,-211.378021978022,247.80757020757025,0,0.0085000101918587,0.0,0.0,81.8388173522166
SC4112E0-PSG.edf,SC,Resp oro-nasal,1.0,83400,33.62589928057554,190.6163355716955,193.5595218252221,-1659.0,1791.0,-619.01,542.0,0,0.0269427690979508,,,
SC4112E0-PSG.edf,SC,EMG submental,1.0,83400,3.221684124700241,0.5625829731778287,3.2704354757516856,-2.868,4.054,-0.076,3.5,0,0.0255039029244954,,,
SC4112E0-PSG.edf,SC,Temp rectal,1.0,83400,37.24818575539569,0.5663800027522559,37.25249157272543,35.03527272727273,38.78472727272728,36.33672727272727,38.16509090909091,0,0.0347606086403913,,,
SC4112E0-PSG.edf,SC,Event marker,1.0,83400,982.8764988009592,29.959215670123,983.3329886151492,78.0,1119.0,918.0,1046.0,0,0.0561757335219846,,,
SC4121E0-PSG.edf,SC,EEG Fpz-Cz,100.0,8358000,1.1558279531268962,23.73035535357073,23.75848697758282,-168.7330891330891,155.52136752136752,-67.49645909645908,74.56703296703299,0,0.003649202738936,0.0,0.0,23.9758963564178
SC4121E0-PSG.edf,SC,EEG Pz-Oz,100.0,8358000,0.1558389240814223,7.696229799779349,7.697807408689212,-104.9912087912088,140.27472527472528,-21.786813186813188,22.29230769230769,0,0.007759042544918,0.0,0.0,5.984002542294651
SC4121E0-PSG.edf,SC,EOG horizontal,100.0,8358000,0.832454120243639,68.78039310854375,68.78543055057612,-570.559706959707,516.1069597069597,-234.2901098901099,222.348717948718,0,0.0134458165180862,0.0,0.0,43.27398568046951
SC4121E0-PSG.edf,SC,Resp oro-nasal,1.0,83580,-24.115996649916248,638.8805094578087,639.3355039879202,-2987.0,2711.0,-1731.0,1841.0,0,0.040763828234365,,,
SC4121E0-PSG.edf,SC,EMG submental,1.0,83580,3.1538662837999527,1.4003562362617872,3.450778191151584,-1.888,5.974,-0.01,4.868,0,0.0396870027159932,,,
SC4121E0-PSG.edf,SC,Temp rectal,1.0,83580,36.772004046205055,0.360235696533632,36.77376852229287,34.17454545454545,40.937090909090905,36.20363636363636,37.45163636363636,0,0.0450591655798705,,,
SC4121E0-PSG.edf,SC,Event marker,1.0,83580,976.7882388131133,117.8779747465624,983.8752362032366,-350.0,1705.0,738.0,1268.0,0,0.0434199978463489,,,
SC4122E0-PSG.edf,SC,EEG Fpz-Cz,100.0,7818000,0.4544170153032989,23.006531739639417,23.01101904546676,-153.76410256410253,138.28717948717951,-63.79487179487177,68.45641025641028,0,0.0030007712979934,0.0,0.0,22.87628952092196
SC4122E0-PSG.edf,SC,EEG Pz-Oz,100.0,7818000,-0.0583685105378121,7.526768559664379,7.526994874036688,-143.03076923076924,146.44615384615386,-20.630769230769232,20.907692307692308,0,0.0068291210400627,0.0,0.0,5.629069426614734
SC4122E0-PSG.edf,SC,EOG horizontal,100.0,7818000,1.668267377277468,69.96928795087786,69.98917325126051,-546.2888888888889,515.5777777777777,-228.02222222222227,216.3777777777777,0,0.0135981243260735,0.0,0.0,75.05599667602252
SC4122E0-PSG.edf,SC,Resp oro-nasal,1.0,78180,-37.4168073676132,505.9079690649342,507.2897501793148,-1493.0,1650.0,-1248.0,1339.0,0,0.0137504956574016,,,
SC4122E0-PSG.edf,SC,EMG submental,1.0,78180,2.523232489127654,0.6989448839567993,2.618248678983477,0.188,3.298,0.528,3.108,0,0.0094015016820373,,,
SC4122E0-PSG.edf,SC,Temp rectal,1.0,78180,36.79172379822787,0.4027278519478701,36.79392789262681,35.31672727272727,38.85563636363637,36.02254545454545,37.44509090909091,0,0.0201588661916883,,,
SC4122E0-PSG.edf,SC,Event marker,1.0,78180,941.6575850601176,33.23514014097226,942.2439079354364,-135.0,1028.0,851.0,999.0,0,0.0186623006178129,,,
SC4131E0-PSG.edf,SC,EEG Fpz-Cz,100.0,8442000,-0.0377344368337972,26.96477759879553,26.96480400151702,-192.0,192.0,-82.47326007326008,77.4095238095238,0,0.0021783963259847,0.0,0.0,27.40667211874136
SC4131E0-PSG.edf,SC,EEG Pz-Oz,100.0,8442000,0.3978184975176435,10.22437812575238,10.23211452317314,-180.0,172.71330891330894,-26.43174603174604,27.60805860805861,0,0.0044598489218774,0.0,0.0,8.085269137384085
SC4131E0-PSG.edf,SC,EOG horizontal,100.0,8442000,1.9134227335327347,72.1302535873098,72.15562811816424,-559.1802197802198,487.1186813186813,-213.734065934066,242.1824175824176,0,0.0105295078530062,0.0,0.0,68.56136941299695
SC4131E0-PSG.edf,SC,Resp oro-nasal,1.0,84420,113.19077232883204,393.3362363108822,409.2988464870231,-1880.0,1964.0,-911.0,1217.0,0,0.0104241936057048,,,
SC4131E0-PSG.edf,SC,EMG submental,1.0,84420,2.6715228381900027,1.3090441788936251,2.975000997859673,-1.508,4.214,0.25,3.9836199999999953,0,0.0061834421161113,,,
SC4131E0-PSG.edf,SC,Temp rectal,1.0,84420,12.952460945273632,0.1876593105163207,12.953820307371188,0.164,15.619,12.825,13.09,0,0.0083748919082197,,,
SC4131E0-PSG.edf,SC,Event marker,1.0,84420,932.6226723525232,34.988568310287626,933.278762695458,112.0,1077.0,858.0,1007.0,0,0.0180172709934967,,,
SC4141E0-PSG.edf,SC,EEG Fpz-Cz,100.0,8268000,-0.0397961324328315,25.68126364453651,25.68129447890719,-187.0,187.0,-71.55775335775333,73.20170940170942,0,0.0020972449168419,0.0,0.0,21.5102593855006
SC4141E0-PSG.edf,SC,EEG Pz-Oz,100.0,8268000,-0.1116981907089517,11.496270869972898,11.496813489032297,-165.8715506715507,152.09865689865688,-30.805372405372427,31.90720390720389,0,0.0038038265648603,0.0,0.0,8.304223643026607
SC4141E0-PSG.edf,SC,EOG horizontal,100.0,8268000,0.4354817123020895,81.40169128443483,81.40285614330858,-464.6363858363858,470.1352869352869,-235.6923076923077,257.1873015873016,0,0.0106869988957412,0.0,0.0,63.66417138780796
SC4141E0-PSG.edf,SC,Resp oro-nasal,1.0,82680,62.68986453797775,194.70304934718024,204.54656325854145,-1674.0,1837.0,-572.0,718.0,0,0.0175256110983441,,,
SC4141E0-PSG.edf,SC,EMG submental,1.0,82680,2.850064465408805,1.1826497624095338,3.085697314629759,-2.1,3.914,-0.0225200000000004,3.668,0,0.0179610300076198,,,
SC4141E0-PSG.edf,SC,Temp rectal,1.0,82680,14.236047518011569,0.0877387492556447,14.236317888527369,9.131609063859006,15.51842526894026,14.178530556191348,14.292973220416572,0,0.0168120078859202,,,
SC4141E0-PSG.edf,SC,Event marker,1.0,82680,1042.7409288824383,26.5011197052064,1043.0776357070647,90.0,1159.0,971.0,1095.0,0,0.0380628696525115,,,
SC4142E0-PSG.edf,SC,EEG Fpz-Cz,100.0,8322000,0.1638509320954886,26.478456768397304,26.478963725263743,-178.0,178.0,-73.85152625152625,77.58974358974359,0,0.0021857752773074,0.0,0.0,21.794961932805823
SC4142E0-PSG.edf,SC,EEG Pz-Oz,100.0,8322000,-0.3901348816075032,11.996525923882013,12.002867968457371,-177.12112332112335,147.64664224664224,-32.63296703296705,33.66056166056164,0,0.0037214656590551,0.0,0.0,8.892516311045426
SC4142E0-PSG.edf,SC,EOG horizontal,100.0,8322000,-2.029999431314596,96.09149939524342,96.11293957484196,-531.0468864468866,484.9589743589743,-270.0300366300368,292.091575091575,0,0.0082480272146445,0.0,0.0,84.12113230817715
SC4142E0-PSG.edf,SC,Resp oro-nasal,1.0,83220,47.47945205479452,201.38168231952127,206.9030699174474,-1498.0,1602.0,-562.81,641.0,0,0.0124610966245689,,,
SC4142E0-PSG.edf,SC,EMG submental,1.0,83220,2.604923744292237,1.0152969523104265,2.7957924842427646,-1.004,3.604,-0.754,3.3040000000000003,0,0.0108869368773957,,,
SC4142E0-PSG.edf,SC,Temp rectal,1.0,83220,36.73350334740961,0.5546968216920423,36.73769122764996,35.21766233766234,38.31168831168832,35.88051948051948,37.56675324675325,0,0.0211009505040916,,,
SC4142E0-PSG.edf,SC,Event marker,1.0,83220,919.0907354001442,27.92207240835514,919.5147753168272,73.0,1049.0,860.0,981.0,0,0.0201997140076184,,,
SC4151E0-PSG.edf,SC,EEG Fpz-Cz,100.0,7860000,0.4698628920951772,21.675111834877264,21.680203970253725,-159.27472527472526,138.7084249084249,-59.50866910866911,67.34676434676433,0,0.0029465686343112,0.0,0.0,20.52419345055799
SC4151E0-PSG.edf,SC,EEG Pz-Oz,100.0,7860000,0.9605207506206096,9.71460970219018,9.761979398577944,-136.74896214896214,143.7912087912088,-28.94920634920633,30.60146520146521,0,0.0059796513736022,0.0,0.0,6.98570244073888
SC4151E0-PSG.edf,SC,EOG horizontal,100.0,7860000,5.780125698130002,71.86734923508088,72.09941566450628,-453.6190476190476,488.7809523809524,-204.14603174603167,236.41269841269843,0,0.0112697344398657,0.0,0.0,62.61844686814601
SC4151E0-PSG.edf,SC,Resp oro-nasal,1.0,78600,77.19433842239185,425.34329641191255,432.29143605561154,-1494.0,1722.0,-1091.0,1349.0,0,0.0144149416659245,,,
SC4151E0-PSG.edf,SC,EMG submental,1.0,78600,2.8965202544529265,0.5936311151182833,2.956725804888343,-0.048,3.404,0.266,3.268,0,0.0098601763381213,,,
SC4151E0-PSG.edf,SC,Temp rectal,1.0,78600,14.283891970784218,0.0682722922669344,14.28405512937153,8.864728770885787,14.346074616617075,14.251773861295492,14.314030670634011,0,0.0122902327001615,,,
SC4151E0-PSG.edf,SC,Event marker,1.0,78600,993.5553944020356,25.37434660856055,993.8793584792854,115.0,1091.0,942.0,1045.0,0,0.0186261911729156,,,
SC4152E0-PSG.edf,SC,EEG Fpz-Cz,100.0,8592000,-0.0230228170339901,26.431625638227075,26.43163566504138,-192.0,192.0,-72.62710622710622,78.44102564102565,0,0.0023114552042076,0.0,0.0,20.93354202791093
SC4152E0-PSG.edf,SC,EEG Pz-Oz,100.0,8592000,-0.0938494606107734,12.383708834589836,12.384064446745882,-173.39365079365078,146.52918192918193,-35.58363858363858,34.169719169719166,0,0.0040456285447259,0.0,0.0,10.240473145948496
SC4152E0-PSG.edf,SC,EOG horizontal,100.0,8592000,-1.4916100162174568,77.13628083991851,77.15070137241305,-527.8368742368742,483.8969474969475,-229.0224664224664,242.02197802197804,0,0.0096310633508651,0.0,0.0,68.37525498142739
SC4152E0-PSG.edf,SC,Resp oro-nasal,1.0,85920,31.92161312849162,485.1249097278548,486.17400940731534,-1707.0,1887.0,-1345.0,1484.0,0,0.0158986952827663,,,
SC4152E0-PSG.edf,SC,EMG submental,1.0,85920,3.348759962756052,0.5947724368193256,3.40116855503486,-1.576,3.784,0.394,3.664,0,0.0146766140201818,,,
SC4152E0-PSG.edf,SC,Temp rectal,1.0,85920,36.09769534001929,0.5346847627878478,36.10165504040511,35.15566265060241,37.75807228915662,35.32837590361446,37.17879518072289,0,0.0211943807539659,,,
SC4152E0-PSG.edf,SC,Event marker,1.0,85920,1083.297672253259,43.92493712753548,1084.1878281972115,88.0,1218.0,1020.0,1137.0,0,0.0259081227667919,,,
SC4161E0-PSG.edf,SC,EEG Fpz-Cz,100.0,7878000,0.6865861309884185,31.19332549110181,31.2008806880365,-190.0,191.0,-95.19287179487182,95.16849816849818,0,0.0028611358988777,0.0,0.0,30.85015951042376
SC4161E0-PSG.edf,SC,EEG Pz-Oz,100.0,7878000,-0.8221644176251953,21.38963938709537,21.40543453050162,-211.0,209.0,-65.35897435897435,64.28307692307789,0,0.0047156698599515,0.0,0.0,12.737814697768709
SC4161E0-PSG.edf,SC,EOG horizontal,100.0,7878000,-0.516866290849931,85.43362813956176,85.4351916241284,-694.6212454212454,712.2363858363859,-274.77631257631253,298.927960927961,0,0.0108225575305376,8.33472245374229e-06,0.0,63.00118425864624
SC4161E0-PSG.edf,SC,Resp oro-nasal,1.0,78780,137.25107895404926,671.8827580118129,685.7581929423892,-2473.0,2667.0,-1327.0,2090.0,0,0.0077431802891633,,,
SC4161E0-PSG.edf,SC,EMG submental,1.0,78780,4.150467910637217,1.2652812496514154,4.33904603777705,-2.142,5.2860000000000005,0.58,5.11,0,0.0066388250675941,,,
SC4161E0-PSG.edf,SC,Temp rectal,1.0,78780,36.86283956798047,0.5313548788574475,36.8666689439384,34.31818181818182,37.86713286713287,34.72144522144522,37.51398601398601,0,0.0124017822008403,,,
SC4161E0-PSG.edf,SC,Event marker,1.0,78780,1167.7415968519929,49.39232979716103,1168.7857114378298,179.0,1594.0,1028.0,1262.0,0,0.0124652508917351,,,
SC4162E0-PSG.edf,SC,EEG Fpz-Cz,100.0,8256000,-0.0206436162459418,27.99303195443606,27.993039566309506,-184.0,184.0,-88.74236874236874,83.44029304029304,0,0.0029021352981289,0.0,0.0,27.023817250715677
SC4162E0-PSG.edf,SC,EEG Pz-Oz,100.0,8256000,-0.0870754841412027,15.63172132904049,15.631963851311772,-188.00000000000003,188.0,-46.32283272283275,47.424664224664205,0,0.0048788818784906,0.0,0.0,9.740783434819775
SC4162E0-PSG.edf,SC,EOG horizontal,100.0,8256000,0.5335953264758788,68.7614618880964,68.76353223155837,-624.878144078144,541.0336996336997,-222.1001221001221,237.5516483516484,0,0.0139099005691625,0.0,0.0,45.79344263955062
SC4162E0-PSG.edf,SC,Resp oro-nasal,1.0,82560,51.4999273255814,496.9740788788829,499.635344618507,-2075.0,2083.0,-1136.0,1590.0,0,0.0099928535956104,,,
SC4162E0-PSG.edf,SC,EMG submental,1.0,82560,2.7909901405038764,1.4700428841367994,3.154465413598806,-1.068,4.492,-0.85,4.16,0,0.0046996693273901,,,
SC4162E0-PSG.edf,SC,Temp rectal,1.0,82560,36.75952008276977,0.6132848504870068,36.764635657427526,34.38702928870293,37.64958158995815,35.05857740585774,37.53974895397489,0,0.0188834651582504,,,
SC4162E0-PSG.edf,SC,Event marker,1.0,82560,939.2703003875968,46.65448804306966,940.4282739501016,125.0,1140.0,836.0,1054.0,0,0.0109255199312007,,,
SC4171E0-PSG.edf,SC,EEG Fpz-Cz,100.0,8226000,-0.8009914351796267,23.70138088914761,23.71491183478619,-205.00000000000003,172.1135531135531,-64.81538461538463,68.39487179487179,0,0.002329202928766,0.0,0.0,22.380623589887986
SC4171E0-PSG.edf,SC,EEG Pz-Oz,100.0,8226000,0.1571834297101784,19.2188487284792,19.21949148855772,-181.00000000000003,181.0,-60.863736263736286,70.58778998778998,0,0.0039910089849367,0.0,0.0,10.21796375121964
SC4171E0-PSG.edf,SC,EOG horizontal,100.0,8226000,1.3662493835471703,47.25172400152539,47.27147193069383,-508.2400488400489,450.698901098901,-143.8869352869354,156.24566544566534,0,0.0114855476362115,0.0,0.0,36.91090847467127
SC4171E0-PSG.edf,SC,Resp oro-nasal,1.0,82260,174.60009725261366,551.8489716073851,578.811265806697,-1987.0,2239.0,-1373.41,1923.0,0,0.010345372542822,,,
SC4171E0-PSG.edf,SC,EMG submental,1.0,82260,3.2712337466569417,1.215253901813558,3.4896722297574434,-0.044,4.474,0.24,4.242,0,0.0070752136544329,,,
SC4171E0-PSG.edf,SC,Temp rectal,1.0,82260,14.072704737314154,0.0709141725668641,14.07288340900667,7.4781414511329825,15.143053330281528,14.0004577706569,14.12268253604944,0,0.0074885422871661,,,
SC4171E0-PSG.edf,SC,Event marker,1.0,82260,1062.1971675176271,30.0911063198584,1062.623309250283,117.0,1179.0,991.0,1126.0,0,0.0157064880438614,,,
SC4172E0-PSG.edf,SC,EEG Fpz-Cz,100.0,8172000,0.6473472585444677,23.70110514994771,23.70994398563656,-188.0,189.0,-64.45079365079366,67.56825396825397,0,0.001852669912714,0.0,0.0,22.357146992427904
SC4172E0-PSG.edf,SC,EEG Pz-Oz,100.0,8172000,-0.915039522070366,28.351485157940765,28.3662476896026,-191.0,189.0,-82.24297924297925,114.67032967032966,0,0.0032305472718395,0.0,0.0,11.62157242518058
SC4172E0-PSG.edf,SC,EOG horizontal,100.0,8172000,-5.183397567559962,43.7526909790457,44.05866064976617,-500.0774114774115,406.2004884004885,-142.67814407814407,140.64200244200245,0,0.0111074536312452,0.0,0.0,24.92963314832722
SC4172E0-PSG.edf,SC,Resp oro-nasal,1.0,81720,112.25198237885462,331.398606488488,349.89361801909786,-2111.0,2133.0,-1056.0,1073.0,0,0.0089819992902507,,,
SC4172E0-PSG.edf,SC,EMG submental,1.0,81720,3.778078340675477,0.6900281689120431,3.840574803616416,-1.248,4.51,1.254,4.284,0,0.0091410810215494,,,
SC4172E0-PSG.edf,SC,Temp rectal,1.0,81720,14.03996973067154,0.0735381402191967,14.040162317303889,6.796978713664454,14.96360723277638,13.977111467154955,14.098878461890592,0,0.0078684271711597,,,
SC4172E0-PSG.edf,SC,Event marker,1.0,81720,1038.5345570239842,33.554782832582966,1039.0764888033725,105.0,1698.0,963.0,1111.0,0,0.0162630477612305,,,
SC4181E0-PSG.edf,SC,EEG Fpz-Cz,100.0,8268000,-0.3671860978643932,24.558476904137745,24.56122174244457,-155.42857142857142,161.62857142857143,-65.5142857142857,73.42857142857143,0,0.0027177101085027,0.0,0.0,23.84271012550638
SC4181E0-PSG.edf,SC,EEG Pz-Oz,100.0,8268000,-0.3866451654967566,10.217841844489598,10.225154592621305,-114.45543345543344,125.15873015873017,-29.671550671550666,29.105006105006108,0,0.0042235174449896,0.0,0.0,9.40124122294197
SC4181E0-PSG.edf,SC,EOG horizontal,100.0,8268000,-5.251768809178255,69.70924093129477,69.90679042011841,-444.3406593406594,427.3736263736264,-204.43296703296704,228.1956043956044,0,0.0103967227826835,0.0,0.0,61.88410662249204
SC4181E0-PSG.edf,SC,Resp oro-nasal,1.0,82680,85.76580793420416,416.4206029455791,425.1610193422798,-1441.0,1666.0,-1162.0,1369.0,0,0.013667315763374,,,
SC4181E0-PSG.edf,SC,EMG submental,1.0,82680,2.7987057813255927,0.4925203398661462,2.841712570899309,-0.962,3.38,1.198,3.196,0,0.0095187411555534,,,
SC4181E0-PSG.edf,SC,Temp rectal,1.0,82680,35.65577915292255,0.4039066129290917,35.658066794961755,27.77090909090909,38.332,35.32436363636364,36.60945454545455,0,0.013546366066353,,,
SC4181E0-PSG.edf,SC,Event marker,1.0,82680,927.1265118529268,23.36600536361265,927.4209072407348,88.0,1032.0,879.0,975.0,0,0.0199567000084664,,,
SC4182E0-PSG.edf,SC,EEG Fpz-Cz,100.0,8526000,0.1723796030070484,23.07413735197411,23.074781239814577,-182.0952380952381,199.9746031746032,-63.644444444444446,68.82539682539682,0,0.0032441980344804,0.0,0.0,23.28693672918049
SC4182E0-PSG.edf,SC,EEG Pz-Oz,100.0,8526000,0.5985712785455181,11.316068357924244,11.331888221153346,-184.0,168.78021978021977,-31.62417582417583,33.07472527472527,0,0.0043033125771904,0.0,0.0,10.669176523539154
SC4182E0-PSG.edf,SC,EOG horizontal,100.0,8526000,0.8742512400623573,69.60841345868398,69.61390334887025,-543.268376068376,451.77533577533575,-205.06275946275943,240.1123321123321,0,0.0100457542173988,0.0,0.0,65.30505813248426
SC4182E0-PSG.edf,SC,Resp oro-nasal,1.0,85260,51.44381890687309,350.62865437822296,354.3824484576042,-24129.0,24138.0,-510.0,670.0,0,0.0975967346555788,,,
SC4182E0-PSG.edf,SC,EMG submental,1.0,85260,1.7899865822190948,1.121775541988645,2.112447000785656,-3.228,49.148,-1.156,2.574,0,0.0881549161965305,,,
SC4182E0-PSG.edf,SC,Temp rectal,1.0,85260,35.950258898138614,1.1670947206060585,35.96919828033509,2.164568551155865,72.8461890592813,34.72634470130464,38.78146028839551,0,0.086536318746408,,,
SC4182E0-PSG.edf,SC,Event marker,1.0,85260,641.682817264837,182.0637752089675,667.0112864234604,-163.0,24238.0,586.0,703.0,0,0.3147233723126004,,,
SC4191E0-PSG.edf,SC,EEG Fpz-Cz,100.0,8322000,-0.8590045875724316,21.21761261562241,21.234994089664603,-183.0,181.0,-61.13333333333333,62.51111111111111,0,0.0023888517049407,0.0,0.0,18.51033222220771
SC4191E0-PSG.edf,SC,EEG Pz-Oz,100.0,8322000,-0.4208364435559265,10.293051796668184,10.301651256042351,-174.00000000000006,147.74822954822957,-28.166788766788784,27.67521367521366,0,0.0048594146352014,0.0,0.0,8.518067299625343
SC4191E0-PSG.edf,SC,EOG horizontal,100.0,8322000,-3.052681039268452,37.712655774384125,37.836004903857095,-509.8703296703298,455.9494505494505,-124.72747252747264,121.17142857142848,0,0.0190086746078762,0.0,0.0,31.062877145458835
SC4191E0-PSG.edf,SC,Resp oro-nasal,1.0,83220,25.87220620043259,602.5157962162767,603.0710204808481,-1593.0,1767.0,-1372.0,1612.0,0,0.1282279287182013,,,
SC4191E0-PSG.edf,SC,EMG submental,1.0,83220,1.5404341985099734,1.6067432188252548,2.2258843840550218,-3.168,3.576,-1.166,3.336,0,0.1271224119491943,,,
SC4191E0-PSG.edf,SC,Temp rectal,1.0,83220,36.38776259522474,0.5407179087488778,36.39177987600055,32.910714285714285,39.00595238095238,35.28391865079365,37.300595238095234,0,0.1353296723104098,,,
SC4191E0-PSG.edf,SC,Event marker,1.0,83220,976.84540975727,79.56936835941734,980.0807308303562,114.0,1294.0,678.0,1065.0,0,0.3059637823093284,,,
SC4192E0-PSG.edf,SC,EEG Fpz-Cz,100.0,7830000,0.6632697619281428,22.835201752284075,22.84483236630565,-199.0,200.0,-62.6871794871795,68.55897435897435,0,0.0025351245659317,0.0,0.0,20.169824452031904
SC4192E0-PSG.edf,SC,EEG Pz-Oz,100.0,7830000,0.0947543221416019,9.415781710245184,9.416258471205657,-160.82319902319904,145.62124542124542,-26.31477411477412,26.6996336996337,0,0.0058799564239545,0.0,0.0,7.45609695213421
SC4192E0-PSG.edf,SC,EOG horizontal,100.0,7830000,0.9795944144574033,25.2308340526968,25.24984340964437,-545.208547008547,450.1516483516484,-75.3985347985348,77.88693528693528,0,0.0231864919367713,0.0,0.0,22.88704419612902
SC4192E0-PSG.edf,SC,Resp oro-nasal,1.0,78300,36.94948914431673,646.333430168302,647.3887299769355,-1730.0,1902.0,-1482.0,1758.0,0,0.0179951212659165,,,
SC4192E0-PSG.edf,SC,EMG submental,1.0,78300,3.2306000255427847,0.6457208736059815,3.294500261291158,-2.174,3.894,0.506,3.728,0,0.0144957151432329,,,
SC4192E0-PSG.edf,SC,Temp rectal,1.0,78300,36.42213689475562,0.7775685187621307,36.43043602239326,23.114526432737712,37.67697435422647,35.27247477085455,37.31238866771595,0,0.0261816881441653,,,
SC4192E0-PSG.edf,SC,Event marker,1.0,78300,1072.9868326947635,38.01799792652293,1073.660147021711,90.0,1216.0,942.0,1141.0,0,0.0373440273822143,,,
SC4201E0-PSG.edf,SC,EEG Fpz-Cz,100.0,8412000,0.6980435972333374,43.18933968324479,43.19498034654423,-197.0,198.00000000000003,-133.33699633699632,145.52625152625154,0,0.0036733281898813,0.0,0.0,24.659226337145675
SC4201E0-PSG.edf,SC,EEG Pz-Oz,100.0,8412000,0.1593897496279805,23.3394504915513,23.339994737357184,-185.0,185.0,-72.14774114774114,81.36385836385836,0,0.0031835510978971,0.0,0.0,12.107943169473335
SC4201E0-PSG.edf,SC,EOG horizontal,100.0,8412000,-2.095189298734191,83.71552252289271,83.74173708180706,-570.992673992674,547.7326007326008,-239.4175824175824,261.5787545787546,0,0.0088314417872584,0.0,0.0,77.92910229771618
SC4201E0-PSG.edf,SC,Resp oro-nasal,1.0,84120,194.3771992391821,51.6953043056908,201.13403508935696,-1799.0,2011.0,90.0,303.0,0,0.0122088945422556,,,
SC4201E0-PSG.edf,SC,EMG submental,1.0,84120,3.330470399429387,0.6897197959580795,3.401138997220165,0.422,4.216,0.754,4.054,0,0.0078579155719873,,,
SC4201E0-PSG.edf,SC,Temp rectal,1.0,84120,14.50427539229672,0.5060805469471833,14.513101742066803,12.812,15.518,13.052,15.207,0,0.0124228771145638,,,
SC4201E0-PSG.edf,SC,Event marker,1.0,84120,942.9443889681409,73.92443657874853,945.837693798458,135.0,1131.0,786.0,1063.0,0,0.0143724961067059,,,
SC4202E0-PSG.edf,SC,EEG Fpz-Cz,100.0,8010000,0.1608123764707827,25.022137708930472,25.022654458412426,-188.00000000000003,177.99169719169717,-71.84859584859588,73.40952380952379,0,0.0038077450783334,0.0,0.0,23.73553031527049
SC4202E0-PSG.edf,SC,EEG Pz-Oz,100.0,8010000,-0.3652998657051038,13.50746240230866,13.512401139015456,-166.990231990232,167.63736263736263,-38.60073260073259,37.600732600732606,0,0.003362051638017,0.0,0.0,11.967838821486746
SC4202E0-PSG.edf,SC,EOG horizontal,100.0,8010000,-2.7007984299844807,95.0478794509023,95.08624348596736,-590.5257631257631,525.3418803418804,-263.07228327228324,289.90012210012213,0,0.0080711711250575,0.0,0.0,89.9924246668304
SC4202E0-PSG.edf,SC,Resp oro-nasal,1.0,80100,177.35423220973783,87.36886953307027,197.70645676404263,-1854.0,2035.0,86.0,349.0,0,0.0123347357644914,,,
SC4202E0-PSG.edf,SC,EMG submental,1.0,80100,3.333992559300874,0.5517615190254032,3.3793412315643434,0.494,4.062,1.44398,3.882,0,0.0092635363737375,,,
SC4202E0-PSG.edf,SC,Temp rectal,1.0,80100,13.77644034956305,0.7152607744770405,13.794995711509818,12.648,15.637,12.805,15.025,0,0.0096880110862807,,,
SC4202E0-PSG.edf,SC,Event marker,1.0,80100,938.7301373283397,33.97068771127024,939.3446004273724,83.0,1051.0,854.0,1005.0,0,0.0158928326196332,,,
SC4211E0-PSG.edf,SC,EEG Fpz-Cz,100.0,8430000,-0.3268654054289006,27.70703099428904,27.70895897560497,-206.0,205.0,-78.63516483516484,81.24935531135624,0,0.0026204064299008,0.0,0.0,27.550389155084588
SC4211E0-PSG.edf,SC,EEG Pz-Oz,100.0,8430000,-0.4041531639574161,10.33066206966751,10.338564628496728,-188.0,166.3040293040293,-29.666666666666647,26.74358974358976,0,0.0048256285001524,0.0,0.0,8.906648479065296
SC4211E0-PSG.edf,SC,EOG horizontal,100.0,8430000,-3.603397746579236,73.38020313233167,73.46862382719796,-673.1636141636142,557.2676434676434,-227.5382173382173,239.7369963369964,0,0.0104282448733628,0.0,0.0,62.38847374780656
SC4211E0-PSG.edf,SC,Resp oro-nasal,1.0,84300,56.46692763938316,430.2266492636023,433.91644777954434,-1545.0,1813.0,-1026.0,1382.0,0,0.0138317180512224,,,
SC4211E0-PSG.edf,SC,EMG submental,1.0,84300,2.6041958481613285,1.0415619798396691,2.804761553756082,-0.062,3.716,0.192,3.5940199999999893,0,0.0102373693638121,,,
SC4211E0-PSG.edf,SC,Temp rectal,1.0,84300,36.56324706247041,0.4279725754234836,36.56575168482888,35.177983539094654,38.38580246913581,35.39197530864198,37.46810699588477,0,0.0205577764860793,,,
SC4211E0-PSG.edf,SC,Event marker,1.0,84300,956.718149466192,78.47884553241738,959.93153230536,67.0,1157.0,769.0,1078.0,0,0.0204272885799357,,,
SC4212E0-PSG.edf,SC,EEG Fpz-Cz,100.0,8082000,0.6799789213673287,22.66487317186408,22.67507105237352,-160.01098901098902,150.07032967032967,-64.90402930402932,65.99999999999999,0,0.0037268049081971,0.0,0.0,21.82677613226452
SC4212E0-PSG.edf,SC,EEG Pz-Oz,100.0,8082000,0.1438219863009766,7.371858822478291,7.373261643417691,-127.65421245421246,116.15140415140417,-21.07350427350428,19.725518925518926,0,0.0062843433362327,0.0,0.0,6.096279234508095
SC4212E0-PSG.edf,SC,EOG horizontal,100.0,8082000,0.9461770770241122,68.89776179782541,68.90425844467795,-458.7853479853479,504.0786324786326,-195.6771672771672,220.61391941391952,0,0.0117372082865729,0.0,0.0,71.23203659091764
SC4212E0-PSG.edf,SC,Resp oro-nasal,1.0,80820,62.97456075228904,25.34793509581621,67.8845572686856,-610.0,554.0,14.0,143.0,0,0.023323723381878,,,
SC4212E0-PSG.edf,SC,EMG submental,1.0,80820,2.505158599356595,0.8039033584263129,2.630984647925449,-1.644,3.29,0.084,3.124,0,0.0112597285291824,,,
SC4212E0-PSG.edf,SC,Temp rectal,1.0,80820,36.55377659756724,0.4898960128720555,36.55705925875716,35.322051282051284,37.66153846153846,35.42051282051282,37.27589743589744,0,0.021467724173771,,,
SC4212E0-PSG.edf,SC,Event marker,1.0,80820,959.8698094531056,30.02324475511693,960.3392350233156,131.0,1057.0,886.0,1016.0,0,0.0305744936215493,,,
SC4221E0-PSG.edf,SC,EEG Fpz-Cz,100.0,8100000,0.0002204077842596,26.88877611956539,26.88877612046871,-178.0,178.0,-75.24249084249084,79.5023199023199,0,0.0020740766346625,0.0,0.0,28.650459017204348
SC4221E0-PSG.edf,SC,EEG Pz-Oz,100.0,8100000,-0.0464969652843927,2.942918164415382,2.943285458501545,-54.58730158730161,78.013431013431,-8.000244200244222,7.646642246642227,0,0.0189210110135938,0.0,0.0,2.7115282984884086
SC4221E0-PSG.edf,SC,EOG horizontal,100.0,8100000,-1.3171154598351271,82.16014681673701,82.17070352675769,-728.1299145299146,639.072039072039,-274.5028083028083,251.5684981684981,0,0.0113444584499487,0.0,0.0,68.67189750815405
SC4221E0-PSG.edf,SC,Resp oro-nasal,1.0,81000,-97.3662098765432,332.5864610526284,346.5457154564669,-1742.0,1777.0,-1554.0,1610.0,0,0.0245805503771651,,,
SC4221E0-PSG.edf,SC,EMG submental,1.0,81000,2.7328807654320983,0.7139022154608486,2.8245873417737752,-3.326,3.506,0.776,3.352,0,0.0132100396301188,,,
SC4221E0-PSG.edf,SC,Temp rectal,1.0,81000,36.44212509090909,0.7060648691246098,36.44896443989702,4.9349090909090885,39.352,34.996,37.63272727272727,0,0.0213829800367905,,,
SC4221E0-PSG.edf,SC,Event marker,1.0,81000,927.8752962962964,59.33502966446194,929.7705153543116,83.0,1099.0,797.0,1038.0,0,0.0295559204434622,,,
SC4222E0-PSG.edf,SC,EEG Fpz-Cz,100.0,8280000,-29.72106906560966,30.99262612713317,42.94047997704496,-248.0,167.0,-122.84126984126983,62.515262515262506,0,0.0030350278200819,0.0,0.0,35.17451406633721
SC4222E0-PSG.edf,SC,EEG Pz-Oz,100.0,8280000,-20.32204288271312,9.460505040569576,22.41621249340469,-201.00024420024425,131.4835164835165,-46.697435897435895,4.851770451770453,0,0.0061304421865243,0.0,0.0,9.70624696666647
SC4222E0-PSG.edf,SC,EOG horizontal,100.0,8280000,-113.21482493086884,73.5088631977628,134.985738330961,-754.2581196581197,483.581684981685,-363.8854700854701,117.60732600732604,0,0.0144988097811712,0.0,0.0,75.19391016477452
SC4222E0-PSG.edf,SC,Resp oro-nasal,1.0,82800,-109.22109903381644,279.0024923559306,299.6191569559194,-1580.0,1993.0,-952.0,852.0,0,0.0524402468628848,,,
SC4222E0-PSG.edf,SC,EMG submental,1.0,82800,2.4005372222222223,0.936385726623988,2.576702773759425,-2.144,3.366,-0.032,3.234,0,0.0477904322515972,,,
SC4222E0-PSG.edf,SC,Temp rectal,1.0,82800,36.39241009222661,0.5758227068474461,36.39696531457696,32.99963636363636,39.69890909090909,35.300363636363635,37.64472727272727,0,0.0601818862546649,,,
SC4222E0-PSG.edf,SC,Event marker,1.0,82800,938.553961352657,37.20549361101242,939.2911088292084,115.0,1045.0,857.99,991.0,0,0.0614983272744839,,,
SC4231E0-PSG.edf,SC,EEG Fpz-Cz,100.0,8238000,1.2101648840760455,28.299948408425035,28.325811179314343,-199.0,198.5579975579976,-79.24420024420023,87.78876678876681,0,0.0031828152255586,0.0,0.0,25.288206262188176
SC4231E0-PSG.edf,SC,EEG Pz-Oz,100.0,8238000,0.1778479829468694,11.123402310515893,11.124823992613493,-188.00000000000003,178.81807081807082,-29.88717948717951,29.703540903540883,0,0.0038868704623336,0.0,0.0,10.163891670491472
SC4231E0-PSG.edf,SC,EOG horizontal,100.0,8238000,1.0052696570080404,112.7502980974036,112.754779446978,-699.2417582417582,608.8490842490843,-303.1230769230769,349.50256410256407,0,0.0077166881727217,0.0,0.0,110.7334942550768
SC4231E0-PSG.edf,SC,Resp oro-nasal,1.0,82380,72.15975965040059,326.938038984935,334.8066789180265,-1627.0,1843.0,-854.0,1125.2100000000064,0,0.0172374027361342,,,
SC4231E0-PSG.edf,SC,EMG submental,1.0,82380,2.89872333090556,0.7610387571139501,2.996961284195338,-48.0,49.188,0.066,3.644,0,0.0132800835164301,,,
SC4231E0-PSG.edf,SC,Temp rectal,1.0,82380,36.57372059855658,0.5701192177899479,36.57816390066313,34.66327272727273,39.233090909090905,35.57090909090909,37.516,0,0.0230519914055766,,,
SC4231E0-PSG.edf,SC,Event marker,1.0,82380,988.3906894877398,129.68670433067135,996.8624761451304,125.0,1208.0,497.0,1148.0,0,0.0413940445987448,,,
SC4232E0-PSG.edf,SC,EEG Fpz-Cz,100.0,7920000,-1.5256133526350202,27.73349397183061,27.77542410094406,-186.78559218559212,148.9228327228327,-69.65811965811966,74.16263736263735,0,0.0036489945063061,0.0,0.0,28.508041865882124
SC4232E0-PSG.edf,SC,EEG Pz-Oz,100.0,7920000,-0.0359441602224728,9.511674162598474,9.511742077984309,-147.08840048840045,145.0791208791209,-24.796336996336976,24.887667887667902,0,0.0049229860138712,0.0,0.0,8.347164759582672
SC4232E0-PSG.edf,SC,EOG horizontal,100.0,7920000,0.3066522474439256,104.58268928465698,104.58313885905308,-640.2295482295482,534.1599511599512,-279.959645909646,318.5738705738706,0,0.0099116286762988,0.0,0.0,116.0566201202504
SC4232E0-PSG.edf,SC,Resp oro-nasal,1.0,79200,68.77868686868688,281.43701712169366,289.7193510515605,-1432.0,1632.0,-796.0,969.0,0,0.0118562103056856,,,
SC4232E0-PSG.edf,SC,EMG submental,1.0,79200,2.726628686868686,0.5521989346600461,2.781982684973965,-1.08,3.216,0.252,3.104,0,0.0096087071806462,,,
SC4232E0-PSG.edf,SC,Temp rectal,1.0,79200,36.72377769972452,0.5871549430828669,36.72847123780093,35.30581818181818,38.158545454545454,35.41709090909091,37.615272727272725,0,0.0209472341822497,,,
SC4232E0-PSG.edf,SC,Event marker,1.0,79200,924.7407196969696,29.522335894264085,925.2118497848604,98.0,1025.0,845.0,979.0,0,0.01917953509514,,,
SC4241E0-PSG.edf,SC,EEG Fpz-Cz,100.0,8106000,-0.82996249149323,30.91444932251153,30.925588347700334,-181.0,179.0,-91.85714285714288,94.16483516483515,0,0.0026585278294199,0.0,0.0,29.72780053493013
SC4241E0-PSG.edf,SC,EEG Pz-Oz,100.0,8106000,-0.8477034805313166,11.356464680542048,11.38805915120325,-184.0,182.0,-31.25421245421246,30.68424908424908,0,0.0039254921360623,0.0,0.0,11.115504491298172
SC4241E0-PSG.edf,SC,EOG horizontal,100.0,8106000,-0.6508962250184649,98.269165490921,98.27132110731876,-652.1523809523809,592.6698412698413,-284.5746031746031,312.4634920634921,0,0.0101418827311654,0.0,0.0,89.16514530616132
SC4241E0-PSG.edf,SC,Resp oro-nasal,1.0,81060,114.43358006415,474.8053397979583,488.4006090771723,-2297.0,2371.0,-1200.0,1704.0,0,0.0097583241836193,,,
SC4241E0-PSG.edf,SC,EMG submental,1.0,81060,2.921386109055021,1.644937645319535,3.35265814767462,-3.224,4.768,0.202,4.554,0,0.0056625420989649,,,
SC4241E0-PSG.edf,SC,Temp rectal,1.0,81060,36.54799086198774,0.7207151068848264,36.55509631109228,8.722545454545452,39.208,34.74945454545455,37.62290909090909,0,0.0148780517894373,,,
SC4241E0-PSG.edf,SC,Event marker,1.0,81060,1042.1587712805328,35.45814187163702,1042.7618061580215,22.0,1161.0,965.0,1116.0,0,0.0167902392084777,,,
SC4242E0-PSG.edf,SC,EEG Fpz-Cz,100.0,8130000,0.0468832677777327,32.87804339095462,32.87807681812143,-194.0,194.0,-98.96605616605616,100.95579975579976,0,0.0021623642833509,0.0,0.0,26.59318427226733
SC4242E0-PSG.edf,SC,EEG Pz-Oz,100.0,8130000,-0.0286754428570144,14.261339435242265,14.26136826423815,-196.00000000000003,195.23418803418804,-39.6786324786325,41.30598290598289,0,0.0037687623232008,0.0,0.0,12.269890811790043
SC4242E0-PSG.edf,SC,EOG horizontal,100.0,8130000,0.8582896059905502,137.78067452803182,137.78334781259744,-904.5289377289378,767.0627594627595,-412.1492063492064,447.64078144078144,0,0.008905300006519,9.16819469911652e-05,0.0,82.12162024298544
SC4242E0-PSG.edf,SC,Resp oro-nasal,1.0,81300,56.36651906519065,465.0634531487857,468.4668610757855,-2322.0,2286.0,-1074.0,1478.0,0,0.0377864426376708,,,
SC4242E0-PSG.edf,SC,EMG submental,1.0,81300,2.8986745141451418,1.6882659940320672,3.354482971421923,-4.996,4.682,-0.6900000000000001,4.524,0,0.0354739910700008,,,
SC4242E0-PSG.edf,SC,Temp rectal,1.0,81300,36.27208397182153,0.5550354518351172,36.27633029968255,34.41781818181818,39.33672727272727,34.90327272727273,37.27272727272727,0,0.0455725162671127,,,
SC4242E0-PSG.edf,SC,Event marker,1.0,81300,1030.018462484625,35.269329802199486,1030.6221221591777,153.0,1162.0,934.0,1093.0,0,0.110050554127357,,,
SC4251E0-PSG.edf,SC,EEG Fpz-Cz,100.0,8280000,1.3792085168964312,22.20623063569245,22.249020094796222,-190.0,193.00000000000003,-66.44859584859583,65.42686202686204,0,0.0028429986026553,0.0,0.0,25.828080853646448
SC4251E0-PSG.edf,SC,EEG Pz-Oz,100.0,8280000,1.3766671532975974,11.89102999292508,11.970455577947414,-186.0,187.26007326007328,-30.4139194139194,33.68864468864469,0,0.0042958989080904,0.0,0.0,11.360509444323808
SC4251E0-PSG.edf,SC,EOG horizontal,100.0,8280000,3.328390157668476,78.90380924618864,78.9739785916892,-580.8893772893773,553.5428571428572,-226.9465201465201,248.3208791208792,0,0.0112234435065742,0.0,0.0,89.86098627710109
SC4251E0-PSG.edf,SC,Resp oro-nasal,1.0,82800,95.86878019323672,260.45182988796665,277.53554494466016,-1982.0,2126.0,-795.0,1091.0,0,0.0110267032210533,,,
SC4251E0-PSG.edf,SC,EMG submental,1.0,82800,3.11996963768116,1.1329879911169969,3.3193180516587493,-0.136,4.248,0.308,4.08,0,0.006485585574705,,,
SC4251E0-PSG.edf,SC,Temp rectal,1.0,82800,36.71355241042673,0.7382126822548329,36.72097341516688,34.86354166666666,37.83020833333333,34.979166666666664,37.77708333333333,0,0.0172465851036848,,,
SC4251E0-PSG.edf,SC,Event marker,1.0,82800,980.2785024154588,26.11278532017468,980.626238612384,148.0,1078.0,921.0,1034.0,0,0.0187683426128334,,,
SC4252E0-PSG.edf,SC,EEG Fpz-Cz,100.0,7998000,0.4013038143235397,20.03487829112573,20.0388969978792,-179.0,179.99999999999997,-65.2947496947497,58.93064713064712,0,0.0031395388091257,0.0,0.0,18.193004010287247
SC4252E0-PSG.edf,SC,EEG Pz-Oz,100.0,7998000,-0.1062547901932746,10.502703350728568,10.503240821472389,-164.9145299145299,161.4102564102564,-29.017094017094017,29.102564102564106,0,0.0044511183434838,0.0,0.0,7.534877875363517
SC4252E0-PSG.edf,SC,EOG horizontal,100.0,7998000,-0.6028227056764194,66.56110789336154,66.56383762378934,-472.3809523809524,509.8901098901099,-203.7216117216117,213.0989010989011,0,0.0121943138213476,0.0,0.0,63.87292179768829
SC4252E0-PSG.edf,SC,Resp oro-nasal,1.0,79980,105.76594148537134,359.6660108908752,374.8947502545776,-1947.0,2082.0,-815.0,1226.0,0,0.0081771465009565,,,
SC4252E0-PSG.edf,SC,EMG submental,1.0,79980,3.168487546886721,1.0901921139958834,3.3507957532793684,-0.216,4.218,0.272,4.082,0,0.00611410495255,,,
SC4252E0-PSG.edf,SC,Temp rectal,1.0,79980,36.77519705740971,0.5040842626460165,36.77865168212619,34.84010025062656,37.66817042606516,35.06065162907268,37.56892230576441,0,0.0170419735180484,,,
SC4252E0-PSG.edf,SC,Event marker,1.0,79980,1001.511152788197,44.02584589673596,1002.4783609964188,173.0,1140.0,889.0,1082.0,0,0.0175671113667337,,,
SC4261F0-PSG.edf,SC,EEG Fpz-Cz,100.0,8400000,1.3985172323390789,21.39291021438861,21.438574063823424,-177.72967032967034,183.37582417582416,-72.54505494505496,62.88131868131868,0,0.0038154807327151,0.0,0.0,23.956875119205154
SC4261F0-PSG.edf,SC,EEG Pz-Oz,100.0,8400000,0.3968036152683417,15.84505702748824,15.850024773275427,-186.0,187.0,-38.621733821733805,38.8930402930403,0,0.0061678644855529,0.0,0.0,9.474344465692702
SC4261F0-PSG.edf,SC,EOG horizontal,100.0,8400000,4.941329782254641,46.35059275133065,46.613240483973,-522.2771672771675,561.9682539682539,-146.0537240537242,158.44200244200232,0,0.0193797849759344,0.0,0.0,50.83579455835691
SC4261F0-PSG.edf,SC,Resp oro-nasal,1.0,84000,100.97109523809524,302.2759450012844,318.6940680339061,-2232.0,2421.0,-890.0,1154.0099999999948,0,0.0094524934820652,,,
SC4261F0-PSG.edf,SC,EMG submental,1.0,84000,3.5441334761904755,1.5298130976079,3.860208570876277,-0.216,4.8,-0.04,4.66,0,0.0083453374444933,,,
SC4261F0-PSG.edf,SC,Temp rectal,1.0,84000,14.04853773883094,0.0629730964208017,14.04867887775324,8.606088349736781,14.140993362325474,13.995880064087892,14.100251773861295,0,0.0084048619626424,,,
SC4261F0-PSG.edf,SC,Event marker,1.0,84000,1046.171988095238,31.88167265134433,1046.65766596638,151.0,1178.0,980.0,1116.0,0,0.0145596971392516,,,
SC4262F0-PSG.edf,SC,EEG Fpz-Cz,100.0,8160000,0.1857964064856712,30.053958636974752,30.054532936940667,-201.0,201.0,-99.3956043956044,85.55482783882876,0,0.0023198557841369,0.0,0.0,26.76459671831835
SC4262F0-PSG.edf,SC,EEG Pz-Oz,100.0,8160000,0.1029861907156026,11.111638260964238,11.11211550506934,-184.0,184.0,-31.947252747252747,31.228327228327228,0,0.0053786830621115,0.0,0.0,7.550773879799015
SC4262F0-PSG.edf,SC,EOG horizontal,100.0,8160000,0.998437945665446,49.75364751921672,49.76366465402045,-477.37411477411473,551.8336996336997,-162.3904761904762,165.32967032967034,0,0.0157536957765879,0.0,0.0,42.02356138027186
SC4262F0-PSG.edf,SC,Resp oro-nasal,1.0,81600,54.98530637254902,361.22673785918926,365.3876572371794,-2240.0,2290.0,-1277.01,1357.0,0,0.0124511329795708,,,
SC4262F0-PSG.edf,SC,EMG submental,1.0,81600,3.6716918627450976,1.311093866254382,3.898754706451591,-4.628,4.696,0.08,4.57,0,0.0098040417161975,,,
SC4262F0-PSG.edf,SC,Temp rectal,1.0,81600,14.020788717524088,0.0884292984834253,14.021067577124112,8.252689402609294,16.022888532845045,13.959716182192722,14.091096360723276,0,0.0087255971274157,,,
SC4262F0-PSG.edf,SC,Event marker,1.0,81600,993.3839093137254,40.70994005192088,994.2177279159988,141.0,1157.0,925.0,1086.0,0,0.020355641613255,,,
SC4271F0-PSG.edf,SC,EEG Fpz-Cz,100.0,7320000,0.157832069964058,28.101423682721755,28.101866912327107,-187.0,187.0,-80.78217338217335,78.40757020757022,0,0.0021694018707675,0.0,0.0,26.77980953022897
SC4271F0-PSG.edf,SC,EEG Pz-Oz,100.0,7320000,0.5920739435336962,16.154813613252475,16.165659727754353,-188.0,189.0,-43.73650793650794,44.46031746031746,0,0.003165304870635,0.0,0.0,11.75289179862747
SC4271F0-PSG.edf,SC,EOG horizontal,100.0,7320000,1.0131901072213714,65.83827012270277,65.84606569069523,-594.3553113553112,554.1648351648353,-205.3321123321122,219.2442002442004,0,0.0123606726238697,0.0,0.0,59.574123229941016
SC4271F0-PSG.edf,SC,Resp oro-nasal,1.0,73200,109.67281420765028,84.18710393274594,138.2591575441162,-1586.0,1553.0,-169.0,206.0099999999948,0,0.043634475880818,,,
SC4271F0-PSG.edf,SC,EMG submental,1.0,73200,2.990534344262296,1.5187675353893737,3.35409458584057,-4.328,4.704,-0.326,4.438,0,0.0343037473189524,,,
SC4271F0-PSG.edf,SC,Temp rectal,1.0,73200,13.904712567555569,0.2384593455990779,13.906757150602772,6.901350423437858,16.230258640421148,13.72854200045777,15.067525749599447,0,0.0331561906583423,,,
SC4271F0-PSG.edf,SC,Event marker,1.0,73200,944.0385109289616,50.71646762094736,945.3998467341308,132.0,1118.0,846.0,1042.0,0,0.0968592467110206,,,
SC4272F0-PSG.edf,SC,EEG Fpz-Cz,100.0,8610000,0.6311291564313821,27.94023821591245,27.9473654496096,-179.0,179.99999999999997,-76.77924297924298,79.26959706959705,0,0.0026759612961222,0.0,0.0,25.02103573148688
SC4272F0-PSG.edf,SC,EEG Pz-Oz,100.0,8610000,0.6210170105465439,20.639927805599605,20.649268315069943,-205.00000000000003,206.0,-62.078388278388296,65.48717948717947,0,0.0038490172462453,0.0,0.0,12.200355350998509
SC4272F0-PSG.edf,SC,EOG horizontal,100.0,8610000,0.6336971637885933,69.70371985088794,69.70660035567987,-481.7274725274725,557.9404151404151,-211.2376068376068,230.18070818070817,0,0.0097723690735993,0.0,0.0,62.18012325226088
SC4272F0-PSG.edf,SC,Resp oro-nasal,1.0,86100,159.34646922183506,36.62143205068602,163.50053987344583,-40.0,328.0,72.0,238.0,0,0.0134380190246112,,,
SC4272F0-PSG.edf,SC,EMG submental,1.0,86100,3.1568549593495936,1.3400763374200126,3.429509851929742,-0.084,4.462,0.068,4.2940000000000005,0,0.0078630413825944,,,
SC4272F0-PSG.edf,SC,Temp rectal,1.0,86100,13.975770539401108,0.081708894481829,13.976009391576314,8.894483863584345,14.204165712977796,13.843900205996796,14.091096360723276,0,0.0067828894644537,,,
SC4272F0-PSG.edf,SC,Event marker,1.0,86100,994.8785481997676,64.38556595323797,996.959791953114,127.0,1167.0,880.0,1108.0,0,0.0154357193463338,,,
SC4281G0-PSG.edf,SC,EEG Fpz-Cz,100.0,8364000,-0.3487761461557896,29.3034489741654,29.305524506168503,-182.0,168.14652014652015,-77.04468864468866,87.1252747252747,0,0.002465330542002,0.0,0.0,28.591454355231093
SC4281G0-PSG.edf,SC,EEG Pz-Oz,100.0,8364000,-0.3643072099800877,14.183089425946022,14.187767456778586,-166.39316239316238,150.25641025641025,-37.3076923076923,40.726495726495735,0,0.0037685363086278,0.0,0.0,10.79819963526746
SC4281G0-PSG.edf,SC,EOG horizontal,100.0,8364000,-0.7337534383358408,69.91303074833765,69.91688109838903,-493.2241758241757,430.0505494505495,-226.8065934065933,212.323076923077,0,0.0121676376944496,0.0,0.0,60.11140150683797
SC4281G0-PSG.edf,SC,Resp oro-nasal,1.0,83640,107.61612864658058,165.64467222685067,197.5332594324768,-1823.0,2077.0,47.0,221.0,0,0.0157223304917562,,,
SC4281G0-PSG.edf,SC,EMG submental,1.0,83640,3.209268507890961,1.1513656245351378,3.409552339692392,-0.03,4.158,0.262,4.026,0,0.0091344946735374,,,
SC4281G0-PSG.edf,SC,Temp rectal,1.0,83640,13.13639587517934,0.1006491191409377,13.136781448840985,1.405,15.147,13.049,13.217,0,0.0101746792764141,,,
SC4281G0-PSG.edf,SC,Event marker,1.0,83640,1128.433931133429,28.79739141922284,1128.8013229465123,96.0,1269.0,1050.0,1185.0,0,0.0195363407023039,,,
SC4282G0-PSG.edf,SC,EEG Fpz-Cz,100.0,8442000,-0.3339488475119723,26.34025700524825,26.342373866743383,-190.00000000000003,176.78315018315018,-72.46002197802201,78.3079365079365,0,0.0031378857354723,0.0,0.0,23.147429315263395
SC4282G0-PSG.edf,SC,EEG Pz-Oz,100.0,8442000,-0.8605978966149579,20.31508491007748,20.333305280827208,-184.0,177.44175824175824,-54.40293040293041,61.43003663003663,0,0.0028749145639831,0.0,0.0,16.60283406159668
SC4282G0-PSG.edf,SC,EOG horizontal,100.0,8442000,-2.667823383663065,74.11694282658823,74.16494114853852,-602.1335775335775,538.0759462759463,-242.34041514041508,226.8525030525031,0,0.0115269030169426,0.0,0.0,59.432429540440765
SC4282G0-PSG.edf,SC,Resp oro-nasal,1.0,84420,89.23884150675195,29.4929107481081,93.98618312211144,-734.0,1602.0,38.0,151.0,0,0.0195690543598005,,,
SC4282G0-PSG.edf,SC,EMG submental,1.0,84420,2.585359796256811,0.7661956670356341,2.696505345124545,-2.406,3.31,0.264,3.194,0,0.0099266752745235,,,
SC4282G0-PSG.edf,SC,Temp rectal,1.0,84420,13.52613623548922,0.1012625667122261,13.52651527809109,4.982,16.626,13.42219,13.621,0,0.0131723901017543,,,
SC4282G0-PSG.edf,SC,Event marker,1.0,84420,983.6383913764512,32.07642425972827,984.1612581192892,112.0,1077.0,898.0,1043.0,0,0.0212511401461756,,,
SC4291G0-PSG.edf,SC,EEG Fpz-Cz,100.0,8268000,-0.8212658414423438,32.1505065718481,32.160994238499015,-189.00000000000009,187.0,-85.9787545787546,100.68986568986568,0,0.0023572839347894,0.0,0.0,29.938403194367663
SC4291G0-PSG.edf,SC,EEG Pz-Oz,100.0,8268000,0.1535094794470702,17.158440557555604,17.159127236763794,-185.0,185.0,-48.56532356532357,48.92673992673993,0,0.0033091476888578,0.0,0.0,10.86266650252053
SC4291G0-PSG.edf,SC,EOG horizontal,100.0,8268000,1.4238601807401132,85.69277565854685,85.70460418134105,-650.6153846153845,640.4102564102565,-276.9487179487179,256.5128205128205,0,0.0100036405462512,0.0,0.0,88.89861841733116
SC4291G0-PSG.edf,SC,Resp oro-nasal,1.0,82680,92.35800677310112,34.091779175452274,98.44922966914466,-36.0,252.0,28.0,190.0,0,0.0176344658256631,,,
SC4291G0-PSG.edf,SC,EMG submental,1.0,82680,2.465068577648766,0.9219111522043966,2.631821282889503,0.102,3.494,0.332,3.346,0,0.0093736015191281,,,
SC4291G0-PSG.edf,SC,Temp rectal,1.0,82680,14.28121197494376,0.0374439637039038,14.28126106209444,10.816205081254292,14.39002059967956,14.229800869764247,14.350652323186084,0,0.0136189358845656,,,
SC4291G0-PSG.edf,SC,Event marker,1.0,82680,1007.466533623609,30.4205420449468,1007.9257044791938,110.0,1104.0,933.0,1070.0,0,0.0223515040094824,,,
SC4292G0-PSG.edf,SC,EEG Fpz-Cz,100.0,8430000,0.1248398148944768,32.50374979164661,32.503989532015154,-198.0,198.0,-86.21098901098901,104.77802197802198,0,0.0023285911371187,0.0,0.0,30.00271639359833
SC4292G0-PSG.edf,SC,EEG Pz-Oz,100.0,8430000,0.6022098642414587,25.246430460719555,25.253611775913114,-201.0,202.0,-86.25079365079365,87.93968253968254,0,0.0033677382772696,0.0,0.0,13.549054894928462
SC4292G0-PSG.edf,SC,EOG horizontal,100.0,8430000,1.0957680939490593,90.1604266173732,90.16708510062004,-706.0422466422466,628.0351648351649,-296.252503052503,273.4551892551893,0,0.0088457993425852,0.0,0.0,91.63822972493745
SC4292G0-PSG.edf,SC,Resp oro-nasal,1.0,84300,87.86455516014234,31.414884061207427,93.31170877263368,-30.0,252.0,25.0,170.0,0,0.0177938053832192,,,
SC4292G0-PSG.edf,SC,EMG submental,1.0,84300,2.3301478291814948,0.9768943082113896,2.526640337534221,0.036,3.268,0.282,3.178,0,0.0103322696591893,,,
SC4292G0-PSG.edf,SC,Temp rectal,1.0,84300,14.300705238324474,0.025477877187552,14.300727933768512,11.192492561226825,14.9741359578851,14.262302586404212,14.334630350194551,0,0.0136537799973902,,,
SC4292G0-PSG.edf,SC,Event marker,1.0,84300,971.1451482799524,20.55383174963941,971.3626300343676,115.0,1043.0,923.0,1013.0,0,0.0243300632273217,,,
SC4301E0-PSG.edf,SC,EEG Fpz-Cz,100.0,7938000,0.5186689356246976,30.20950019148176,30.213952394281662,-182.00000000000003,183.0,-88.67765567765571,96.98656898656895,0,0.0023129280838096,0.0,0.0,24.57728999812564
SC4301E0-PSG.edf,SC,EEG Pz-Oz,100.0,7938000,0.4469487955033812,15.160288580507345,15.166875521018277,-186.0,187.0,-42.266112332112336,41.80781440781442,0,0.0041080928547403,0.0,0.0,9.216202760466391
SC4301E0-PSG.edf,SC,EOG horizontal,100.0,7938000,2.160604097629712,98.59919424059056,98.62286405778528,-618.9894993894993,555.8793650793651,-282.5557997557997,325.8505494505495,0,0.0083509805378943,0.0,0.0,91.57984237609432
SC4301E0-PSG.edf,SC,Resp oro-nasal,1.0,79380,104.6998614260519,211.2164403132128,235.742328912776,-2207.0,2155.0,-486.0,624.0,0,0.0090956046309477,,,
SC4301E0-PSG.edf,SC,EMG submental,1.0,79380,3.3711262534643494,1.1201960914856786,3.552369842819912,-2.108,4.658,0.5015799999999999,4.2860000000000005,0,0.0083019438390506,,,
SC4301E0-PSG.edf,SC,Temp rectal,1.0,79380,36.769217629870646,0.5540258191094178,36.77339132743988,34.63269424823411,37.884964682139255,34.92230070635721,37.38345105953582,0,0.0179518512452915,,,
SC4301E0-PSG.edf,SC,Event marker,1.0,79380,1006.5277903754094,37.07304246187645,1007.2103073714964,97.0,1140.0,929.0,1079.0,0,0.0203706269920256,,,
SC4302E0-PSG.edf,SC,EEG Fpz-Cz,100.0,8424000,-0.8345615424619587,25.2135041167201,25.22731223915894,-177.99999999999997,176.0,-74.09084249084248,74.85714285714286,0,0.0022008573134583,0.0,0.0,24.880881134183863
SC4302E0-PSG.edf,SC,EEG Pz-Oz,100.0,8424000,-0.3969000056817616,11.363686778480456,11.370615938194453,-186.0,185.0,-27.09059829059828,27.9931623931624,0,0.004186852073661,0.0,0.0,8.774641774668373
SC4302E0-PSG.edf,SC,EOG horizontal,100.0,8424000,-4.981265094845007,84.30081317968603,84.4478543522655,-575.3326007326008,492.3846153846154,-246.07399267399268,268.548717948718,0,0.0104368594929481,0.0,0.0,93.75069122056964
SC4302E0-PSG.edf,SC,Resp oro-nasal,1.0,84240,106.94458689458688,197.35362774542185,224.46736745088893,-1995.0,1995.0,-520.0,636.0,0,0.0104583387742019,,,
SC4302E0-PSG.edf,SC,EMG submental,1.0,84240,3.319264292497626,1.2256880975153064,3.5383367216589856,-1.292,4.204,-1.114,3.96,0,0.0102090480656228,,,
SC4302E0-PSG.edf,SC,Temp rectal,1.0,84240,35.82020542412699,0.8558761245412119,35.83042897548419,34.6592474827769,37.54848966613672,34.91997880233175,37.34393216746158,0,0.0126663421930459,,,
SC4302E0-PSG.edf,SC,Event marker,1.0,84240,937.117497625831,33.22443626110499,937.7062799839656,77.0,1076.0,863.0,1007.0,0,0.0166787355025581,,,
SC4311E0-PSG.edf,SC,EEG Fpz-Cz,100.0,8010000,-0.4757255818505175,25.31903443958121,25.323503307834915,-177.0,176.0,-69.16043956043956,74.10842490842492,0,0.0019725367946776,0.0,0.0,23.57745485109692
SC4311E0-PSG.edf,SC,EEG Pz-Oz,100.0,8010000,-0.5377712523570155,10.26362868226903,10.277707509330916,-161.18192918192918,137.81562881562883,-29.064713064713057,27.1978021978022,0,0.003913862564123,0.0,0.0,8.886796892891013
SC4311E0-PSG.edf,SC,EOG horizontal,100.0,8010000,-1.727894510433282,63.39076225790392,63.41430721120644,-465.1142857142856,465.2285714285715,-188.4285714285713,202.4285714285715,0,0.0117291032822762,0.0,0.0,54.98726570175995
SC4311E0-PSG.edf,SC,Resp oro-nasal,1.0,80100,29.916317103620475,385.1851646443457,386.3451786824007,-1823.0,1820.0,-1162.01,1225.0099999999948,0,0.0179527834305047,,,
SC4311E0-PSG.edf,SC,EMG submental,1.0,80100,2.190588389513109,0.9716120169726294,2.396394667786435,-3.606,3.156,0.166,3.014,0,0.0145070475286832,,,
SC4311E0-PSG.edf,SC,Temp rectal,1.0,80100,36.66287247323824,0.4648933726817852,36.665819830421,35.200447928331464,38.85778275475924,35.43337066069429,37.442329227323626,0,0.0308992621630731,,,
SC4311E0-PSG.edf,SC,Event marker,1.0,80100,889.5014107365793,22.23677062991107,889.7793173986526,54.0,1002.0,839.0,936.0,0,0.0397133547235296,,,
SC4312E0-PSG.edf,SC,EEG Fpz-Cz,100.0,8100000,4.132389266042594,26.808993119264308,27.1256106496216,-176.0,168.17582417582418,-69.45054945054946,85.71428571428572,0,0.0024074103795189,0.0,0.0,18.81034356719107
SC4312E0-PSG.edf,SC,EEG Pz-Oz,100.0,8100000,0.1165283060643061,9.812436913081292,9.813128808861856,-149.2087912087912,134.12893772893773,-27.389010989010988,26.66227106227106,0,0.0043222275583056,0.0,0.0,7.057351378014252
SC4312E0-PSG.edf,SC,EOG horizontal,100.0,8100000,-1.2405492973966434,59.58699896822365,59.59991114589314,-546.2827838827837,566.7106227106227,-184.95433455433448,198.25738705738712,0,0.0119210023716078,0.0,0.0,35.5014653391367
SC4312E0-PSG.edf,SC,Resp oro-nasal,1.0,81000,67.60827160493827,295.29839799346433,302.9389744600612,-1430.0,1645.0,-904.01,973.0,0,0.0123952147557377,,,
SC4312E0-PSG.edf,SC,EMG submental,1.0,81000,2.642967259259259,0.4185238208948673,2.675899497771327,-0.122,3.28,1.118,3.094,0,0.0101729650983345,,,
SC4312E0-PSG.edf,SC,Temp rectal,1.0,81000,36.37363107690283,0.5615768820522463,36.37796594524063,35.227945529899344,37.6234458259325,35.450562462995855,37.47542924807578,0,0.0222101507426017,,,
SC4312E0-PSG.edf,SC,Event marker,1.0,81000,940.5538641975309,26.412308903448547,940.924641785153,119.0,1034.0,885.0,995.0,0,0.0227904048198125,,,
SC4321E0-PSG.edf,SC,EEG Fpz-Cz,100.0,8070000,0.1258273380206464,16.232728094582296,16.233215760028422,-143.44322344322345,126.93528693528694,-47.03296703296704,51.33089133089133,0,0.0043767092648194,0.0,0.0,15.250589745959406
SC4321E0-PSG.edf,SC,EEG Pz-Oz,100.0,8070000,0.1036049826533097,5.73751838383163,5.738453728770187,-156.92307692307693,143.05250305250306,-14.896214896214897,15.189255189255189,0,0.0144485928731014,0.0,0.0,4.7327118942876325
SC4321E0-PSG.edf,SC,EOG horizontal,100.0,8070000,0.5706505197955012,55.98858970446086,55.991497739480025,-413.9946275946276,447.2234432234432,-171.83394383394383,185.03443223443224,0,0.0134783314477465,0.0,0.0,46.82344313266622
SC4321E0-PSG.edf,SC,Resp oro-nasal,1.0,80700,62.55889714993804,408.9437027672445,413.7010607257383,-1410.0,1650.0,-1099.0,1270.0,0,0.0168651408319805,,,
SC4321E0-PSG.edf,SC,EMG submental,1.0,80700,1.9123962329615865,1.2177715914315907,2.267206872066044,-0.474,3.182,0.018,3.03,0,0.0134821992837581,,,
SC4321E0-PSG.edf,SC,Temp rectal,1.0,80700,36.16394067139549,0.4472738829103614,36.166706496590855,35.23034330011074,37.62569213732005,35.33333333333333,36.94241417497231,0,0.0216731310177325,,,
SC4321E0-PSG.edf,SC,Event marker,1.0,80700,905.0936926889716,24.56918627812091,905.4271022339276,91.0,1007.0,858.0,959.0,0,0.0277202939317711,,,
SC4322E0-PSG.edf,SC,EEG Fpz-Cz,100.0,7848000,1.0385738251441636,16.51375188586046,16.546378363195796,-193.0866910866911,190.8815628815629,-47.10866910866911,53.31379731379732,0,0.0038990875370636,0.0,0.0,11.98835226909646
SC4322E0-PSG.edf,SC,EEG Pz-Oz,100.0,7848000,0.468760721660259,8.495279368064454,8.508202404481981,-178.34065934065936,162.40952380952382,-23.389743589743595,24.47838827838828,0,0.0081817127697665,0.0,0.0,6.458718530093805
SC4322E0-PSG.edf,SC,EOG horizontal,100.0,7848000,1.7869286989739572,56.97875130106045,57.00676463371093,-604.0410256410257,521.1575091575091,-177.94261294261304,187.5809523809523,0,0.0112321753722927,0.0,0.0,45.72320833315665
SC4322E0-PSG.edf,SC,Resp oro-nasal,1.0,78480,49.24583333333333,255.90368590438132,260.5990187244432,-1641.0,1853.0,-911.0,855.2100000000064,0,0.0133538908497814,,,
SC4322E0-PSG.edf,SC,EMG submental,1.0,78480,1.5736681957186542,1.9592674010520843,2.512998276768569,-1.36,3.902,-1.186,3.676,0,0.0124619324914945,,,
SC4322E0-PSG.edf,SC,Temp rectal,1.0,78480,36.2510876665982,0.3152593499124154,36.25245847482754,35.14085820895522,37.59701492537313,35.49626865671642,36.963619402985074,0,0.018756610048548,,,
SC4322E0-PSG.edf,SC,Event marker,1.0,78480,1023.364016309888,35.31630568553206,1023.9732180702669,123.0,1156.0,940.0,1099.0,0,0.0180812701487022,,,
SC4331F0-PSG.edf,SC,EEG Fpz-Cz,100.0,8430000,1.899158827491217,22.542099825178266,22.621959879292938,-181.0,185.0,-67.22271062271062,72.65274725274726,0,0.0038446071703525,0.0,0.0,20.668417513649143
SC4331F0-PSG.edf,SC,EEG Pz-Oz,100.0,8430000,1.3876423378914593,8.680316342006035,8.790531443274974,-186.0,151.9120879120879,-22.90476190476189,25.080586080586087,0,0.0063629968718824,0.0,0.0,8.065649487835858
SC4331F0-PSG.edf,SC,EOG horizontal,100.0,8430000,6.972205393436065,71.38863851343179,71.72830234189084,-674.1777777777778,603.0444444444444,-223.24444444444453,233.18200000000385,0,0.0131684616470482,0.0,0.0,66.23332025985587
SC4331F0-PSG.edf,SC,Resp oro-nasal,1.0,84300,142.97141162514828,522.9586382840386,542.1499441095456,-1839.0,2069.0,-1476.0,1732.0,0,0.0117201864790804,,,
SC4331F0-PSG.edf,SC,EMG submental,1.0,84300,3.0410451482799528,1.2986138925225232,3.3067134190506344,-0.92,4.29,-0.8,4.042,0,0.0072361475225091,,,
SC4331F0-PSG.edf,SC,Temp rectal,1.0,84300,14.00878060051582,0.0431282543582885,14.008846988946392,11.36324101625086,14.314946211947817,13.931334401464866,14.090180819409476,0,0.0069514466363776,,,
SC4331F0-PSG.edf,SC,Event marker,1.0,84300,983.0112455516014,38.96274269577832,983.783108311628,126.0,1130.0,909.0,1073.0,0,0.0176870425509199,,,
SC4332F0-PSG.edf,SC,EEG Fpz-Cz,100.0,8280000,0.5159707605599024,25.74529642560883,25.750466284481536,-197.0,198.00000000000003,-76.13675213675212,83.40659340659342,0,0.0042294737070938,0.0,0.0,28.87133866451066
SC4332F0-PSG.edf,SC,EEG Pz-Oz,100.0,8280000,0.9628288291954888,9.091593703138273,9.142434873559308,-149.75579975579976,186.0,-25.157509157509164,25.89255189255189,0,0.0074166756240043,0.0,0.0,8.4604322559573
SC4332F0-PSG.edf,SC,EOG horizontal,100.0,8280000,2.242163433195848,68.95315679590534,68.9896016003997,-602.6021978021979,567.1140415140414,-221.6859584859585,224.2412698412698,0,0.0155471202259906,8.33472245374229e-06,0.0,78.57385530120331
SC4332F0-PSG.edf,SC,Resp oro-nasal,1.0,82800,45.243876811594205,397.4034034545261,399.9705907515996,-24000.0,24314.0,-951.0,998.0,0,0.3215739320523195,,,
SC4332F0-PSG.edf,SC,EMG submental,1.0,82800,1.1509491545893722,1.395585286469759,1.808961649195712,-48.656,49.148,-1.866,2.552,0,0.3205835819273179,,,
SC4332F0-PSG.edf,SC,Temp rectal,1.0,82800,14.543983870771562,0.5704687609374031,14.55516751674363,1.787136644541085,26.37537193865873,13.96429388876173,15.912570382238496,0,0.3193275281102429,,,
SC4332F0-PSG.edf,SC,Event marker,1.0,82800,633.7227173913044,167.13669934077564,655.3923701145352,76.0,24332.0,585.0,692.0,0,0.6173142187707581,,,
SC4341F0-PSG.edf,SC,EEG Fpz-Cz,100.0,8250000,0.3890636809116964,18.54284139467377,18.54692258936324,-153.35897435897434,168.3675213675214,-67.52136752136751,54.60683760683762,0,0.0077915245957873,0.0,0.0,10.5798205265511
SC4341F0-PSG.edf,SC,EEG Pz-Oz,100.0,8250000,0.3855258901099028,7.287962395092544,7.298152237671392,-180.6258852258852,180.7150183150183,-18.947008547008533,20.03809523809525,0,0.0090460715709958,0.0,0.0,6.2313901106716765
SC4341F0-PSG.edf,SC,EOG horizontal,100.0,8250000,5.361140503703807,99.13605850193572,99.28091419200194,-732.9555555555554,690.2,-304.1999999999999,343.08888888888896,0,0.0149988060591588,0.0,0.0,63.03241634046253
SC4341F0-PSG.edf,SC,Resp oro-nasal,1.0,82500,130.1529696969697,585.6177062806099,599.9065705843727,-1490.0,1754.0,-1378.0,1669.0,0,0.0230790676250621,,,
SC4341F0-PSG.edf,SC,EMG submental,1.0,82500,1.5714823272727272,1.4333719322916902,2.126995957027686,-1.62,3.446,-0.718,3.342,0,0.0160123153007915,,,
SC4341F0-PSG.edf,SC,Temp rectal,1.0,82500,14.125256672007325,0.0893740403305385,14.125539415157654,11.944151979858091,15.831082627603571,14.048065918974594,14.2059967956054,0,0.0148971502684881,,,
SC4341F0-PSG.edf,SC,Event marker,1.0,82500,763.7073696969697,28.097288841328105,764.2240536450662,101.0,879.0,705.0,826.0,0,0.0318912956520685,,,
SC4342F0-PSG.edf,SC,EEG Fpz-Cz,100.0,8370000,0.1331736526317171,21.09016379315371,21.09058425088804,-170.0,154.88888888888889,-66.2979242979243,65.3015873015873,0,0.0048984526863234,0.0,0.0,20.293594805612933
SC4342F0-PSG.edf,SC,EEG Pz-Oz,100.0,8370000,0.1178974824617836,6.832753387335535,6.833770457698742,-175.18461538461537,177.0,-18.283516483516483,18.802197802197803,0,0.0074121952355976,0.0,0.0,6.621480157197288
SC4342F0-PSG.edf,SC,EOG horizontal,100.0,8370000,-0.7808206069703604,110.8569424831992,110.85969230312526,-816.3787545787545,661.6884004884005,-319.72991452991454,362.4197802197802,0,0.0103058665542013,0.0,0.0,109.93500000189084
SC4342F0-PSG.edf,SC,Resp oro-nasal,1.0,83700,122.54983273596176,360.42791959390667,380.6924568814095,-1593.0,1776.0,-1055.0,1404.0099999999948,0,0.0138830810403947,,,
SC4342F0-PSG.edf,SC,EMG submental,1.0,83700,2.102272043010753,1.55320910522663,2.613810679330757,-1.048,3.544,-0.844,3.442,0,0.0136082868373576,,,
SC4342F0-PSG.edf,SC,Temp rectal,1.0,83700,14.12899888510695,0.0640825316078712,14.129144208557388,12.368047608148318,26.730601968413826,14.047608148317693,14.21057450217441,0,0.0087814669231412,,,
SC4342F0-PSG.edf,SC,Event marker,1.0,83700,877.7315890083632,34.82683564762303,878.422250870487,133.0,1004.0,802.0,951.0,0,0.0200480292476612,,,
SC4351F0-PSG.edf,SC,EEG Fpz-Cz,100.0,8130000,-0.0244031169923629,13.068353169163936,13.06837595365683,-127.49108669108672,111.14725274725274,-40.26275946275948,34.93724053724052,0,0.0043763891468501,0.0,0.0,13.066353718887584
SC4351F0-PSG.edf,SC,EEG Pz-Oz,100.0,8130000,-0.538924149782169,5.546404954979264,5.572526102571159,-126.7956043956044,101.72503052503052,-15.431746031746044,14.43174603174602,0,0.0108720920935942,0.0,0.0,3.970520795038431
SC4351F0-PSG.edf,SC,EOG horizontal,100.0,8130000,-195.4539881528339,29.23948022378419,197.6289672305281,-610.9528693528694,818.2612942612943,-256.5675213675213,-110.42442002442004,0,0.0119089937379996,0.0,0.0,21.0432904094478
SC4351F0-PSG.edf,SC,Resp oro-nasal,1.0,81300,67.12159901599016,215.07314279378235,225.30371902314008,-1309.0,1491.0,-820.0,1073.0,0,0.0269130001599035,,,
SC4351F0-PSG.edf,SC,EMG submental,1.0,81300,2.202269667896679,0.8922584403778968,2.376155890206564,-1.03,3.0500000000000003,-0.668,2.876,0,0.0091883048991992,,,
SC4351F0-PSG.edf,SC,Temp rectal,1.0,81300,13.32860324723247,0.1386957205794204,13.329324852558852,3.164,16.935,13.214,13.426,0,0.0102830293115536,,,
SC4351F0-PSG.edf,SC,Event marker,1.0,81300,732.4287576875769,31.057372684882026,733.0869290103698,99.0,859.0,660.0,801.0,0,0.0161256596022091,,,
SC4352F0-PSG.edf,SC,EEG Fpz-Cz,100.0,7596000,0.5533295146664773,27.74362755563196,27.749144914707227,-181.83736263736265,168.96043956043957,-89.65584615384618,96.5120879120879,0,0.0027053748096034,0.0,0.0,17.616074769615977
SC4352F0-PSG.edf,SC,EEG Pz-Oz,100.0,7596000,0.987021067897048,9.29149340794638,9.343771205374384,-161.5018315018315,149.76800976800976,-24.25396825396826,26.344322344322336,0,0.0048696746572862,0.0,0.0,6.732071405107403
SC4352F0-PSG.edf,SC,EOG horizontal,100.0,7596000,0.8650393113849455,45.44420407963935,45.45243643020856,-609.3709401709401,554.3123321123322,-153.89474969474963,160.50061050061055,0,0.0146853800492101,0.0,0.0,26.6908275930468
SC4352F0-PSG.edf,SC,Resp oro-nasal,1.0,75960,-87.44734070563455,619.1019640218811,625.247374446497,-2128.0,1771.0,-2074.0,1395.0,0,0.1201569267631222,,,
SC4352F0-PSG.edf,SC,EMG submental,1.0,75960,1.8500939968404424,2.046389124784845,2.75872366270758,-3.998,3.64,-3.432,3.468,0,0.1085717294856435,,,
SC4352F0-PSG.edf,SC,Temp rectal,1.0,75960,14.286562261690776,0.1949562015873621,14.287892398030737,5.053330281528954,15.563744563973447,14.06179903868162,14.972762645914395,0,0.1093352993062046,,,
SC4352F0-PSG.edf,SC,Event marker,1.0,75960,955.3961295418642,32.9397835043012,955.9638035411616,68.0,1090.0,884.0,1025.0,0,0.1331639437064732,,,
SC4362F0-PSG.edf,SC,EEG Fpz-Cz,100.0,6798000,-0.8344741211365895,21.79105712261163,21.80702908650716,-205.00000000000003,203.0,-67.90428015564206,63.61322957198442,0,0.0031921200237128,0.0,0.0,19.90990323271421
SC4362F0-PSG.edf,SC,EEG Pz-Oz,100.0,6798000,-0.4159644792236847,12.745917951830515,12.752703669527149,-166.3223620965896,179.44325932707713,-36.34294651712823,33.794827191577035,0,0.0036128326166999,0.0,0.0,12.679021869326617
SC4362F0-PSG.edf,SC,EOG horizontal,100.0,6798000,-5.644359851850091,34.225291402425015,34.68759677057617,-627.554360265507,482.56525520714126,-118.27136644541082,107.08487067978945,0,0.0258517591229172,0.0,0.0,6.951995754104971
SC4362F0-PSG.edf,SC,Resp oro-nasal,1.0,67980,-80.97779691103794,260.01212765327773,272.3301491193175,-2048.0,2047.0,-802.972533760586,750.1943877317528,0,0.0119007340502213,,,
SC4362F0-PSG.edf,SC,EMG submental,1.0,67980,3.290698972965472,1.7174506645706769,3.711918172038585,-4.253986419470512,4.792019531548028,0.1380178530556191,4.6580453192950335,0,0.0085320466614689,,,
SC4362F0-PSG.edf,SC,Temp rectal,1.0,67980,3.597432720070146,0.526552416565973,3.635763966874466,0.0,27.44151979858091,2.792858777752346,4.466010528725109,0,0.006560849674164,,,
SC4362F0-PSG.edf,SC,Event marker,1.0,67980,1027.003380018129,40.62602689977595,1027.8066046831586,127.0022888532845,1187.009613183795,928.0064087891966,1115.0260929274434,0,0.0160784948292855,,,
SC4371F0-PSG.edf,SC,EEG Fpz-Cz,100.0,8550000,1.8473292280273328,27.54540380324417,27.60727976386848,-184.0,188.0,-86.43516483516483,81.35091575091575,0,0.0039450338538407,0.0,0.0,22.786041911602013
SC4371F0-PSG.edf,SC,EEG Pz-Oz,100.0,8550000,1.3895638704453683,17.959862560379936,18.013537990572093,-176.99999999999997,180.0,-55.90769230769228,59.605128205128224,0,0.0057286616709493,0.0,0.0,11.133212726012587
SC4371F0-PSG.edf,SC,EOG horizontal,100.0,8550000,6.7851247303729485,57.97041793197085,58.36614834657234,-858.839072039072,878.9777777777778,-188.9387057387057,204.4058608058608,0,0.0169871543709407,0.0,0.0,30.851422425548776
SC4371F0-PSG.edf,SC,Resp oro-nasal,1.0,85500,118.2606432748538,326.9210995636976,347.65354174482286,-2660.0,2520.0,-964.0,1246.0,0,0.01157908279629,,,
SC4371F0-PSG.edf,SC,EMG submental,1.0,85500,3.9704918128654976,1.3914300845960377,4.207241723071172,-5.244,5.6160000000000005,0.076,5.24,0,0.0089708651563176,,,
SC4371F0-PSG.edf,SC,Temp rectal,1.0,85500,13.803794592149098,0.1481711175963517,13.804589809999223,8.380865186541543,26.402380407415883,13.629663538567176,13.936369878690776,0,0.0068304892454882,,,
SC4371F0-PSG.edf,SC,Event marker,1.0,85500,952.0701403508772,62.90431723749018,954.1459559600164,190.0,1167.0,831.0,1090.0,0,0.0189358939870641,,,
SC4372F0-PSG.edf,SC,EEG Fpz-Cz,100.0,8520000,0.1427323507999564,33.549447603062376,33.549751221053704,-176.0,176.0,-111.44517704517703,110.24175824175823,0,0.0036854503350356,0.0,0.0,27.29779621011108
SC4372F0-PSG.edf,SC,EEG Pz-Oz,100.0,8520000,0.0547688870545017,15.18605274615198,15.186151508525771,-172.00000000000003,172.0,-43.05250305250308,43.808547008547,0,0.0050035269994448,0.0,0.0,10.88886316117297
SC4372F0-PSG.edf,SC,EOG horizontal,100.0,8520000,0.8062664785292951,67.34033640895223,67.34516295403301,-804.0271062271063,812.749938949939,-220.03345543345543,227.8840048840049,0,0.013133818232181,0.0,0.0,42.09585712696472
SC4372F0-PSG.edf,SC,Resp oro-nasal,1.0,85200,30.95281690140845,497.4892783227149,498.4512603256088,-2902.0,3223.0,-1708.02,1753.0099999999948,0,0.0089202924916959,,,
SC4372F0-PSG.edf,SC,EMG submental,1.0,85200,3.669997089201878,1.883939468513888,4.125300783673191,-6.8,6.728,-0.034,5.3420000000000005,0,0.0071597084472822,,,
SC4372F0-PSG.edf,SC,Temp rectal,1.0,85200,13.789134383626855,0.1334956142334127,13.789780568549302,7.7885099565117875,20.841840238040746,13.639276722362096,13.908903639276724,0,0.0058920879353044,,,
SC4372F0-PSG.edf,SC,Event marker,1.0,85200,1015.7307746478872,73.0166202789379,1018.3518220162204,-218.0,1312.0,875.0,1141.0,0,0.0180166433878331,,,
SC4381F0-PSG.edf,SC,EEG Fpz-Cz,100.0,8250000,-0.8253921211233242,12.849286492103806,12.875769317200964,-166.94285714285715,148.95457875457876,-41.70134310134311,36.09108669108669,0,0.004427884155011,0.0,0.0,11.800607986179894
SC4381F0-PSG.edf,SC,EEG Pz-Oz,100.0,8250000,-0.8409200079920275,6.261277751286234,6.317495194979831,-164.38461538461542,138.56043956043956,-17.131868131868153,15.835164835164816,0,0.0065042503081821,0.0,0.0,5.249264436063779
SC4381F0-PSG.edf,SC,EOG horizontal,100.0,8250000,-4.9574553002551855,40.8114816778541,41.11147528118941,-469.99389499389486,377.6129426129427,-136.103785103785,125.64957264957276,0,0.0173539604290429,0.0,0.0,35.31269984270529
SC4381F0-PSG.edf,SC,Resp oro-nasal,1.0,82500,80.04112727272727,454.41214961157016,461.4076113044701,-1499.0,1717.0,-1227.0,1477.0099999999948,0,0.0155759463751075,,,
SC4381F0-PSG.edf,SC,EMG submental,1.0,82500,2.0612290181818183,1.2230478195211834,2.3967709599021565,-0.75,3.3160000000000003,0.04,3.218,0,0.008666771718445,,,
SC4381F0-PSG.edf,SC,Temp rectal,1.0,82500,14.21884247279386,0.0584764331724871,14.218962717419409,8.998855573357748,14.306248569466698,14.166170748455023,14.26276493476768,0,0.0097213299555146,,,
SC4381F0-PSG.edf,SC,Event marker,1.0,82500,850.0740606060606,28.455120962069795,850.5501763119224,107.0,948.0,784.99,909.0,0,0.019721451169105,,,
SC4382F0-PSG.edf,SC,EEG Fpz-Cz,100.0,8310000,0.5432665195881955,27.95628096148544,27.96155903573364,-189.9316239316239,185.1965811965812,-78.23931623931622,80.27350427350429,0,0.003101086764244,0.0,0.0,18.279658808409465
SC4382F0-PSG.edf,SC,EEG Pz-Oz,100.0,8310000,0.9775307073138112,9.740319484829488,9.789248691819532,-181.0,163.44444444444446,-24.37777777777778,27.35555555555556,0,0.0046546385735722,0.0,0.0,7.762739214594058
SC4382F0-PSG.edf,SC,EOG horizontal,100.0,8310000,2.3766994473316343,60.71022522512054,60.756729233458586,-713.3523809523809,635.6527472527473,-194.319413919414,198.3194139194139,0,0.0123441785128501,0.0,0.0,44.57934594756169
SC4382F0-PSG.edf,SC,Resp oro-nasal,1.0,83100,80.78839951865223,497.0181659365825,503.5412820889164,-2178.0,1863.0,-1498.0,1658.0,0,0.017629574363109,,,
SC4382F0-PSG.edf,SC,EMG submental,1.0,83100,1.3806679181708783,1.9265433538705008,2.370192649260584,-1.95,3.958,-1.152,3.646,0,0.0129484109315394,,,
SC4382F0-PSG.edf,SC,Temp rectal,1.0,83100,14.228990285181204,0.0662614290482702,14.229144567146705,9.036850537880522,15.684138246738383,14.148317692835889,14.299382009613185,0,0.0114441810370762,,,
SC4382F0-PSG.edf,SC,Event marker,1.0,83100,939.3295667870036,44.25174878136952,940.3713374568948,116.0,1119.0,842.0,1031.0,0,0.0267151229256669,,,
SC4401E0-PSG.edf,SC,EEG Fpz-Cz,100.0,7890000,6.169963939454458,26.70460650837944,27.408109452889097,-160.78876678876676,192.22710622710625,-59.103785103785086,86.14652014652016,0,0.0038136930465057,0.0,0.0,26.251556543402767
SC4401E0-PSG.edf,SC,EEG Pz-Oz,100.0,7890000,-0.3550451323834427,8.482602223699754,8.490029300982718,-182.441514041514,149.35946275946276,-21.362881562881544,21.41318681318683,0,0.0043105251083968,0.0,0.0,7.230251423648902
SC4401E0-PSG.edf,SC,EOG horizontal,100.0,7890000,-0.7011983497448596,53.09621480279322,53.100844677933736,-412.5462759462759,442.015873015873,-163.6126984126984,182.7296703296704,0,0.0116362631638316,0.0,0.0,34.09034166912514
SC4401E0-PSG.edf,SC,Resp oro-nasal,1.0,78900,105.350773130545,552.5038590096618,562.4582647803941,-1550.0,1877.0,-1188.0,1586.0099999999948,0,0.0110014068619374,,,
SC4401E0-PSG.edf,SC,EMG submental,1.0,78900,2.7052049683143222,0.8875771344495207,2.847090987339554,-0.014,3.726,0.15,3.494,0,0.0074652403706003,,,
SC4401E0-PSG.edf,SC,Temp rectal,1.0,78900,14.282694232698924,0.0433040259091856,14.282759879779226,9.268940260929275,14.365758754863814,14.227512016479745,14.319066147859925,0,0.0110394301575431,,,
SC4401E0-PSG.edf,SC,Event marker,1.0,78900,1002.9511026615968,45.40597457017671,1003.978394616528,83.0,1168.0,892.0,1094.0,0,0.0140559449422679,,,
SC4402E0-PSG.edf,SC,EEG Fpz-Cz,100.0,8370000,-0.4415222996252289,21.951569126258857,21.956008950763067,-186.0,185.0,-61.88034188034187,63.5982905982906,0,0.0022759883823039,0.0,0.0,21.0199801604322
SC4402E0-PSG.edf,SC,EEG Pz-Oz,100.0,8370000,-0.0104054483787817,10.06070815480914,10.060713535808436,-184.0,142.93137973137974,-25.207326007326007,26.37557997557997,0,0.0034719276845014,0.0,0.0,8.604389921089666
SC4402E0-PSG.edf,SC,EOG horizontal,100.0,8370000,-1.1150342091281014,59.03433563548204,59.04486501983273,-493.9926739926739,438.9641025641026,-187.6021978021977,201.94505494505503,0,0.009252101854363,0.0,0.0,43.86988409382631
SC4402E0-PSG.edf,SC,Resp oro-nasal,1.0,83700,42.77363201911589,438.2560189935336,440.3384173339493,-1601.0,1799.0,-1285.0,1499.0,0,0.0381008136297924,,,
SC4402E0-PSG.edf,SC,EMG submental,1.0,83700,2.586442317801673,1.1217530181149789,2.819222179425622,-2.262,3.694,-0.26,3.482,0,0.0364759435596602,,,
SC4402E0-PSG.edf,SC,Temp rectal,1.0,83700,14.32783822592814,0.1424719284156932,14.328546558487856,11.196612497138933,15.70794232089723,14.258640421149003,15.057907988097964,0,0.0384114505549648,,,
SC4402E0-PSG.edf,SC,Event marker,1.0,83700,989.9637037037036,32.22520213606576,990.488060656697,118.0,1125.0,906.0,1056.0,0,0.1135377961504916,,,
SC4411E0-PSG.edf,SC,EEG Fpz-Cz,100.0,8184000,-1.2998838359668896,27.31400008630352,27.344913580071847,-202.0,199.0,-77.44029304029303,76.10500610500611,0,0.0021334336918789,0.0,0.0,23.53781631500876
SC4411E0-PSG.edf,SC,EEG Pz-Oz,100.0,8184000,-0.9084833721833708,18.53166977794224,18.55392483536116,-187.0,182.0021978021978,-55.27838827838828,57.54798534798535,0,0.0037597797651267,0.0,0.0,11.365904088092655
SC4411E0-PSG.edf,SC,EOG horizontal,100.0,8184000,-4.6056375594536565,68.63393742742053,68.7882930746223,-564.7770451770451,497.7787545787546,-232.5518925518925,207.90525030525035,0,0.0116996721647998,0.0,0.0,41.00342093540388
SC4411E0-PSG.edf,SC,Resp oro-nasal,1.0,81840,-202.4475195503421,933.1296989177872,954.8382235617124,-3437.0,3474.0,-2610.0,2639.0,0,0.0084556262906438,,,
SC4411E0-PSG.edf,SC,EMG submental,1.0,81840,5.555538611925709,1.7603553668840082,5.827766320496624,-1.432,49.914,1.18,7.078,0,0.0051564657437163,,,
SC4411E0-PSG.edf,SC,Temp rectal,1.0,81840,14.25650683176839,0.0856061626284352,14.256763849462423,6.117647058823529,16.110322728313115,14.14328221560998,14.318608377203022,0,0.0104962181844841,,,
SC4411E0-PSG.edf,SC,Event marker,1.0,81840,1993.038599706745,142.70184180054895,1998.1408047418208,155.0,2284.0,1647.0,2212.0,0,0.0105939710895783,,,
SC4412E0-PSG.edf,SC,EEG Fpz-Cz,100.0,8574000,1.4706494010486082,36.69833966204253,36.72779524571888,-181.00000000000003,184.0,-99.79975579975584,105.1172161172161,0,0.0024422701682647,0.0,0.0,40.21702324130081
SC4412E0-PSG.edf,SC,EEG Pz-Oz,100.0,8574000,0.8963081492646425,22.43527054700892,22.453167545269075,-185.0,187.0,-69.53919413919412,73.99194139194141,0,0.0088208640317984,0.0,0.0,11.698746915838084
SC4412E0-PSG.edf,SC,EOG horizontal,100.0,8574000,5.398360810873446,78.79030184844827,78.97502114475164,-638.4593406593408,595.6278388278388,-247.73235653235665,238.99413919413908,0,0.0104117219637531,0.0,0.0,99.69939941043114
SC4412E0-PSG.edf,SC,Resp oro-nasal,1.0,85740,-98.48732213669231,515.3505748643859,524.6770126799054,-1786.0,1887.0,-1439.61,1622.0,0,0.0466298883821831,,,
SC4412E0-PSG.edf,SC,EMG submental,1.0,85740,3.1630603685561,0.8817675593295198,3.2836663843661382,-1.064,3.918,-0.012,3.754,0,0.0434691330666324,,,
SC4412E0-PSG.edf,SC,Temp rectal,1.0,85740,14.237327246168867,0.1497467058451153,14.238114734416698,8.092011902037079,15.427328908216984,14.170748455024032,15.002059967956054,0,0.0442389111139621,,,
SC4412E0-PSG.edf,SC,Event marker,1.0,85740,1091.34877536739,22.511198835866484,1091.5809193866155,118.0,1216.0,1036.0,1138.0,0,0.0552374065477787,,,
SC4421E0-PSG.edf,SC,EEG Fpz-Cz,100.0,8292000,-1.3385012197643156,31.81854142032299,31.846682144803115,-175.28571428571428,157.45714285714286,-82.45714285714286,86.14285714285714,0,0.0017896789552327,0.0,0.0,32.1574485737856
SC4421E0-PSG.edf,SC,EEG Pz-Oz,100.0,8292000,-0.8397776719929952,18.016946503739764,18.03650708582452,-160.1321123321123,160.97460317460315,-51.833211233211216,50.49645909645911,0,0.0023962884663392,0.0,0.0,15.6441644724178
SC4421E0-PSG.edf,SC,EOG horizontal,100.0,8292000,-4.16209397851441,102.02156980481791,102.10643335130902,-669.6605616605617,624.041514041514,-320.3199023199023,289.77045177045176,0,0.0076640227496656,0.0,0.0,92.74316393877686
SC4421E0-PSG.edf,SC,Resp oro-nasal,1.0,82920,-28.3234322238302,38.64259352872183,47.911030541660416,-513.0,774.0,-101.0,62.0,0,0.0226727288076315,,,
SC4421E0-PSG.edf,SC,EMG submental,1.0,82920,2.813913772310661,0.5673557841950037,2.8705405943583417,-1.946,3.442,0.61,3.224,0,0.0105283469409906,,,
SC4421E0-PSG.edf,SC,Temp rectal,1.0,82920,36.444993029032936,0.8343432223005505,36.45454217925193,35.016294508147254,38.60108630054315,35.16113458056729,37.97465298732649,0,0.0189582604710621,,,
SC4421E0-PSG.edf,SC,Event marker,1.0,82920,986.3426073323684,32.735862727193634,986.8856953810348,148.0,1102.0,915.0,1058.0,0,0.0189823803953255,,,
SC4422E0-PSG.edf,SC,EEG Fpz-Cz,100.0,8046000,0.3131676996160889,32.19302363570651,32.1945468180132,-201.0,202.0,-88.41587301587302,89.9079365079365,0,0.0024881959833407,0.0,0.0,32.68976924925853
SC4422E0-PSG.edf,SC,EEG Pz-Oz,100.0,8046000,1.8212351173062449,12.85154788706082,12.979953021714946,-124.87692307692308,174.1076923076923,-32.569230769230785,37.39999999999999,0,0.0034352515973795,0.0,0.0,12.068324205418588
SC4422E0-PSG.edf,SC,EOG horizontal,100.0,8046000,4.585093107215973,100.46046005694063,100.56503922165996,-603.6947496947496,622.2129426129426,-303.4092796092796,292.29694749694755,0,0.0086005575448142,0.0,0.0,96.4803830188435
SC4422E0-PSG.edf,SC,Resp oro-nasal,1.0,80460,-48.02218493661447,256.0405804053652,260.5051037127731,-1594.0,1795.0,-1203.41,966.4100000000036,0,0.0255533874395654,,,
SC4422E0-PSG.edf,SC,EMG submental,1.0,80460,2.6783183942331594,0.8114829631882755,2.7985521293041,-2.422,48.802,-0.144,3.3120000000000003,0,0.0155731490572838,,,
SC4422E0-PSG.edf,SC,Temp rectal,1.0,80460,36.83598100755819,0.3891235467930959,36.83803623870111,35.05604395604396,38.81978021978022,35.88461538461539,37.642857142857146,0,0.0274425483786773,,,
SC4422E0-PSG.edf,SC,Event marker,1.0,80460,1010.2543127019636,40.57302335762618,1011.0687150521944,155.0,1170.0,922.0,1106.0,0,0.0440224213574615,,,
SC4431E0-PSG.edf,SC,EEG Fpz-Cz,100.0,8430000,-0.0082774786831726,34.66231049183252,34.66231148017765,-200.0,200.0,-92.35653235653236,99.68253968253968,0,0.0027580103890989,0.0,0.0,28.976832306626783
SC4431E0-PSG.edf,SC,EEG Pz-Oz,100.0,8430000,-0.0815580900238551,11.94921049157381,11.949488821451144,-180.6534798534799,167.8065934065934,-31.273260073260072,32.96117216117216,0,0.0053452020702278,0.0,0.0,9.148969433828022
SC4431E0-PSG.edf,SC,EOG horizontal,100.0,8430000,-1.4479372852058858,90.8402096595065,90.85174854324484,-556.7860805860806,499.36849816849815,-274.72161172161174,292.12820512820514,0,0.0100296678880995,0.0,0.0,70.83080633976869
SC4431E0-PSG.edf,SC,Resp oro-nasal,1.0,84300,68.46339264531436,486.5400615641806,491.3333569374088,-1695.0,1846.0,-1225.01,1400.0,0,0.0135470171650909,,,
SC4431E0-PSG.edf,SC,EMG submental,1.0,84300,2.9043573665480427,1.210051544944758,3.1463497030757845,-2.948,3.83,-1.008,3.652,0,0.0158127617172208,,,
SC4431E0-PSG.edf,SC,Temp rectal,1.0,84300,36.71017190025752,0.430073173567757,36.71269104657244,35.306735751295335,38.424870466321245,35.98549222797927,37.53886010362694,0,0.0291225281438688,,,
SC4431E0-PSG.edf,SC,Event marker,1.0,84300,1049.9067615658364,42.5071386295411,1050.766893662021,71.0,1193.0,940.0,1131.0,0,0.038387169480065,,,
SC4432E0-PSG.edf,SC,EEG Fpz-Cz,100.0,8340000,0.1412825256278491,27.074452060553565,27.07482068511738,-192.0,192.0,-73.84615384615384,78.44102564102565,0,0.002119906618593,0.0,0.0,29.518638563639755
SC4432E0-PSG.edf,SC,EEG Pz-Oz,100.0,8340000,0.580306886066233,12.97781004267894,12.990777866851326,-156.82002442002442,136.16605616605614,-33.9973137973138,36.39999999999999,0,0.0029628332887689,0.0,0.0,12.350192037244424
SC4432E0-PSG.edf,SC,EOG horizontal,100.0,8340000,1.3043319509960538,88.57350904181254,88.58311230600573,-474.0024420024419,454.4004884004885,-254.8327228327228,286.5164835164836,0,0.008739818632876,0.0,0.0,115.72462935436756
SC4432E0-PSG.edf,SC,Resp oro-nasal,1.0,83400,46.424988009592326,668.9928599225839,670.6017641932422,-1764.0,1977.0,-1452.0,1643.0099999999948,0,0.0049640882984208,,,
SC4432E0-PSG.edf,SC,EMG submental,1.0,83400,0.9690004556354916,2.1600784185515947,2.367467139648225,-1.2,4.004,-1.046,3.692,0,0.0123023057830429,,,
SC4432E0-PSG.edf,SC,Temp rectal,1.0,83400,36.83183186469247,0.3539101605274097,36.83353215360564,35.06471421823335,38.465753424657535,35.26594237128012,37.371752479924425,0,0.0203119941486108,,,
SC4432E0-PSG.edf,SC,Event marker,1.0,83400,1017.795407673861,35.291473219859306,1018.4070796906456,86.0,1163.0,936.0,1094.0,0,0.0129617861125433,,,
SC4441E0-PSG.edf,SC,EEG Fpz-Cz,100.0,7860000,-0.4445390822917504,35.390784339942144,35.39357612889628,-185.0,184.0,-98.58461538461538,101.45934065934068,0,0.0017480938270913,0.0,0.0,29.900866236411616
SC4441E0-PSG.edf,SC,EEG Pz-Oz,100.0,7860000,-0.5133167624515736,10.033326836724576,10.046449199152477,-192.6984126984127,179.48302808302807,-24.979242979242983,25.04566544566545,0,0.0044936443939496,0.0,0.0,8.075160714110154
SC4441E0-PSG.edf,SC,EOG horizontal,100.0,7860000,-4.127963368565251,78.7051643919968,78.813342674597,-506.4358974358974,469.5384615384616,-241.4102564102564,258.5641025641026,0,0.0068740545471431,0.0,0.0,50.665507514774646
SC4441E0-PSG.edf,SC,Resp oro-nasal,1.0,78600,32.84661577608143,221.58939737267943,224.0106274173812,-2142.0,2832.0,-696.0,785.0,0,0.0354330207763457,,,
SC4441E0-PSG.edf,SC,EMG submental,1.0,78600,2.545459821882952,0.9803126602369436,2.727705742311883,-4.08,4.276,-0.6740200000000001,3.212,0,0.0341989083830583,,,
SC4441E0-PSG.edf,SC,Temp rectal,1.0,78600,36.72877656727357,0.4839592345312382,36.731964889852975,34.47033441208198,39.77238403451995,35.26321467098166,37.5631067961165,0,0.0453313655390017,,,
SC4441E0-PSG.edf,SC,Event marker,1.0,78600,880.4609033078881,28.15959827954688,880.9110995038078,69.0,1005.0,818.0,936.0,0,0.0803572564536444,,,
SC4442E0-PSG.edf,SC,EEG Fpz-Cz,100.0,8334000,-0.3671710681607207,35.67711688949113,35.679006210090904,-181.0,180.0,-95.66471306471308,99.77777777777776,0,0.0015226800128149,0.0,0.0,36.818353155425925
SC4442E0-PSG.edf,SC,EEG Pz-Oz,100.0,8334000,0.0778856854528561,10.052954349492817,10.05325605627276,-168.1948717948718,166.1054945054945,-24.84542124542125,26.29890109890109,0,0.0038108997011035,0.0,0.0,8.570243344680488
SC4442E0-PSG.edf,SC,EOG horizontal,100.0,8334000,-0.6908764961220155,87.54776495754798,87.55049091464291,-577.7377289377289,510.2249084249085,-252.4087912087912,280.2827838827839,0,0.006442292347363,0.0,0.0,74.25913581747326
SC4442E0-PSG.edf,SC,Resp oro-nasal,1.0,83340,35.10069594432446,196.04598536375448,199.16346862068195,-2608.0,2553.0,-659.22,646.0,0,0.0763028114088242,,,
SC4442E0-PSG.edf,SC,EMG submental,1.0,83340,2.534508087353012,1.4720887084701593,2.931002628873465,-5.272,4.078,-1.034,3.732,0,0.0745989272729454,,,
SC4442E0-PSG.edf,SC,Temp rectal,1.0,83340,36.40137143792133,1.1417608341265215,36.4192731992809,19.87381818181818,39.22763636363637,35.097454545454546,38.108363636363634,0,0.0789666302691417,,,
SC4442E0-PSG.edf,SC,Event marker,1.0,83340,1059.16561075114,33.496709458115305,1059.695154533773,64.0,1186.0,991.39,1128.0,0,0.1830235543983009,,,
SC4451F0-PSG.edf,SC,EEG Fpz-Cz,100.0,8370000,-0.4532754939074055,25.6412551769782,25.645261272295304,-175.0,174.0,-71.791452991453,74.45616605616604,0,0.0019593810745293,0.0,0.0,21.9734360249732
SC4451F0-PSG.edf,SC,EEG Pz-Oz,100.0,8370000,-0.0163118095763457,11.9516816966444,11.951692827923432,-180.00000000000003,167.86813186813183,-31.7802197802198,33.45054945054943,0,0.0034372800923298,0.0,0.0,11.535833011633413
SC4451F0-PSG.edf,SC,EOG horizontal,100.0,8370000,-5.655267137328395,59.921235358989705,60.1875111077205,-482.4847374847376,484.4412698412698,-185.4722832722833,191.790231990232,0,0.0080872259106641,0.0,0.0,45.468783431715416
SC4451F0-PSG.edf,SC,Resp oro-nasal,1.0,83700,86.70536439665472,555.2869376225968,562.0154831581052,-1634.0,1748.0,-1420.0,1600.0,0,0.0109559253993476,,,
SC4451F0-PSG.edf,SC,EMG submental,1.0,83700,2.976388100358423,0.7370335201712397,3.066285135764649,-1.162,3.52,0.192,3.398,0,0.0159619589242404,,,
SC4451F0-PSG.edf,SC,Temp rectal,1.0,83700,14.306114404926866,0.0543082255112251,14.306217485772189,9.487296864271,15.09269855802243,14.26596475165942,14.344243533989472,0,0.0116369371199178,,,
SC4451F0-PSG.edf,SC,Event marker,1.0,83700,968.9658781362008,23.74619998473729,969.2568054989212,76.0,1092.0,913.0,1015.0,0,0.0226884431116261,,,
SC4452F0-PSG.edf,SC,EEG Fpz-Cz,100.0,8010000,-0.372609833922477,23.809952058457693,23.812867427388696,-196.0,195.0,-66.81245421245418,67.91306471306473,0,0.0021885170892847,0.0,0.0,23.144520237500053
SC4452F0-PSG.edf,SC,EEG Pz-Oz,100.0,8010000,-0.4330372866334425,10.162677171683969,10.17189896663752,-123.68131868131864,153.25714285714287,-27.71868131868129,27.85494505494508,0,0.0045280955406935,0.0,0.0,9.202921788393397
SC4452F0-PSG.edf,SC,EOG horizontal,100.0,8010000,-2.2866123399474985,56.051150225744045,56.09777212708297,-564.0207570207571,458.7894993894993,-174.83394383394386,186.58632478632475,0,0.0097390883134685,0.0,0.0,47.30345620232188
SC4452F0-PSG.edf,SC,Resp oro-nasal,1.0,80100,86.86595505617977,410.0160890202038,419.1167944657503,-1688.0,1779.0,-1265.0,1557.0,0,0.0102997540543577,,,
SC4452F0-PSG.edf,SC,EMG submental,1.0,80100,3.0822933583021226,0.7921231470757348,3.182450537992153,-0.886,3.684,0.254,3.5340000000000003,0,0.016067616324798,,,
SC4452F0-PSG.edf,SC,Temp rectal,1.0,80100,14.272201874002198,0.0419135922063364,14.272263418304874,9.971160448615244,14.872968642710005,14.220187685969329,14.315861753261617,0,0.0110987652779685,,,
SC4452F0-PSG.edf,SC,Event marker,1.0,80100,982.539700374532,30.32625483380377,983.0076014682286,88.0,1112.0,900.0,1039.0,0,0.0204871471553951,,,
SC4461F0-PSG.edf,SC,EEG Fpz-Cz,100.0,8088000,-0.111818523711719,21.120601837637647,21.120897835231045,-180.00000000000003,180.0,-76.61538461538464,59.29670329670328,0,0.0037648414501007,0.0,0.0,17.265129615636553
SC4461F0-PSG.edf,SC,EEG Pz-Oz,100.0,8088000,0.8773044905309206,9.95030455938958,9.988905044784186,-159.20073260073258,174.64542124542126,-26.29816849816848,27.93479853479856,0,0.004685960294214,0.0,0.0,8.456550054413032
SC4461F0-PSG.edf,SC,EOG horizontal,100.0,8088000,0.8699791335903594,70.09390684235599,70.09930556088095,-557.6747252747252,590.7306471306472,-222.1250305250305,243.51746031746035,0,0.0152856272077487,0.0,0.0,29.96853894748771
SC4461F0-PSG.edf,SC,Resp oro-nasal,1.0,80880,130.1057987141444,472.45253726837,490.0397114830246,-1820.0,1901.0,-1080.0,1367.0,0,0.0101633304071514,,,
SC4461F0-PSG.edf,SC,EMG submental,1.0,80880,2.6990994312561822,1.258781206375401,2.978198761891381,-0.102,3.836,0.126,3.742,0,0.0082716156233385,,,
SC4461F0-PSG.edf,SC,Temp rectal,1.0,80880,13.062339997527202,0.2310023665265155,13.064382431035146,2.342,13.378,12.894,13.248,0,0.0076286798798204,,,
SC4461F0-PSG.edf,SC,Event marker,1.0,80880,865.7951780415431,41.86114902529616,866.8065794153302,99.0,1000.0,796.0,950.0,0,0.0185709516685418,,,
SC4462F0-PSG.edf,SC,EEG Fpz-Cz,100.0,8568000,7.746071536563329,22.23928105378993,23.54967613448255,-184.00000000000003,199.0,-68.11794871794874,68.80899389499474,0,0.0035095745910067,0.0,0.0,21.409656343615808
SC4462F0-PSG.edf,SC,EEG Pz-Oz,100.0,8568000,-0.7858249092229501,12.106347351408022,12.131824552840332,-183.0,181.0,-35.44444444444444,32.55555555555556,0,0.0041993513064324,0.0,0.0,9.730057223580523
SC4462F0-PSG.edf,SC,EOG horizontal,100.0,8568000,-4.250068423608669,68.92963747949747,69.06053869367294,-658.2603174603173,628.2224664224665,-227.5289377289376,234.6148962148963,0,0.0146288686144591,0.0,0.0,36.34691217776211
SC4462F0-PSG.edf,SC,Resp oro-nasal,1.0,85680,156.47862978524742,445.1519520055068,471.85360224733,-1916.0,1992.0,-1060.21,1492.0,0,0.0114030275796869,,,
SC4462F0-PSG.edf,SC,EMG submental,1.0,85680,2.7468807422969186,1.2464787335570175,3.0164653231243315,-0.048,4.11,0.1995799999999999,3.806,0,0.0082050444099487,,,
SC4462F0-PSG.edf,SC,Temp rectal,1.0,85680,12.7775889589169,0.1761950756065857,12.778803711916977,3.9,14.98,12.577,13.007,0,0.0061391939681835,,,
SC4462F0-PSG.edf,SC,Event marker,1.0,85680,830.5140522875816,43.24247600031465,831.6390459675265,120.0,1016.0,760.0,938.0,0,0.0164917891198543,,,
SC4471F0-PSG.edf,SC,EEG Fpz-Cz,100.0,8220000,-0.5200678270634476,26.043374872649185,26.04856704892,-183.00000000000003,182.0,-71.67277167277167,70.67277167277167,0,0.001951340573407,0.0,0.0,21.45941661017823
SC4471F0-PSG.edf,SC,EEG Pz-Oz,100.0,8220000,-0.0830535417056584,9.839923939428983,9.84027443847667,-174.0622710622711,166.3758241758242,-24.176556776556776,24.98095238095238,0,0.0043199565936211,0.0,0.0,7.920270852472834
SC4471F0-PSG.edf,SC,EOG horizontal,100.0,8220000,0.5276091929211494,50.77540445949578,50.77814558927727,-547.6161172161172,484.631746031746,-154.71208791208792,162.7103785103785,0,0.0115730067798136,0.0,0.0,42.67180018007345
SC4471F0-PSG.edf,SC,Resp oro-nasal,1.0,82200,10.910024330900244,111.04969770047464,111.58433577464017,-1488.0,1600.0,-279.0,271.0,0,0.0105840703658195,,,
SC4471F0-PSG.edf,SC,EMG submental,1.0,82200,2.701011532846715,0.7829498872220729,2.8122008865783434,-3.026,48.55,0.496,3.212,0,0.0162045766980133,,,
SC4471F0-PSG.edf,SC,Temp rectal,1.0,82200,14.267258683302344,0.0975710343138896,14.267592314157396,6.345159075303273,16.028381780727855,14.19546807049668,14.355230029755091,0,0.0070682125086679,,,
SC4471F0-PSG.edf,SC,Event marker,1.0,82200,888.1843430656934,42.744085922862936,889.2122829495883,72.0,1104.0,808.0,997.0,0,0.0161315831092835,,,
SC4472F0-PSG.edf,SC,EEG Fpz-Cz,100.0,8370000,-0.8103897977397488,30.370059733470683,30.380869965141848,-201.8161172161172,176.5330891330891,-89.44590964590962,90.4056166056166,0,0.0032556789195686,0.0,0.0,23.72141292102127
SC4472F0-PSG.edf,SC,EEG Pz-Oz,100.0,8370000,0.1515887281601978,13.098467677672794,13.099344817415258,-181.2984126984127,155.92503052503054,-40.15897435897436,42.30451770451771,0,0.0055268883236419,0.0,0.0,8.09301016281734
SC4472F0-PSG.edf,SC,EOG horizontal,100.0,8370000,-2.179957724998984,50.03274333762491,50.08021187626336,-393.0417582417582,427.7890109890111,-153.99120879120875,158.8571428571429,0,0.0111911722714125,0.0,0.0,42.77303280035128
SC4472F0-PSG.edf,SC,Resp oro-nasal,1.0,83700,87.63652329749104,84.10340260138811,121.4641615654711,-1356.0,1555.0,-114.0,267.0,0,0.0175629338462825,,,
SC4472F0-PSG.edf,SC,EMG submental,1.0,83700,2.5742672162485065,0.502643434184522,2.622880501010415,-0.258,3.244,0.76,3.03,0,0.0097850631429288,,,
SC4472F0-PSG.edf,SC,Temp rectal,1.0,83700,14.314299229419396,0.0565715582633482,14.314411017242763,8.653696498054474,14.414282444495308,14.259555962462809,14.374914168001832,0,0.009546111662027,,,
SC4472F0-PSG.edf,SC,Event marker,1.0,83700,854.4317084826762,39.8575220337703,855.3608399519453,83.0,993.0,765.0,941.0,0,0.0185187397698897,,,
SC4481F0-PSG.edf,SC,EEG Fpz-Cz,100.0,8640000,8.174636567177698,33.58623755485749,34.56674754871736,-175.99999999999997,192.00000000000003,-75.88962148962148,102.49377289377291,0,0.0028252347514291,0.0,0.0,29.687343666708465
SC4481F0-PSG.edf,SC,EEG Pz-Oz,100.0,8640000,0.148527269027249,15.41288849435241,15.41360412392201,-175.3406593406594,155.2087912087912,-41.18681318681321,45.67032967032966,0,0.0032974575202054,0.0,0.0,11.305447140551038
SC4481F0-PSG.edf,SC,EOG horizontal,100.0,8640000,1.3316893849207658,88.31332568300317,88.3233654805459,-525.5714285714284,478.5714285714287,-264.142857142857,260.4285714285716,0,0.0098252428532903,0.0,0.0,73.96667638986185
SC4481F0-PSG.edf,SC,Resp oro-nasal,1.0,86400,104.42512731481482,508.8416134372044,519.4462385849884,-1515.0,1784.0,-1303.0,1585.0,0,0.0061806270905913,,,
SC4481F0-PSG.edf,SC,EMG submental,1.0,86400,2.781637361111111,0.9065212151367648,2.92562593682484,0.038,3.5540000000000003,0.224,3.428,0,0.0107177166402388,,,
SC4481F0-PSG.edf,SC,Temp rectal,1.0,86400,13.35983230324074,0.0834872601476632,13.360093161850395,6.19,15.419,13.204,13.487,0,0.0104283614393685,,,
SC4481F0-PSG.edf,SC,Event marker,1.0,86400,974.5911342592592,35.59586762208517,975.2409675400836,99.0,1095.0,894.0,1049.0,0,0.0194215210824199,,,
SC4482F0-PSG.edf,SC,EEG Fpz-Cz,100.0,8640000,0.6564902071462602,29.78265644768212,29.789890977859223,-185.0,186.0,-78.0034188034188,90.23760683760683,0,0.0018194465502853,0.0,0.0,30.00941620967509
SC4482F0-PSG.edf,SC,EEG Pz-Oz,100.0,8640000,0.0921424716795549,18.60306178084301,18.603289974005914,-183.0,179.24615384615385,-49.29157509157509,55.27985347985348,0,0.0023981509237857,0.0,0.0,17.693704505294203
SC4482F0-PSG.edf,SC,EOG horizontal,100.0,8640000,-0.6035490679689741,91.25419684744776,91.25619274191855,-490.0087912087911,439.6967032967034,-277.33406593406585,270.6593406593407,0,0.0086134358951804,0.0,0.0,102.35545034779268
SC4482F0-PSG.edf,SC,Resp oro-nasal,1.0,86400,73.1762962962963,417.9842739800337,424.341399858957,-1481.0,1667.0,-1133.01,1281.0,0,0.0065510017477054,,,
SC4482F0-PSG.edf,SC,EMG submental,1.0,86400,2.680853981481482,0.937700232924542,2.840116159042065,-0.948,3.452,0.22,3.31,0,0.012025602148173,,,
SC4482F0-PSG.edf,SC,Temp rectal,1.0,86400,13.419925960648149,0.054899887144257,13.420038255790724,6.337,14.987,13.306,13.513,0,0.0112385560018055,,,
SC4482F0-PSG.edf,SC,Event marker,1.0,86400,958.6618171296296,26.30783743653075,959.0227223235488,108.0,1078.0,894.0,1018.0,0,0.0213775622403037,,,
SC4491G0-PSG.edf,SC,EEG Fpz-Cz,100.0,8400000,-0.0019729178440417,24.93009813764384,24.930098215710206,-170.99999999999997,171.0,-76.54285714285712,69.86153846153847,0,0.001959526142293,0.0,0.0,24.076940432955645
SC4491G0-PSG.edf,SC,EEG Pz-Oz,100.0,8400000,-0.0614620073260073,12.66087470682987,12.6610238891011,-177.0,177.0,-33.065934065934066,33.41172161172161,0,0.0035083375099256,0.0,0.0,11.68497522173839
SC4491G0-PSG.edf,SC,EOG horizontal,100.0,8400000,0.5797516001512198,93.68629068057672,93.68808447931563,-754.4349206349206,683.7360195360196,-285.24737484737483,307.6312576312577,0,0.0084988196414519,0.0036172695449241,0.0,101.11744632698982
SC4491G0-PSG.edf,SC,Resp oro-nasal,1.0,84000,21.741333333333333,34.002285933425306,40.35890265863932,-173.0,225.0,-56.0,124.0,0,0.0247860093572542,,,
SC4491G0-PSG.edf,SC,EMG submental,1.0,84000,3.98269561904762,1.0517193147276909,4.119220546529693,0.352,4.8420000000000005,0.55,4.684,0,0.011178704508387,,,
SC4491G0-PSG.edf,SC,Temp rectal,1.0,84000,12.971511238095236,0.1290351998575452,12.972153016474689,1.218,13.204,12.839,13.086,0,0.0116906153644686,,,
SC4491G0-PSG.edf,SC,Event marker,1.0,84000,1144.4146547619048,45.3995348413327,1145.314812528686,91.0,1299.0,982.0,1225.0,0,0.0197145204109572,,,
SC4492G0-PSG.edf,SC,EEG Fpz-Cz,100.0,6408000,0.0762127580146113,21.94084665064242,21.940979014882,-173.00000000000003,173.0,-64.84859584859588,64.67960927960927,0,0.0025140488671174,0.0,0.0,17.695215334507044
SC4492G0-PSG.edf,SC,EEG Pz-Oz,100.0,6408000,0.0175759686838338,13.129520816999229,13.129532581119989,-177.0,177.0,-34.1032967032967,35.31355311355311,0,0.0032943247414555,0.0,0.0,10.584425134944102
SC4492G0-PSG.edf,SC,EOG horizontal,100.0,6408000,-2.8885340993553195,66.2216039984393,66.2845718502372,-627.3892551892551,569.519413919414,-212.6043956043956,225.1697191697192,0,0.0100093789160095,0.0,0.0,62.11028307426551
SC4492G0-PSG.edf,SC,Resp oro-nasal,1.0,64080,13.39185393258427,28.78308673867138,31.745989257818906,-119.0,210.0,-40.0,118.0,0,0.0308057241842101,,,
SC4492G0-PSG.edf,SC,EMG submental,1.0,64080,3.4600611111111115,0.4507221173870731,3.48929410049158,-0.794,3.85,1.156,3.704,0,0.0251876589834423,,,
SC4492G0-PSG.edf,SC,Temp rectal,1.0,64080,13.245047284644194,0.1897805981872415,13.246406842910604,2.955,15.127,13.132,13.352,0,0.015246804725417,,,
SC4492G0-PSG.edf,SC,Event marker,1.0,64080,964.8384831460676,32.99121821178185,965.402361214588,96.0,1102.0,898.0,1031.0,0,0.0267794441236598,,,
SC4501E0-PSG.edf,SC,EEG Fpz-Cz,100.0,8250000,3.4056595015355025,20.275477957210324,20.55951174113144,-165.0,160.80781440781442,-53.736507936507934,62.793894993895,0,0.0030678825065242,0.0,0.0,19.20848184999496
SC4501E0-PSG.edf,SC,EEG Pz-Oz,100.0,8250000,0.39252511748991,25.48386181878456,25.48688465008553,-167.7785103785104,174.06251526251526,-71.64371184371186,79.03565323565323,0,0.0045793994901812,0.0,0.0,15.55599357206872
SC4501E0-PSG.edf,SC,EOG horizontal,100.0,8250000,1.4302945630369823,55.44006567638323,55.45851264448712,-505.30842490842485,466.5206349206349,-179.8481074481074,173.37875457875458,0,0.0123988029076398,0.0,0.0,50.731594963513146
SC4501E0-PSG.edf,SC,Resp oro-nasal,1.0,82500,-63.49911515151515,86.68124825599274,107.4512746515481,-1749.0,1926.0,-126.0,12.0,0,0.0217214754118231,,,
SC4501E0-PSG.edf,SC,EMG submental,1.0,82500,2.7927542303030304,1.1147210537375445,3.007005024691713,-0.88,3.766,0.392,3.654,0,0.0094304173383919,,,
SC4501E0-PSG.edf,SC,Temp rectal,1.0,82500,13.940908860606063,0.5713626902014314,13.95261248596401,13.323,15.895,13.431,15.633,0,0.0156971599655753,,,
SC4501E0-PSG.edf,SC,Event marker,1.0,82500,1086.1041454545457,25.144666325751643,1086.3951716655324,142.0,1196.0,1032.0,1139.0,0,0.0208366162014085,,,
SC4502E0-PSG.edf,SC,EEG Fpz-Cz,100.0,8310000,0.0428388929001203,25.131320433155523,25.131356944754984,-182.0,182.0,-76.75555555555556,71.6888888888889,0,0.0023465732209064,0.0,0.0,21.50703640312686
SC4502E0-PSG.edf,SC,EEG Pz-Oz,100.0,8310000,0.9770769304822936,11.917425364314637,11.957412205075585,-178.0051282051282,164.65274725274728,-31.93040293040291,35.474725274725294,0,0.0041793070749784,0.0,0.0,8.849536928922987
SC4502E0-PSG.edf,SC,EOG horizontal,100.0,8310000,4.309178345697669,68.7307145481851,68.86566735550541,-571.1316239316238,554.096214896215,-225.18778998779,222.71843711843715,0,0.0099699277616459,0.0,0.0,30.500633153074983
SC4502E0-PSG.edf,SC,Resp oro-nasal,1.0,83100,-94.77283995186522,331.6975883891805,344.97127610243155,-2099.0,2155.0,-1685.0,1787.0,0,0.0245610657167956,,,
SC4502E0-PSG.edf,SC,EMG submental,1.0,83100,2.819617039711192,1.1203776649908057,3.0340544429591163,-2.766,3.986,0.52,3.792,0,0.0096631728420317,,,
SC4502E0-PSG.edf,SC,Temp rectal,1.0,83100,14.191135270758124,0.6468065883994134,14.205867767783568,12.888,15.975,13.153,15.605,0,0.0207583725435925,,,
SC4502E0-PSG.edf,SC,Event marker,1.0,83100,1065.765463297232,35.86978369640318,1066.368915591406,94.0,1204.0,971.0,1137.0,0,0.0224310761862356,,,
SC4511E0-PSG.edf,SC,EEG Fpz-Cz,100.0,8136000,-2.620048062696086,22.78287956680289,22.93303846432657,-193.00000000000003,188.0,-67.02344322344324,64.44249084249083,0,0.0032706529875282,0.0,0.0,23.006799219367046
SC4511E0-PSG.edf,SC,EEG Pz-Oz,100.0,8136000,0.3623235403512512,6.3522531334519945,6.36257795389128,-200.00000000000003,138.42637362637362,-15.706471306471324,16.902319902319885,0,0.0077003536140039,0.0,0.0,6.21287202304959
SC4511E0-PSG.edf,SC,EOG horizontal,100.0,8136000,-0.188597733854216,63.662438555906455,63.66271791236829,-488.8336996336997,495.6446886446886,-193.92600732600732,209.93772893772888,0,0.0129756796652896,0.0,0.0,59.81008232775617
SC4511E0-PSG.edf,SC,Resp oro-nasal,1.0,81360,203.2469395280236,338.5329926910205,394.85934909515134,-1856.0,2032.0,-693.0,1183.4100000000035,0,0.0050885581189542,,,
SC4511E0-PSG.edf,SC,EMG submental,1.0,81360,2.360986996066864,1.0638650982268356,2.589607797104037,-0.06,4.072,0.106,3.818,0,0.0043633771309873,,,
SC4511E0-PSG.edf,SC,Temp rectal,1.0,81360,36.25593751150233,0.4838738313098679,36.25916627175241,34.847058823529416,37.54652406417112,35.07870588235294,37.10374331550802,0,0.0124386976241104,,,
SC4511E0-PSG.edf,SC,Event marker,1.0,81360,947.9727507374632,38.933617613658,948.7719234469572,140.0,1110.0,861.0,1035.0,0,0.0133605378630514,,,
SC4512E0-PSG.edf,SC,EEG Fpz-Cz,100.0,8250000,-2.3436925330965326,24.629632317587195,24.740890905325703,-189.0,181.08522588522587,-74.59511599511599,70.32380952380952,0,0.0030278824580393,0.0,0.0,22.468849784295813
SC4512E0-PSG.edf,SC,EEG Pz-Oz,100.0,8250000,-1.3501440101528228,6.541718494428825,6.679593528688979,-144.5750915750916,150.56410256410257,-18.129670329670343,16.228327228327217,0,0.0076278880338036,0.0,0.0,5.813401467335016
SC4512E0-PSG.edf,SC,EOG horizontal,100.0,8250000,-3.733012703859096,63.45091727362255,63.56063472552222,-517.5555555555555,506.3003663003663,-202.28009768009767,205.00708180708185,0,0.0101333456161765,0.0,0.0,49.34880073033969
SC4512E0-PSG.edf,SC,Resp oro-nasal,1.0,82500,179.6496606060606,309.92881886868696,358.2315917408906,-1946.0,2089.0,-876.01,1254.0099999999948,0,0.0091758687984096,,,
SC4512E0-PSG.edf,SC,EMG submental,1.0,82500,2.5225142303030306,1.0518633330301308,2.7330375982511743,-0.402,4.186,0.166,3.924,0,0.00552733972533,,,
SC4512E0-PSG.edf,SC,Temp rectal,1.0,82500,36.38029811240444,0.2516750856658634,36.38116863290901,34.77471636952998,37.51701782820097,35.94488384656942,36.801728795245815,0,0.014194111443775,,,
SC4512E0-PSG.edf,SC,Event marker,1.0,82500,905.953793939394,55.157412190433824,907.6313221086672,117.0,1069.0,778.0,1008.0,0,0.0148607861913477,,,
SC4522E0-PSG.edf,SC,EEG Fpz-Cz,100.0,8322000,3.4050993556658264,24.681695983976567,24.91547347066476,-160.55604395604396,144.43101343101344,-62.78901098901099,75.87887667887668,0,0.003334538974452,0.0,0.0,26.763566841200063
SC4522E0-PSG.edf,SC,EEG Pz-Oz,100.0,8322000,0.8886847606077604,7.344257746086479,7.397829576618248,-141.35555555555555,138.2888888888889,-19.666666666666668,20.866666666666667,0,0.0074801820237707,0.0,0.0,5.904332955451357
SC4522E0-PSG.edf,SC,EOG horizontal,100.0,8322000,6.41041547845723,67.37811445345018,67.68237387908812,-571.893772893773,571.3589743589743,-191.26373626373632,214.3479853479853,0,0.0121929971076629,0.0,0.0,67.30795828356574
SC4522E0-PSG.edf,SC,Resp oro-nasal,1.0,83220,62.31986301369863,253.98620535101696,261.5200906902855,-1407.0,1590.0,-742.0,1009.8099999999976,0,0.0163784712625722,,,
SC4522E0-PSG.edf,SC,EMG submental,1.0,83220,2.719069718817592,0.5143278777856366,2.767286270276036,-0.61,3.202,0.372,3.072,0,0.0104062774126101,,,
SC4522E0-PSG.edf,SC,Temp rectal,1.0,83220,14.20778968997837,0.6236747442406411,14.221471726275706,13.232,15.589,13.427,15.142,0,0.019238395078047,,,
SC4522E0-PSG.edf,SC,Event marker,1.0,83220,905.0018625330448,23.490712782161967,905.306679957292,101.0,991.0,859.0,953.0,0,0.0255710835265984,,,
SC4531E0-PSG.edf,SC,EEG Fpz-Cz,100.0,7806000,-7.121646173679998,28.925769847657428,29.789562022673937,-185.23492063492063,185.15238095238087,-82.32698412698413,72.8984126984127,0,0.0034127637878091,0.0,0.0,23.930141124869618
SC4531E0-PSG.edf,SC,EEG Pz-Oz,100.0,7806000,-0.122842300950679,10.237487751157785,10.23822473312676,-158.995115995116,154.47301587301587,-29.201221001221004,29.586080586080588,0,0.0061773074267325,0.0,0.0,8.597549653006222
SC4531E0-PSG.edf,SC,EOG horizontal,100.0,7806000,-0.5690025142676951,67.7726183504509,67.77500691211418,-486.7326007326007,490.5567765567765,-200.7692307692308,219.8901098901099,0,0.0115654772809086,0.0,0.0,51.97973657008927
SC4531E0-PSG.edf,SC,Resp oro-nasal,1.0,78060,88.33870099923136,347.16075332738336,358.2238333012865,-1384.0,1643.0,-1023.0,1248.0,0,0.0119524974698625,,,
SC4531E0-PSG.edf,SC,EMG submental,1.0,78060,2.16255969766846,0.9412469363119812,2.358518653964092,-0.248,3.232,0.174,3.1,0,0.0077249260174995,,,
SC4531E0-PSG.edf,SC,Temp rectal,1.0,78060,36.62997476149737,0.438550281463015,36.63259992653136,34.350307778399554,38.17011751538893,35.28595411303861,37.54001119194181,0,0.021406884536056,,,
SC4531E0-PSG.edf,SC,Event marker,1.0,78060,888.0368946963874,28.04119616452937,888.479507374447,-114.0,1010.0,837.0,957.0,0,0.0246736442947001,,,
SC4532E0-PSG.edf,SC,EEG Fpz-Cz,100.0,8232000,0.1805852522275262,25.156924685246125,25.157572829119783,-155.1916971916972,148.45079365079366,-68.36483516483517,76.11184371184372,0,0.0035762920022983,0.0,0.0,26.12210238084801
SC4532E0-PSG.edf,SC,EEG Pz-Oz,100.0,8232000,-0.3552268514365476,8.236142328069421,8.24379927971311,-188.95311355311355,154.17948717948718,-23.15531135531136,22.899633699633696,0,0.0076773659831948,0.0,0.0,7.140965387756511
SC4532E0-PSG.edf,SC,EOG horizontal,100.0,8232000,-1.1125522250344375,73.27130770101734,73.27975371595215,-507.3794871794872,464.4080586080586,-211.09670329670328,233.5772893772894,0,0.0114237262192981,0.0,0.0,64.31050595646848
SC4532E0-PSG.edf,SC,Resp oro-nasal,1.0,82320,68.27107628765792,325.9852116819616,333.0574996795727,-1308.0,1548.0,-954.0,1079.0,0,0.0138607125936904,,,
SC4532E0-PSG.edf,SC,EMG submental,1.0,82320,2.615393683187561,0.3549807405484025,2.6393740629584297,-0.836,2.998,1.188,2.868,0,0.013107545038205,,,
SC4532E0-PSG.edf,SC,Temp rectal,1.0,82320,36.80385118459596,0.4537872261817812,36.80664865027147,35.167650531286895,38.53955135773317,35.259740259740255,37.96458087367178,0,0.021708232607296,,,
SC4532E0-PSG.edf,SC,Event marker,1.0,82320,857.9730563654033,25.2375603778724,858.3441616873841,90.0,945.0,810.0,905.0,0,0.0263608644419878,,,
SC4541F0-PSG.edf,SC,EEG Fpz-Cz,100.0,8220000,-0.6005204005240444,22.27648585547973,22.28457867721164,-192.3418803418804,183.8205128205128,-69.17948717948717,68.36752136752138,0,0.0035936783378081,0.0,0.0,16.54142626239588
SC4541F0-PSG.edf,SC,EEG Pz-Oz,100.0,8220000,-0.1067518628438336,6.578189825435934,6.579055961130705,-166.56776556776558,161.77899877899878,-17.03174603174603,17.483516483516482,0,0.0079866277209582,0.0,0.0,4.997930121236003
SC4541F0-PSG.edf,SC,EOG horizontal,100.0,8220000,-0.5654394142759103,47.2542920990064,47.257674969357446,-514.3956043956044,490.7765567765568,-156.021978021978,156.47619047619048,0,0.017299291118359,0.0,0.0,32.00627825608958
SC4541F0-PSG.edf,SC,Resp oro-nasal,1.0,82200,110.45413625304136,370.695292808836,386.8011327879406,-1822.0,2009.0,-1240.0,1408.0,0,0.0141607562135792,,,
SC4541F0-PSG.edf,SC,EMG submental,1.0,82200,2.6049014598540152,1.4243167609236334,2.9688701303690546,-0.23,4.14,0.134,3.94,0,0.0078954731809389,,,
SC4541F0-PSG.edf,SC,Temp rectal,1.0,82200,14.075139494748164,0.0945552001114018,14.075457096751345,6.361181048294804,14.94895857175555,14.001373311970704,14.168001831082629,0,0.0078954731809389,,,
SC4541F0-PSG.edf,SC,Event marker,1.0,82200,928.280097323601,38.94580629191999,929.0967198924136,100.0,1127.0,851.0,1019.0,0,0.0178834292387985,,,
SC4542F0-PSG.edf,SC,EEG Fpz-Cz,100.0,8040000,2.885515074080165,33.975250764781435,34.09756386858928,-188.0,194.00000000000003,-106.84249084249085,116.4805860805861,0,0.0032587105207842,0.0,0.0,31.43198414695684
SC4542F0-PSG.edf,SC,EEG Pz-Oz,100.0,8040000,0.8816139692259208,9.105657342988732,9.148236925148964,-183.0,185.0,-22.499877899877887,25.128937728937743,0,0.0056716488453343,0.0,0.0,7.822372145749027
SC4542F0-PSG.edf,SC,EOG horizontal,100.0,8040000,3.303153072245617,67.89890478702574,67.97920337497546,-733.8888888888889,622.4188034188035,-221.30769230769232,222.3675213675214,0,0.0121965325827519,8.33472245374229e-06,0.0,46.77383807750379
SC4542F0-PSG.edf,SC,Resp oro-nasal,1.0,80400,86.0524751243781,741.3066673078812,746.2845325143414,-1858.0,2094.0,-1677.0,1985.0,0,0.0130971778255948,,,
SC4542F0-PSG.edf,SC,EMG submental,1.0,80400,2.778843706467662,1.378572722057198,3.1020050120809164,-1.298,4.122,0.192,3.984,0,0.0094155399942785,,,
SC4542F0-PSG.edf,SC,Temp rectal,1.0,80400,14.236860353758786,0.0558594435416499,14.236969937801428,7.826504921034561,15.755092698558023,14.180819409475852,14.290684367132068,0,0.0111071033221806,,,
SC4542F0-PSG.edf,SC,Event marker,1.0,80400,1062.480907960199,40.37355587019143,1063.2477151602689,113.0,1205.0,968.0,1153.0,0,0.0199878107936665,,,
SC4551F0-PSG.edf,SC,EEG Fpz-Cz,100.0,8316000,-0.073251463527654,18.773800828077864,18.773943733516564,-174.0,174.0,-60.71941391941392,54.345787545787545,0,0.0032046695582847,0.0,0.0,16.9139356935216
SC4551F0-PSG.edf,SC,EEG Pz-Oz,100.0,8316000,0.3584466640355633,10.811583633929448,10.81752396273792,-162.6222222222222,148.76410256410256,-30.348717948717937,30.262444444445297,0,0.0042785044234059,0.0,0.0,7.183127849456254
SC4551F0-PSG.edf,SC,EOG horizontal,100.0,8316000,-0.2762745245348421,60.64216930380285,60.64279862839445,-545.3699633699633,554.0380952380953,-187.0871794871795,197.68156288156288,0,0.0146031921635307,0.0,0.0,53.43375040998819
SC4551F0-PSG.edf,SC,Resp oro-nasal,1.0,83160,73.51259018759019,214.13717335896249,226.4041296669629,-1830.0,1959.0,-665.41,823.4100000000035,0,0.0236534830866172,,,
SC4551F0-PSG.edf,SC,EMG submental,1.0,83160,3.493132467532467,1.0321305324132244,3.642426096939933,-2.144,4.426,-0.716,4.058,0,0.0239060113757981,,,
SC4551F0-PSG.edf,SC,Temp rectal,1.0,83160,13.119984740259742,0.2682343800326464,13.122726441836694,2.528,17.61,12.967,14.956640000000014,0,0.019637080772977,,,
SC4551F0-PSG.edf,SC,Event marker,1.0,83160,962.589405964406,34.14678006172925,963.1948749155032,71.0,1099.0,887.0,1035.0,0,0.0483772051130966,,,
SC4552F0-PSG.edf,SC,EEG Fpz-Cz,100.0,8430000,0.2344722643272107,14.646958466652936,14.64883509247732,-149.75164835164836,169.86153846153846,-48.934065934065934,42.052014652014655,0,0.0049513700490747,0.0,0.0,15.541952758982172
SC4552F0-PSG.edf,SC,EEG Pz-Oz,100.0,8430000,-0.7742105513624562,8.529353372901891,8.564418890833975,-119.29621489621492,151.16385836385837,-24.043467643467665,23.101831501831484,0,0.0058837554967443,0.0,0.0,8.819596190900759
SC4552F0-PSG.edf,SC,EOG horizontal,100.0,8430000,-1.8601250406637488,61.422026645507465,61.45018651239658,-535.3919413919413,513.921855921856,-199.02808302808293,197.89010989010995,0,0.0142396372949434,0.0,0.0,63.80699443345728
SC4552F0-PSG.edf,SC,Resp oro-nasal,1.0,84300,137.2738434163701,127.47310861598308,187.33259595309173,-1826.0,2029.0,-221.0,480.0,0,0.0115896985729368,,,
SC4552F0-PSG.edf,SC,EMG submental,1.0,84300,2.819357912218268,1.4020508135446588,3.1487339552507434,-0.5,4.46,0.312,4.146,0,0.0075327109455628,,,
SC4552F0-PSG.edf,SC,Temp rectal,1.0,84300,13.00645540925267,0.0656150614692831,13.006620915870872,6.275,13.244,12.884,13.116,0,0.0082207380870472,,,
SC4552F0-PSG.edf,SC,Event marker,1.0,84300,1035.8081138790037,30.236267737857176,1036.249333251556,121.0,1198.0,973.0,1106.0,0,0.0182089941754943,,,
SC4561F0-PSG.edf,SC,EEG Fpz-Cz,100.0,8112000,-0.3979978178215768,23.54065454123469,23.54401874134372,-182.0,181.0,-71.81465201465204,72.94212454212453,0,0.0029302304366746,0.0,0.0,19.86484255708978
SC4561F0-PSG.edf,SC,EEG Pz-Oz,100.0,8112000,-0.4539809489491553,8.699238240071894,8.711075975993886,-198.00000000000003,181.3736263736264,-23.794871794871806,23.56654456654456,0,0.0060318121693937,0.0,0.0,7.293243224479138
SC4561F0-PSG.edf,SC,EOG horizontal,100.0,8112000,-2.4001071263001985,66.23726337770047,66.28073305255894,-550.5758241758242,615.6669108669108,-222.59731379731383,224.88400488400487,0,0.0117714642153158,0.0,0.0,60.02795189937217
SC4561F0-PSG.edf,SC,Resp oro-nasal,1.0,81120,39.88597140039448,376.35514819702087,378.4627964396958,-1841.0,2054.0,-892.81,1203.0,0,0.0123768784131954,,,
SC4561F0-PSG.edf,SC,EMG submental,1.0,81120,3.1969402859960554,1.2041402200371687,3.416193914539352,-0.258,4.08,0.148,3.982,0,0.0131904979104772,,,
SC4561F0-PSG.edf,SC,Temp rectal,1.0,81120,14.162059091013743,0.0683792122575569,14.162224169036232,8.101625085831998,15.00480659189746,14.114900434882124,14.211490043488212,0,0.0088265387886931,,,
SC4561F0-PSG.edf,SC,Event marker,1.0,81120,1057.9018737672584,26.874633825125105,1058.2431764313487,123.0,1189.0,1000.0,1117.0,0,0.0173695435101517,,,
SC4562F0-PSG.edf,SC,EEG Fpz-Cz,100.0,8400000,0.198455349962207,19.04607207728132,19.0471059769962,-185.27057387057383,156.803663003663,-59.997313797313794,61.5997557997558,0,0.0105226315745613,0.0,0.0,12.467181643417746
SC4562F0-PSG.edf,SC,EEG Pz-Oz,100.0,8400000,0.6766839743589906,7.871202838766321,7.900236409763782,-192.0,178.8974358974359,-20.230769230769216,21.888888888888903,0,0.0116952520181571,0.0,0.0,6.59094434389986
SC4562F0-PSG.edf,SC,EOG horizontal,100.0,8400000,2.943789396825371,59.01335267446582,59.08673023525456,-541.2212454212454,523.6666666666666,-196.34798534798537,214.5648351648352,0,0.0203035955995185,0.0,0.0,32.69027453111986
SC4562F0-PSG.edf,SC,Resp oro-nasal,1.0,84000,56.19772619047619,264.0687423796551,269.98237929715407,-1518.0,1733.0,-680.0,913.0099999999948,0,0.1902284551006559,,,
SC4562F0-PSG.edf,SC,EMG submental,1.0,84000,2.1173879523809527,1.3876928397841464,2.531604858281835,-1.15,3.5340000000000003,-0.986,3.414,0,0.1881570018690698,,,
SC4562F0-PSG.edf,SC,Temp rectal,1.0,84000,14.38853764618688,0.2959231611148578,14.391580389693877,8.928816662851911,15.012130922407874,14.203707942320897,15.00572213321126,0,0.1882522410981083,,,
SC4562F0-PSG.edf,SC,Event marker,1.0,84000,962.0631071428572,34.9118734866186,962.6963493416364,114.0,1089.0,889.0,1012.0,0,0.2013833498017833,,,
SC4571F0-PSG.edf,SC,EEG Fpz-Cz,100.0,8550000,0.8907657235967561,22.81565516520052,22.83303712149737,-165.13553113553112,155.54139194139196,-58.7145299145299,68.16117216117217,0,0.0034152086727586,0.0,0.0,23.20647263253525
SC4571F0-PSG.edf,SC,EEG Pz-Oz,100.0,8550000,0.894117558740166,10.07558633815264,10.115180980408384,-176.99999999999997,154.3103785103785,-28.60146520146519,30.42759462759464,0,0.0084666765692123,0.0,0.0,10.908363408959836
SC4571F0-PSG.edf,SC,EOG horizontal,100.0,8550000,1.3979037235253455,59.02937719737204,59.04592710026552,-609.4925518925519,548.3467643467644,-188.58608058608056,184.731623931624,0,0.0133719454642637,0.0,0.0,45.89254076419269
SC4571F0-PSG.edf,SC,Resp oro-nasal,1.0,85500,137.6200701754386,301.95809577910774,331.8402858629998,-1587.0,1765.0,-884.0,1084.0,0,0.0139182914420051,,,
SC4571F0-PSG.edf,SC,EMG submental,1.0,85500,3.129769192982456,0.4928066497383799,3.168329780084204,-0.898,3.674,1.314,3.5420000000000003,0,0.0109591925051755,,,
SC4571F0-PSG.edf,SC,Temp rectal,1.0,85500,13.272193064327483,0.0634125844030061,13.272344551458996,6.336,13.996,13.174,13.353,0,0.0113100738020327,,,
SC4571F0-PSG.edf,SC,Event marker,1.0,85500,959.3737192982456,36.86003454626183,960.0815566538608,99.0,1077.0,894.0,1038.0,0,0.0245850828664662,,,
SC4572F0-PSG.edf,SC,EEG Fpz-Cz,100.0,8640000,0.550506135333288,25.22102882067357,25.227036127501915,-180.0,181.0,-69.18754578754579,79.0913308913309,0,0.0023379656689417,0.0,0.0,22.08474594534905
SC4572F0-PSG.edf,SC,EEG Pz-Oz,100.0,8640000,-0.5078554392777924,10.34481960910508,10.357278112135878,-153.8114774114774,145.22564102564104,-35.45518925518925,35.144810744810755,0,0.0115497818863216,0.0,0.0,3.87111020125886
SC4572F0-PSG.edf,SC,EOG horizontal,100.0,8640000,0.4069388007054672,62.404930384046864,62.406257181674114,-547.6625152625153,510.6993894993895,-201.42564102564103,193.47155067155063,0,0.010818299558217,0.0,0.0,50.247435738077385
SC4572F0-PSG.edf,SC,Resp oro-nasal,1.0,86400,97.6011574074074,143.42993070418933,173.48812913013407,-1407.0,1545.0,-394.01,483.0,0,0.0437505063716015,,,
SC4572F0-PSG.edf,SC,EMG submental,1.0,86400,2.497108935185185,0.9479018779231122,2.6709681773379206,-3.244,3.2880000000000003,-0.23,3.14,0,0.0429981828493385,,,
SC4572F0-PSG.edf,SC,Temp rectal,1.0,86400,13.532769606481482,0.3168672565309,13.53647879178224,7.839,17.313,13.378,15.131,0,0.0402782439611569,,,
SC4572F0-PSG.edf,SC,Event marker,1.0,86400,865.7774652777778,23.787104136586542,866.1041771669378,106.0,988.0,805.0,918.0,0,0.0991446660262271,,,
SC4581G0-PSG.edf,SC,EEG Fpz-Cz,100.0,8214000,0.1697814095057535,30.08321537644919,30.08369447246865,-178.99999999999997,179.0,-84.75726495726494,100.66837606837608,0,0.0020550305028372,0.0,0.0,24.665237899499004
SC4581G0-PSG.edf,SC,EEG Pz-Oz,100.0,8214000,-0.3597742120499068,16.546799254411283,16.55071004668507,-181.0,180.0,-46.64981684981687,48.73528693528692,0,0.0041392794488427,0.0,0.0,9.04950222158526
SC4581G0-PSG.edf,SC,EOG horizontal,100.0,8214000,27.081971535895963,79.43857785751496,83.9280694064599,-715.2940170940169,714.5824175824176,-239.8087912087911,288.270573870574,0,0.0091928526818269,0.0,0.0,47.322790428694105
SC4581G0-PSG.edf,SC,Resp oro-nasal,1.0,82140,108.20225225225224,34.78978524413465,113.65762864758808,-1021.0,444.0,30.0,207.0,0,0.0195887459063295,,,
SC4581G0-PSG.edf,SC,EMG submental,1.0,82140,2.605509812515218,1.0611887386416508,2.813325953765924,-1.602,4.3260000000000005,0.45,4.156,0,0.0066959665932139,,,
SC4581G0-PSG.edf,SC,Temp rectal,1.0,82140,13.467736851716582,0.0861998424855402,13.468012708634092,5.946,16.649,13.348,13.677,0,0.0117483777499117,,,
SC4581G0-PSG.edf,SC,Event marker,1.0,82140,1077.0794010226443,90.26259274052111,1080.854926322464,118.0,1293.0,866.0,1231.0,0,0.0180547608322477,,,
SC4582G0-PSG.edf,SC,EEG Fpz-Cz,100.0,7902000,0.0414405348300564,39.903450664761344,39.90347218316936,-186.0,186.0,-116.77802197802195,133.03882783882784,0,0.002123515721989,0.0,0.0,42.65519451337627
SC4582G0-PSG.edf,SC,EEG Pz-Oz,100.0,7902000,0.4696288114568328,10.009119656048114,10.020131112397632,-168.59340659340657,162.63369963369962,-26.743589743589737,28.93406593406593,0,0.0046102310936865,0.0,0.0,7.422339913108285
SC4582G0-PSG.edf,SC,EOG horizontal,100.0,7902000,1.815172286702696,64.40315532981188,64.4287301354473,-646.9919413919413,558.5125763125765,-215.98339438339423,213.26593406593412,0,0.0131498521258569,8.33472245374229e-06,0.0,54.82887739308809
SC4582G0-PSG.edf,SC,Resp oro-nasal,1.0,79020,98.39421665401164,23.7109317818958,101.21082035495166,-40.0,1466.0,46.0,161.0,0,0.0251964717346461,,,
SC4582G0-PSG.edf,SC,EMG submental,1.0,79020,3.0846036446469247,0.7218223021396891,3.167934197617642,-1.202,3.94,0.3431400000000003,3.608,0,0.012781736038168,,,
SC4582G0-PSG.edf,SC,Temp rectal,1.0,79020,13.337156593267528,0.1101280122065925,13.3376112618569,0.598,16.7,13.23,13.426,0,0.0123261494071046,,,
SC4582G0-PSG.edf,SC,Event marker,1.0,79020,989.6545051885598,34.545062374000715,990.2572397990518,67.0,1114.0,910.0,1051.0,0,0.0233867803945886,,,
SC4591G0-PSG.edf,SC,EEG Fpz-Cz,100.0,8460000,-0.4702615670381711,38.72902733654813,38.7318822725739,-173.00000000000003,172.0,-123.04029304029304,124.56776556776556,0,0.0032529589278474,0.0,0.0,21.343872306123167
SC4591G0-PSG.edf,SC,EEG Pz-Oz,100.0,8460000,-0.0139182855757323,17.393060107399286,17.393065676248042,-201.0,201.0,-60.32454212454213,64.15311355311356,0,0.0059456335054769,0.0,0.0,10.967583517903744
SC4591G0-PSG.edf,SC,EOG horizontal,100.0,8460000,-2.7075786411382228,41.24649329217596,41.33526570616748,-742.7692307692308,654.6446886446887,-132.02197802197804,128.6153846153846,0,0.0139054537889524,0.0,0.0,23.392062727627795
SC4591G0-PSG.edf,SC,Resp oro-nasal,1.0,84600,-78.20049645390071,74.19427258798294,107.7966035202244,-2466.0,1949.0,-147.0,38.0,0,0.0451423775694748,,,
SC4591G0-PSG.edf,SC,EMG submental,1.0,84600,2.786513498817967,1.1865848896865487,3.028636851708568,-5.916,6.386,-0.0660199999999999,3.666,0,0.0264896748188512,,,
SC4591G0-PSG.edf,SC,Temp rectal,1.0,84600,14.207305197212037,0.1476597117233876,14.208072506754544,7.909361409933624,16.194094758525978,14.104829480430304,15.012130922407874,0,0.0247047837444887,,,
SC4591G0-PSG.edf,SC,Event marker,1.0,84600,923.8750354609928,47.81659860906162,925.1116193468716,-75.0,1099.0,825.0,1024.0,0,0.0756746533646969,,,
SC4592G0-PSG.edf,SC,EEG Fpz-Cz,100.0,6120000,-0.8693375229636132,30.359309873699235,30.37175404444276,-192.0,190.0,-92.93186813186814,92.5177045177045,0,0.0035588293444923,0.0,0.0,19.26638617140428
SC4592G0-PSG.edf,SC,EEG Pz-Oz,100.0,6120000,-1.4019393108525329,9.73005340078418,9.8305326922515,-186.0,183.0,-24.79340659340658,22.514285714285727,0,0.006694455383097,0.0,0.0,6.942596418919128
SC4592G0-PSG.edf,SC,EOG horizontal,100.0,6120000,-3.9580388987845394,43.20999067029666,43.390890353292114,-876.6156288156287,787.3037851037851,-138.72283272283266,131.49768009768013,0,0.0132010019624215,0.0,0.0,27.781529336125885
SC4592G0-PSG.edf,SC,Resp oro-nasal,1.0,61200,-58.0028431372549,38.98112235958968,69.88460282793557,-521.0,889.0,-120.0,45.0,0,0.0252781908201114,,,
SC4592G0-PSG.edf,SC,EMG submental,1.0,61200,3.1729001307189546,0.6937355878453406,3.247855339352336,-0.908,3.832,0.60798,3.7,0,0.010604748443602,,,
SC4592G0-PSG.edf,SC,Temp rectal,1.0,61200,13.33719816993464,0.1427573512979,13.33796216389361,0.5660000000000001,17.017,13.22,13.433,0,0.012957728067452,,,
SC4592G0-PSG.edf,SC,Event marker,1.0,61200,1064.6457026143792,32.56428854428148,1065.1436076809832,120.0,1161.0,995.0,1124.0,0,0.0213402179774179,,,
SC4601E0-PSG.edf,SC,EEG Fpz-Cz,100.0,8190000,0.3686293144950418,18.8582037270208,18.861806259776035,-146.37142857142857,123.02857142857144,-52.77142857142856,55.57142857142858,0,0.0031074519016506,0.0,0.0,20.720983095689
SC4601E0-PSG.edf,SC,EEG Pz-Oz,100.0,8190000,-0.1464374798176997,9.795436005105982,9.796530532061952,-163.96190476190475,142.581684981685,-24.24029304029304,24.802930402930404,0,0.0047875516331521,0.0,0.0,9.550851039590007
SC4601E0-PSG.edf,SC,EOG horizontal,100.0,8190000,-0.310259092225179,59.82497386210233,59.82577837609415,-437.6202686202687,484.9951159951159,-186.2197802197803,197.47106227106212,0,0.0111807218323831,0.0,0.0,41.14559700522821
SC4601E0-PSG.edf,SC,Resp oro-nasal,1.0,81900,68.85809523809523,20.7971494662156,71.93023499015352,-313.0,207.0,25.0,133.0,0,0.0207939046874809,,,
SC4601E0-PSG.edf,SC,EMG submental,1.0,81900,3.0401253968253967,0.1159848668171035,3.042337081546579,1.562,3.392,2.8040000000000003,3.274,0,0.0147254545232542,,,
SC4601E0-PSG.edf,SC,Temp rectal,1.0,81900,14.256296769530923,0.0656521920659924,14.256447937381203,8.737926298924238,14.325017166399634,14.21652552071412,14.29663538567178,0,0.0107937825858679,,,
SC4601E0-PSG.edf,SC,Event marker,1.0,81900,920.6421978021978,40.91113108551164,921.5507457653956,112.0,1069.0,835.0,1022.0,0,0.0199147730741523,,,
SC4602E0-PSG.edf,SC,EEG Fpz-Cz,100.0,8400000,-0.9288520179080194,18.529656702692662,18.552922777579163,-177.00000000000003,167.26373626373626,-57.17387057387057,54.65811965811966,0,0.0038297664640076,0.0,0.0,14.847958858129196
SC4602E0-PSG.edf,SC,EEG Pz-Oz,100.0,8400000,0.0147914099075527,12.924101155791384,12.924109620044824,-130.6131868131868,129.23882783882783,-32.34652014652015,33.033699633699634,0,0.0029690511536323,0.0,0.0,12.962744996581227
SC4602E0-PSG.edf,SC,EOG horizontal,100.0,8400000,-4.983046519710493,69.96169836209987,70.13893348438542,-564.5655677655678,505.6249084249084,-226.559706959707,225.2446886446886,0,0.0078488188676415,0.0,0.0,42.102735723368696
SC4602E0-PSG.edf,SC,Resp oro-nasal,1.0,84000,34.61602380952381,24.165379907931744,42.21652153453895,-223.0,199.0,-27.0,108.0,0,0.0254050643460041,,,
SC4602E0-PSG.edf,SC,EMG submental,1.0,84000,3.307968738095238,0.1533691426834459,3.3115221977427325,-0.016,3.686,2.698,3.508,0,0.010321551447041,,,
SC4602E0-PSG.edf,SC,Temp rectal,1.0,84000,14.257749136230368,0.0403493721674709,14.257806230395758,7.069810025177386,14.996108949416342,14.213321126115815,14.304417486839094,0,0.013071584185526,,,
SC4602E0-PSG.edf,SC,Event marker,1.0,84000,989.0811547619048,33.10830887081931,989.6351301471814,91.0,1122.0,904.0,1060.0,0,0.0163216228764628,,,
SC4611E0-PSG.edf,SC,EEG Fpz-Cz,100.0,7950000,-0.865122523463972,28.53947094677124,28.55258024946616,-199.0,197.0,-78.89450549450551,77.18461538461537,0,0.0027446575404497,0.0,0.0,24.05890432119353
SC4611E0-PSG.edf,SC,EEG Pz-Oz,100.0,7950000,0.0730793049354358,8.352950081987602,8.353269758423139,-152.44664224664228,89.5054945054945,-21.437118437118457,21.79072039072037,0,0.004867930651485,0.0,0.0,7.288622116306211
SC4611E0-PSG.edf,SC,EOG horizontal,100.0,7950000,-2.630611843251112,48.08201494348121,48.15392278615527,-489.948717948718,462.97435897435895,-154.7692307692308,142.89743589743588,0,0.0122993865401088,0.0,0.0,39.16886229187921
SC4611E0-PSG.edf,SC,Resp oro-nasal,1.0,79500,145.023106918239,23.341029966708994,146.88943195521517,-31.0,292.0,85.0,205.0,0,0.0170190820010314,,,
SC4611E0-PSG.edf,SC,EMG submental,1.0,79500,-0.9739256855345912,0.1424573134321864,0.98428924970983,-1.24,3.798,-1.084,-0.848,0,0.0185788500484282,,,
SC4611E0-PSG.edf,SC,Temp rectal,1.0,79500,13.113486805031446,0.0864966620331324,13.113772068260024,4.089,13.395,12.987,13.222,0,0.0089938238216832,,,
SC4611E0-PSG.edf,SC,Event marker,1.0,79500,933.6506163522012,28.1739536969114,934.0756099383824,133.0,1062.0,870.0,992.0,0,0.0190694222568837,,,
SC4612E0-PSG.edf,SC,EEG Fpz-Cz,100.0,8190000,1.0273335351339652,20.28379569887222,20.309795226589497,-176.01538461538462,199.0,-60.06813186813188,58.490109890109885,0,0.0036996382168964,0.0,0.0,18.41498927865554
SC4612E0-PSG.edf,SC,EEG Pz-Oz,100.0,8190000,0.4694353532182227,8.00501675943596,8.0187694111816,-115.25714285714284,100.57142857142858,-20.19999999999999,21.200000000000014,0,0.0050854762948428,0.0,0.0,7.6506666236925795
SC4612E0-PSG.edf,SC,EOG horizontal,100.0,8190000,3.754928312021708,53.346809990895984,53.47879601143977,-455.7750915750916,412.8952380952381,-163.68205128205128,168.99120879120878,0,0.0098229668168093,0.0,0.0,46.077902974085006
SC4612E0-PSG.edf,SC,Resp oro-nasal,1.0,81900,108.67694749694748,21.23547400577606,110.73221876899368,-34.0,236.0,55.0,161.0,0,0.0179123066215704,,,
SC4612E0-PSG.edf,SC,EMG submental,1.0,81900,3.7125371428571423,0.2270683519542871,3.719474703980808,0.372,4.15,2.69998,3.902,0,0.0164959279112077,,,
SC4612E0-PSG.edf,SC,Temp rectal,1.0,81900,14.049605358655482,0.0527064326883453,14.049704221157384,6.149691004806592,14.188601510643169,13.976195925841154,14.113984893568322,0,0.0091332006495805,,,
SC4612E0-PSG.edf,SC,Event marker,1.0,81900,932.8961904761904,39.01717498709365,933.7117553875833,81.0,1080.0,852.0,1008.0,0,0.0223812256559909,,,
SC4621E0-PSG.edf,SC,EEG Fpz-Cz,100.0,7836000,0.0019035344214517,19.70528295495543,19.70528304689635,-149.63980463980462,146.24639804639804,-55.94407814407814,61.88253968253968,0,0.0038706021830043,0.0,0.0,15.07378401694232
SC4621E0-PSG.edf,SC,EEG Pz-Oz,100.0,7836000,0.4955851847489168,11.772080399727052,11.782507441668786,-114.08791208791206,131.34285714285716,-31.96263736263733,37.21538461538464,0,0.0050331866171345,0.0,0.0,8.90202196320935
SC4621E0-PSG.edf,SC,EOG horizontal,100.0,7836000,1.955893038423196,60.04866421285215,60.08050924655702,-432.3411477411477,473.99438339438336,-184.27277167277168,208.64981684981683,0,0.0136485625938777,0.0,0.0,44.148313439973975
SC4621E0-PSG.edf,SC,Resp oro-nasal,1.0,78360,174.26512251148546,27.18168764882496,176.37226841933318,-106.0,337.0,109.0,236.0,0,0.0154417488737732,,,
SC4621E0-PSG.edf,SC,EMG submental,1.0,78360,2.8665580653394587,1.5220665669071485,3.2455880478057,-0.664,4.46,0.28,4.308,0,0.0074528771423831,,,
SC4621E0-PSG.edf,SC,Temp rectal,1.0,78360,13.315043721286372,0.0717000421658943,13.31523676829722,6.119,13.458,13.135,13.399,0,0.0125831110657359,,,
SC4621E0-PSG.edf,SC,Event marker,1.0,78360,1298.3230729964268,53.41867881270776,1299.421547120479,146.0,1428.0,1146.0,1377.0,0,0.0175219183501576,,,
SC4622E0-PSG.edf,SC,EEG Fpz-Cz,100.0,8568000,-0.0260221362049093,21.34050211957376,21.34051798497649,-154.9120879120879,152.3821733821734,-59.94993894993895,66.00366300366301,0,0.0035632627955914,0.0,0.0,15.320744566176549
SC4622E0-PSG.edf,SC,EEG Pz-Oz,100.0,8568000,-0.0359985094892658,12.215275044956291,12.21532808878328,-156.5120879120879,120.11794871794872,-34.362637362637365,38.33919413919414,0,0.0044456167665928,0.0,0.0,6.618592192160367
SC4622E0-PSG.edf,SC,EOG horizontal,100.0,8568000,0.2939659836868996,70.57062460933598,70.57123687276129,-472.7010989010989,492.56312576312575,-211.46202686202687,237.9257631257631,0,0.0124883432403632,0.0,0.0,37.431694400149325
SC4622E0-PSG.edf,SC,Resp oro-nasal,1.0,85680,146.06770541549955,22.62494312399924,147.8095484625853,-127.0,340.0,94.0,199.0,0,0.0182191668903698,,,
SC4622E0-PSG.edf,SC,EMG submental,1.0,85680,2.919020261437909,1.2445274574712812,3.173251940688758,0.044,4.102,0.202,3.822,0,0.0084384738383968,,,
SC4622E0-PSG.edf,SC,Temp rectal,1.0,85680,14.274724156848215,0.0332014248394503,14.274762768211502,8.060883497367819,14.346532387273976,14.239871824216069,14.31219958800641,0,0.0122317020506775,,,
SC4622E0-PSG.edf,SC,Event marker,1.0,85680,1061.672385620915,28.13461618248091,1062.0451078074511,72.0,1191.0,998.0,1125.0,0,0.0184292533759731,,,
SC4631E0-PSG.edf,SC,EEG Fpz-Cz,100.0,8274000,-0.3925245824999426,24.823712053109176,24.82681525374414,-182.0,181.0,-68.80073260073262,73.47399267399265,0,0.0023434884499497,0.0,0.0,25.671386585494083
SC4631E0-PSG.edf,SC,EEG Pz-Oz,100.0,8274000,0.0508736967649023,9.693559999109576,9.6936934957404,-158.3736263736264,131.12087912087912,-24.483516483516507,25.714285714285698,0,0.003863915716601,0.0,0.0,8.655647291928567
SC4631E0-PSG.edf,SC,EOG horizontal,100.0,8274000,-2.3128242585228427,71.12959737031035,71.16718891535116,-560.3787545787545,493.6490842490842,-247.9890109890109,220.3655677655678,0,0.0108399937635892,0.0,0.0,45.22714259098552
SC4631E0-PSG.edf,SC,Resp oro-nasal,1.0,82740,66.2907058254774,31.73390860634824,73.49488849080626,-1635.0,813.0,22.0,123.0,0,0.026940137057494,,,
SC4631E0-PSG.edf,SC,EMG submental,1.0,82740,3.131359318346628,0.2513148541725947,3.141428072791744,-2.578,3.5380000000000003,2.846,3.354,0,0.0194829524166354,,,
SC4631E0-PSG.edf,SC,Temp rectal,1.0,82740,14.269857749732456,0.0646780815829025,14.270004325571758,8.155184252689402,15.566491187914854,14.220187685969329,14.31815060654612,0,0.0137540941998332,,,
SC4631E0-PSG.edf,SC,Event marker,1.0,82740,914.1089920232052,30.02630325222568,914.6020053469568,97.0,1041.0,849.39,979.0,0,0.0319559095468884,,,
SC4632E0-PSG.edf,SC,EEG Fpz-Cz,100.0,8544000,-1.1322048127226627,19.94201711399684,19.97413162850629,-141.2962148962149,141.7260073260073,-57.80854700854702,60.86251526251525,0,0.0038143771235687,0.0,0.0,18.212845784528408
SC4632E0-PSG.edf,SC,EEG Pz-Oz,100.0,8544000,-0.1250804831872447,7.914803889468065,7.915792173624387,-111.95604395604398,100.79120879120876,-20.8791208791209,20.96703296703295,0,0.005452955820407,0.0,0.0,6.262769526256592
SC4632E0-PSG.edf,SC,EOG horizontal,100.0,8544000,-0.2417375362698965,50.63891487094348,50.63949186497733,-538.9418803418803,517.5765567765568,-175.74847374847374,164.5934065934066,0,0.0162535302592816,0.0,0.0,23.5545949202618
SC4632E0-PSG.edf,SC,Resp oro-nasal,1.0,85440,88.28247893258427,20.25345758471358,90.57592743448988,-324.0,582.0,48.0,140.0,0,0.0273294397172251,,,
SC4632E0-PSG.edf,SC,EMG submental,1.0,85440,2.824808146067416,0.7909830171481481,2.933461299472965,-1.6,3.478,0.278,3.356,0,0.0125820761010779,,,
SC4632E0-PSG.edf,SC,Temp rectal,1.0,85440,14.234724749319131,0.0629525842902263,14.23486395146604,7.916227969787137,15.167315175097276,14.196383611810482,14.275577935454338,0,0.0128746825220332,,,
SC4632E0-PSG.edf,SC,Event marker,1.0,85440,963.1912336142324,25.394113628004003,963.5259277872384,101.0,1060.0,909.0,1019.0,0,0.0292606420955301,,,
SC4641E0-PSG.edf,SC,EEG Fpz-Cz,100.0,8040000,0.842587229299176,18.923977549863192,18.942726296568413,-141.95238095238096,127.43467643467643,-54.35286935286935,57.28083028083029,0,0.0043358262883411,0.0,0.0,16.722364786013046
SC4641E0-PSG.edf,SC,EEG Pz-Oz,100.0,8040000,0.8256375743383215,7.501833214955787,7.54713051359078,-150.93528693528694,139.41880341880344,-18.473748473748472,20.27350427350428,0,0.0069664265751574,0.0,0.0,6.975215985764681
SC4641E0-PSG.edf,SC,EOG horizontal,100.0,8040000,4.171089046525578,56.84373071828913,56.99655871899122,-440.21978021978026,422.21001221001217,-171.41636141636144,196.3247863247863,0,0.0153619594054221,0.0,0.0,36.11496543549229
SC4641E0-PSG.edf,SC,Resp oro-nasal,1.0,80400,82.5397512437811,22.289002641304755,85.49625824636628,-248.0,256.0,30.0,141.0,0,0.0237813903157999,,,
SC4641E0-PSG.edf,SC,EMG submental,1.0,80400,2.698867910447761,0.8121933237777604,2.8184297034401675,-0.9,3.514,0.306,3.338,0,0.013582258485802,,,
SC4641E0-PSG.edf,SC,Temp rectal,1.0,80400,13.45304497512438,0.1184542235496087,13.453566460451892,2.34,15.361,13.392,13.519,0,0.0140300252490702,,,
SC4641E0-PSG.edf,SC,Event marker,1.0,80400,966.2976492537314,47.089845314966,967.4443655761684,125.0,1102.0,880.0,1060.0,0,0.0348636177066878,,,
SC4642E0-PSG.edf,SC,EEG Fpz-Cz,100.0,8370000,0.8300480680609719,18.95464402238163,18.97280975002117,-138.9120879120879,129.30769230769232,-52.75824175824176,56.78021978021979,0,0.0037144608297023,0.0,0.0,20.223559478271028
SC4642E0-PSG.edf,SC,EEG Pz-Oz,100.0,8370000,1.3213730093084797,7.596759678673755,7.7108225401219235,-94.1919413919414,105.16996336996336,-18.755311355311367,21.22344322344321,0,0.0055878202960815,0.0,0.0,7.973313415578852
SC4642E0-PSG.edf,SC,EOG horizontal,100.0,8370000,7.439366544916589,58.0550361232382,58.52974793948899,-386.9809523809524,430.7333333333332,-166.40000000000006,200.56190476190469,0,0.0167682398664753,0.0,0.0,63.86431579889364
SC4642E0-PSG.edf,SC,Resp oro-nasal,1.0,83700,78.04951015531661,20.44850361855237,80.6837488948228,-29.0,182.0,30.0,130.0,0,0.0244566840702995,,,
SC4642E0-PSG.edf,SC,EMG submental,1.0,83700,2.193529127837515,0.9521832609896044,2.391280618660304,-1.01,3.19,0.08,3.006,0,0.0116249895458727,,,
SC4642E0-PSG.edf,SC,Temp rectal,1.0,83700,13.586312951015532,0.1271062878763097,13.58690750727884,2.636,13.747,13.519,13.655,0,0.0127839042282464,,,
SC4642E0-PSG.edf,SC,Event marker,1.0,83700,856.9762724014337,33.17803408825845,857.6182795422552,95.0,991.0,786.0,929.0,0,0.0222463828719578,,,
SC4651E0-PSG.edf,SC,EEG Fpz-Cz,100.0,8580000,1.674702926902179,17.68065853862194,17.75979493836345,-166.71282051282049,143.90769230769232,-45.44615384615382,57.25128205128207,0,0.0042622427298866,0.0,0.0,14.80422198444391
SC4651E0-PSG.edf,SC,EEG Pz-Oz,100.0,8580000,-1.3329760667537525,12.788309126044448,12.857592134525436,-195.0,192.0,-32.92307692307691,32.66373626373627,0,0.0043298418762725,0.0,0.0,11.24091501330478
SC4651E0-PSG.edf,SC,EOG horizontal,100.0,8580000,-2.5457788703604747,47.930812528419054,47.99837267753176,-452.3296703296704,432.3340659340659,-162.09450549450557,156.0571428571428,0,0.0138263564409748,0.0,0.0,21.41761672779679
SC4651E0-PSG.edf,SC,Resp oro-nasal,1.0,85800,168.26439393939393,44.38593631918853,174.02016437965634,-645.0,554.0,-10.0,253.0,0,0.0547558829356985,,,
SC4651E0-PSG.edf,SC,EMG submental,1.0,85800,2.6280410722610723,1.1577723009227383,2.8717654114281443,-0.046,3.97,-0.012,3.736,0,0.0451636965465798,,,
SC4651E0-PSG.edf,SC,Temp rectal,1.0,85800,14.259123422545258,0.1513260317006687,14.259926379447023,11.469443808651866,15.522087434195468,14.159761959258413,15.004348821240558,0,0.0459096259863168,,,
SC4651E0-PSG.edf,SC,Event marker,1.0,85800,986.586048951049,41.54426385171949,987.4603576062296,139.0,1136.0,902.0,1076.0,0,0.0542430564458793,,,
SC4652E0-PSG.edf,SC,EEG Fpz-Cz,100.0,8520000,0.0594490013012548,25.80280026378416,25.802868748193383,-199.0,199.0,-70.609768009768,83.63345543345544,0,0.0027453083865121,0.0,0.0,20.427272630540763
SC4652E0-PSG.edf,SC,EEG Pz-Oz,100.0,8520000,-0.0258793282773564,10.041854962793016,10.041888310143804,-157.15384615384616,140.81538461538463,-25.8,27.184615384615388,0,0.0040692536024103,0.0,0.0,9.23249270403555
SC4652E0-PSG.edf,SC,EOG horizontal,100.0,8520000,1.8478484713409515,60.76647506321965,60.79456419435815,-487.36263736263726,420.7978021978023,-195.53391208791209,201.07472527472527,0,0.0091032970695975,0.0,0.0,39.93777443781645
SC4652E0-PSG.edf,SC,Resp oro-nasal,1.0,85200,155.54583333333332,34.53434111441775,159.33338314229093,13.0,380.0,90.0,263.0,0,0.0180166433878331,,,
SC4652E0-PSG.edf,SC,EMG submental,1.0,85200,3.950100492957747,1.3353640570562364,4.169711149389454,-0.706,5.058,0.43,4.892,0,0.0091785114848765,,,
SC4652E0-PSG.edf,SC,Temp rectal,1.0,85200,14.193577090835236,0.023705952534705,14.193596887528845,11.614557106889448,14.278324559395744,14.145113298237582,14.235294117647058,0,0.0132865409218418,,,
SC4652E0-PSG.edf,SC,Event marker,1.0,85200,1353.90470657277,33.274292779979525,1354.3135283382153,176.0,1496.0,1275.0,1428.0,0,0.0202467165107571,,,
SC4661E0-PSG.edf,SC,EEG Fpz-Cz,100.0,8220000,0.6398726055750042,26.88177973059488,26.889394162672907,-189.00000000000003,190.0,-77.2898656898657,74.68034188034187,0,0.0024318764378058,0.0,0.0,23.77932054775988
SC4661E0-PSG.edf,SC,EEG Pz-Oz,100.0,8220000,1.0614271810914058,11.594303145453626,11.642787170151111,-177.3692307692308,185.55824175824176,-32.8945054945055,36.15164835164835,0,0.0054416124593825,0.0,0.0,8.753128519997379
SC4661E0-PSG.edf,SC,EOG horizontal,100.0,8220000,1.258998808617761,71.65164297736783,71.66270312621684,-622.3128205128205,599.2717948717949,-220.6273504273504,242.1623931623932,0,0.0126484338788733,0.0,0.0,52.52030089247684
SC4661E0-PSG.edf,SC,Resp oro-nasal,1.0,82200,81.78514598540146,33.715378829636336,88.4620646010442,-105.0,505.0,-10.0,154.0,0,0.0388204236061265,,,
SC4661E0-PSG.edf,SC,EMG submental,1.0,82200,3.9805499026764,1.572175348603159,4.279779533393344,-0.078,5.476,-0.012,5.34,0,0.034842273020353,,,
SC4661E0-PSG.edf,SC,Temp rectal,1.0,82200,13.961876018776392,0.2759047638065114,13.964601870528728,5.6328679331654845,15.05699244678416,13.886015106431678,15.002517738612957,0,0.0356330368982591,,,
SC4661E0-PSG.edf,SC,Event marker,1.0,82200,1219.3074817518248,53.89730473229051,1220.4981173739604,145.0,1359.0,1134.0,1296.0,0,0.0442097835740094,,,
SC4662E0-PSG.edf,SC,EEG Fpz-Cz,100.0,8460000,3.4214090266051267,21.519891586553165,21.790176080618,-167.0,174.0,-57.16385836385836,62.33186813186813,0,0.002516551438004,0.0,0.0,17.6951918677182
SC4662E0-PSG.edf,SC,EEG Pz-Oz,100.0,8460000,-0.095397523186034,14.41132884974101,14.411644593966624,-160.84615384615387,189.0,-41.21630769230771,43.61538461538462,0,0.003647758448887,0.0,0.0,14.071524953632617
SC4662E0-PSG.edf,SC,EOG horizontal,100.0,8460000,3.01363264553146,68.3627379604329,68.42913066208729,-629.2735042735044,600.757264957265,-205.32649572649572,228.9606837606837,0,0.0107541498276002,0.0,0.0,55.78166524227687
SC4662E0-PSG.edf,SC,Resp oro-nasal,1.0,84600,102.6825413711584,29.48300207760966,106.8314172607852,-472.0,286.0,42.0,183.0,0,0.0117968297497606,,,
SC4662E0-PSG.edf,SC,EMG submental,1.0,84600,3.665008085106382,0.8774802643411153,3.768588048354889,-0.162,4.496,0.324,4.3420000000000005,0,0.0042553694488114,,,
SC4662E0-PSG.edf,SC,Temp rectal,1.0,84600,12.9018968321513,0.1974807342415561,12.903408096618207,1.34,15.18,12.788,13.015,0,0.0075887421837137,,,
SC4662E0-PSG.edf,SC,Event marker,1.0,84600,1030.9340425531916,31.638055375771188,1031.4193941569192,158.0,1160.0,971.0,1094.0,0,0.0160403787278809,,,
SC4671G0-PSG.edf,SC,EEG Fpz-Cz,100.0,8340000,0.0852604611695258,20.92985420158776,20.930027860611176,-207.0,207.0,-63.43956043956044,61.61978021978022,0,0.003213433109632,0.0,0.0,16.431717967104206
SC4671G0-PSG.edf,SC,EEG Pz-Oz,100.0,8340000,0.0188691869654658,12.753867700830346,12.75388165918518,-178.99999999999997,167.63492063492063,-37.37362637362635,34.750915750915766,0,0.0044556408341017,0.0,0.0,8.933249035692722
SC4671G0-PSG.edf,SC,EOG horizontal,100.0,8340000,0.582384169148315,48.30779724752178,48.31130764353357,-537.6764346764345,520.1575091575093,-156.89743589743577,159.9890109890111,0,0.0136642849691666,0.0,0.0,28.67917800347693
SC4671G0-PSG.edf,SC,Resp oro-nasal,1.0,83400,39.34586330935252,368.7688449937761,370.8619123037602,-1810.0,1989.0,-955.01,1176.0,0,0.0943296682214415,,,
SC4671G0-PSG.edf,SC,EMG submental,1.0,83400,2.616145251798561,1.495793732832202,3.013571779415292,-2.874,4.048,-0.482,3.93,0,0.0912001342941761,,,
SC4671G0-PSG.edf,SC,Temp rectal,1.0,83400,14.230048378783817,0.2931102903290303,14.233066799001,5.525749599450675,16.254062714579995,14.084229800869764,15.11879148546578,0,0.0882864302929291,,,
SC4671G0-PSG.edf,SC,Event marker,1.0,83400,932.3485371702636,32.83654685880853,932.9265960262584,79.0,1060.0,869.0,995.0,0,0.2060336454873559,,,
SC4672G0-PSG.edf,SC,EEG Fpz-Cz,100.0,7740000,0.4426937017160479,20.907494641783696,20.912180897977933,-173.7282051282051,166.01025641025643,-61.789743589743566,63.31282051282053,0,0.0035310123139693,0.0,0.0,19.49432137969581
SC4672G0-PSG.edf,SC,EEG Pz-Oz,100.0,7740000,0.9364512328326356,18.27899070188837,18.302962656116502,-164.0,166.00000000000003,-57.62637362637362,59.70695970695972,0,0.0052157690126214,0.0,0.0,12.539614064097847
SC4672G0-PSG.edf,SC,EOG horizontal,100.0,7740000,1.6197390732379913,63.709399550994135,63.72998623735596,-722.5301587301587,644.202442002442,-196.65030525030525,209.90061050061053,0,0.0116007901818994,0.0,0.0,50.50711585307127
SC4672G0-PSG.edf,SC,Resp oro-nasal,1.0,77400,120.3259173126615,357.3361788040753,377.0510191730445,-1476.0,1882.0,-1058.01,1462.0099999999948,0,0.013940748588483,,,
SC4672G0-PSG.edf,SC,EMG submental,1.0,77400,2.628094341085271,0.96400497636627,2.7993187492858613,-0.066,3.72,0.174,3.3160000000000003,0,0.0106978126332381,,,
SC4672G0-PSG.edf,SC,Temp rectal,1.0,77400,13.501737751937986,0.1474866914194315,13.502543265853776,6.022,13.684,13.373,13.618,0,0.0102714505355366,,,
SC4672G0-PSG.edf,SC,Event marker,1.0,77400,1013.6116279069768,37.661425775012376,1014.3110544698004,168.0,1153.0,931.0,1087.0,0,0.0175583663871626,,,
SC4701E0-PSG.edf,SC,EEG Fpz-Cz,100.0,8040000,0.4623546360687438,14.23401742004209,14.241524627776204,-156.97069597069597,158.52893772893773,-38.25128205128205,40.18168498168499,0,0.0040646816724896,0.0,0.0,12.0315152232922
SC4701E0-PSG.edf,SC,EEG Pz-Oz,100.0,8040000,0.4576008311009267,8.992479860365487,9.004115312439254,-152.80512820512817,151.53846153846155,-23.86666666666665,25.21538461538464,0,0.0056417980619378,0.0,0.0,6.447202712813208
SC4701E0-PSG.edf,SC,EOG horizontal,100.0,8040000,-0.2548709124706135,26.114168829889657,26.115412553854178,-484.2131868131869,423.54505494505497,-75.83516483516483,76.74518681319103,0,0.0177276339895945,0.0,0.0,19.150856391133583
SC4701E0-PSG.edf,SC,Resp oro-nasal,1.0,80400,146.38860696517412,26.11708861952173,148.70012295611656,-285.0,892.0,80.0,204.0,0,0.0160325377181308,,,
SC4701E0-PSG.edf,SC,EMG submental,1.0,80400,0.8587345024875622,0.8892583179696635,1.2362060110842352,-1.426,3.342,-0.614,2.886,0,0.0010696650455851,,,
SC4701E0-PSG.edf,SC,Temp rectal,1.0,80400,14.13241726820236,0.2366922074896421,14.134399210566771,6.552071412222476,15.730830853742274,14.054474708171206,14.211947814145113,0,0.007599597009913,,,
SC4701E0-PSG.edf,SC,Event marker,1.0,80400,751.0308830845771,50.70276817358143,752.7404320529512,66.0,878.0,689.0,828.0,0,0.0175872834239231,,,
SC4702E0-PSG.edf,SC,EEG Fpz-Cz,100.0,7872000,3.148168936314361,15.257830424424698,15.579228379867692,-179.0,172.2888888888889,-38.28888888888889,44.82222222222222,0,0.003398124235422,0.0,0.0,13.62711677530621
SC4702E0-PSG.edf,SC,EEG Pz-Oz,100.0,7872000,0.1279666433385944,9.91682772942588,9.917653335185568,-134.3113553113553,166.56776556776558,-26.067155067155067,25.976800976800977,0,0.0049288680498831,0.0,0.0,9.208330300481116
SC4702E0-PSG.edf,SC,EOG horizontal,100.0,7872000,2.7627450441497228,40.47448225718203,40.5686636970694,-552.2244200244199,515.1357753357754,-119.14065934065924,124.55750915750926,0,0.0128048943151604,0.0,0.0,30.47200591211061
SC4702E0-PSG.edf,SC,Resp oro-nasal,1.0,78720,159.3448424796748,29.17566489523153,161.9938216320339,15.0,292.0,87.0,229.0,0,0.0144310776305593,,,
SC4702E0-PSG.edf,SC,EMG submental,1.0,78720,1.2406556148373984,0.8391035664445706,1.497772062046679,-1.248,4.026,-1.134,3.101619999999995,0,0.006618478385142,,,
SC4702E0-PSG.edf,SC,Temp rectal,1.0,78720,13.180451791158536,0.2335500131695936,13.18252081461303,2.965,13.364,13.103,13.269,0,0.0089050927984349,,,
SC4702E0-PSG.edf,SC,Event marker,1.0,78720,956.950038109756,30.668952303840022,957.4413611671886,132.0,1054.0,916.0,1007.0,0,0.0186613142951511,,,
SC4711E0-PSG.edf,SC,EEG Fpz-Cz,100.0,8190000,0.1020167839215457,25.31640741783849,25.316612964024003,-200.0,200.0,-74.38339438339439,76.92307692307692,0,0.0027680131477572,0.0,0.0,21.51419637994487
SC4711E0-PSG.edf,SC,EEG Pz-Oz,100.0,8190000,-0.0129390477979715,11.145140496131573,11.145148006979074,-199.31721611721616,169.9252747252747,-31.23516483516486,30.73699633699632,0,0.0043626426894294,0.0,0.0,9.454369940303105
SC4711E0-PSG.edf,SC,EOG horizontal,100.0,8190000,0.3509045991045995,50.50273998814563,50.50395905617616,-445.9538461538461,390.02564102564105,-151.17435897435897,159.16410256410256,0,0.0109157642439123,0.0,0.0,51.6273114105548
SC4711E0-PSG.edf,SC,Resp oro-nasal,1.0,81900,108.31713064713064,40.611226872072834,115.68004382642036,-986.0,1240.0,24.0,211.0,0,0.0146399833941806,,,
SC4711E0-PSG.edf,SC,EMG submental,1.0,81900,5.08157557997558,2.154059169607003,5.519273618980324,-2.484,7.198,0.41,6.94,0,0.0077046117779215,,,
SC4711E0-PSG.edf,SC,Temp rectal,1.0,81900,14.212314455463916,0.066293143710795,14.212469066347747,10.142366674296175,15.24147402151522,14.045777065690087,14.269626916914628,0,0.014395780168256,,,
SC4711E0-PSG.edf,SC,Event marker,1.0,81900,1843.9791086691089,151.99448351498074,1850.2327627158445,152.0,2110.0,1368.0,2023.0,0,0.0214044127522924,,,
SC4712E0-PSG.edf,SC,EEG Fpz-Cz,100.0,8460000,0.4162501394193041,19.205157169410068,19.209667516131287,-192.0,156.8974358974359,-54.923076923076906,62.31623931623933,0,0.0046666721828276,0.0,0.0,17.650825240843375
SC4712E0-PSG.edf,SC,EEG Pz-Oz,100.0,8460000,-0.0865213796447838,9.295349983587622,9.295752646586392,-97.9985347985348,113.27570207570209,-25.926251526251527,26.105982905982906,0,0.0053203372580818,0.0,0.0,8.920634890244468
SC4712E0-PSG.edf,SC,EOG horizontal,100.0,8460000,1.9763292710939528,64.11221473743146,64.14266876211421,-528.6202686202687,471.63540903540894,-181.2051282051283,202.7010989010988,0,0.0121796834275217,0.0,0.0,56.47257301019295
SC4712E0-PSG.edf,SC,Resp oro-nasal,1.0,84600,121.1390780141844,34.76556229386447,126.02904642873096,-132.0,269.0,45.0,202.0,0,0.0136644641189612,,,
SC4712E0-PSG.edf,SC,EMG submental,1.0,84600,3.302411205673759,1.297236109018362,3.5480616248736028,-1.018,4.87,0.196,4.5760000000000005,0,0.0073405122991997,,,
SC4712E0-PSG.edf,SC,Temp rectal,1.0,84600,14.153156707449378,0.0685647694658865,14.153322787007696,10.675669489585715,15.008468757152666,14.052643625543602,14.237125200274662,0,0.0082743294838,,,
SC4712E0-PSG.edf,SC,Event marker,1.0,84600,1109.792647754137,87.05601526973447,1113.2019002875363,120.0,1432.0,933.0,1265.0,0,0.0165368384969089,,,
SC4721E0-PSG.edf,SC,EEG Fpz-Cz,100.0,7026000,0.0018266678761981,27.152223782959943,27.152223844404546,-184.0,184.0,-82.18217338217339,90.53968253968254,0,0.0033859996954165,0.0,0.0,20.994982623805186
SC4721E0-PSG.edf,SC,EEG Pz-Oz,100.0,7026000,0.4385306303431868,7.437270056395406,7.450187581900532,-149.82051282051282,145.5091575091575,-19.509157509157504,20.692307692307693,0,0.0064474899622686,0.0,0.0,5.2227655217130895
SC4721E0-PSG.edf,SC,EOG horizontal,100.0,7026000,0.6425739476641659,84.36969567590995,84.3721426166474,-577.1833943833943,555.3135531135531,-270.6395604395604,277.79682539682545,0,0.011064632884476,0.0,0.0,71.30425002474934
SC4721E0-PSG.edf,SC,Resp oro-nasal,1.0,70260,113.18172502134928,26.17153223557513,116.16820553992416,-49.0,294.0,44.0,198.0,0,0.0199547388946611,,,
SC4721E0-PSG.edf,SC,EMG submental,1.0,70260,2.685557472245944,1.596565694824254,3.124298473997911,-1.218,4.042,-1.048,3.79,0,0.013649496861612,,,
SC4721E0-PSG.edf,SC,Temp rectal,1.0,70260,14.080212905705435,0.0577608678414942,14.080331380612025,7.166857404440376,14.183566033417256,14.021515220874342,14.13412680247196,0,0.0090806871717502,,,
SC4721E0-PSG.edf,SC,Event marker,1.0,70260,984.413635069741,39.85181149297135,985.219961120608,58.0,1140.0,907.0,1063.0,0,0.0220754636416686,,,
SC4722E0-PSG.edf,SC,EEG Fpz-Cz,100.0,8238000,-0.2871632916461777,18.258566077366872,18.260824131392354,-190.7594627594628,167.07374847374848,-53.28791208791209,58.977289377289374,0,0.0056360835592177,0.0,0.0,14.184361028048228
SC4722E0-PSG.edf,SC,EEG Pz-Oz,100.0,8238000,0.7001595191407509,6.480951229762851,6.518661840808127,-148.19560439560436,141.13846153846154,-16.90549450549448,18.52527472527475,0,0.0091976319466277,0.0,0.0,5.74524563285812
SC4722E0-PSG.edf,SC,EOG horizontal,100.0,8238000,1.502953069710946,57.79047532238314,57.8100156194126,-449.11721611721606,414.7619047619048,-178.36996336996333,187.27838827838832,0,0.0134195355905991,0.0,0.0,44.62023017767915
SC4722E0-PSG.edf,SC,Resp oro-nasal,1.0,82380,164.9683054139354,23.388864203883504,166.61806852767552,69.0,330.0,115.78999999999996,228.0,0,0.020417824931111,,,
SC4722E0-PSG.edf,SC,EMG submental,1.0,82380,2.562674314153921,1.1964121956506204,2.828197620804778,-0.6940000000000001,3.5620000000000003,0.238,3.432,0,0.0088978987363284,,,
SC4722E0-PSG.edf,SC,Temp rectal,1.0,82380,13.20860579024035,0.0828224943025236,13.208865450428869,7.304,13.371,13.103,13.312,0,0.0089950108644193,,,
SC4722E0-PSG.edf,SC,Event marker,1.0,82380,960.4516266084,25.537042636882447,960.7910634479068,137.0,1066.0,910.0,1012.0,0,0.0182934971291227,,,
SC4731E0-PSG.edf,SC,EEG Fpz-Cz,100.0,8340000,0.4130316198030663,19.526201390094336,19.53056926578125,-123.419536019536,121.66471306471308,-59.01367521367521,64.19340659340659,0,0.0045311804930221,0.0,0.0,18.1969299620824
SC4731E0-PSG.edf,SC,EEG Pz-Oz,100.0,8340000,0.3993017327676063,5.600528770641823,5.614745264442371,-136.61196581196583,114.617094017094,-13.770940170940197,14.770940170940143,0,0.0113621239354004,0.0,0.0,4.726297478243039
SC4731E0-PSG.edf,SC,EOG horizontal,100.0,8340000,-0.5473324194269795,45.61636499003211,45.619648482656935,-400.7692307692306,424.6881562881564,-146.8214896214895,151.91062271062282,0,0.0188765214346779,0.0,0.0,48.59138426113968
SC4731E0-PSG.edf,SC,Resp oro-nasal,1.0,83400,62.91730215827338,30.789261775548965,70.04688109801002,-44.0,424.0,0.0,110.00999999999476,0,0.0488015443830261,,,
SC4731E0-PSG.edf,SC,EMG submental,1.0,83400,2.090244868105516,1.1243056185808489,2.373433532377494,-0.656,3.112,-0.21,2.954,0,0.037638340987302,,,
SC4731E0-PSG.edf,SC,Temp rectal,1.0,83400,14.343537798737891,0.0945901688526434,14.343849688415808,9.28679331654841,15.00022888532845,14.298466468299385,15.00022888532845,0,0.0370867756208108,,,
SC4731E0-PSG.edf,SC,Event marker,1.0,83400,841.2891366906475,26.95772909144772,841.7209339629512,99.0,941.0,787.0,904.0,0,0.0494850058154174,,,
SC4732E0-PSG.edf,SC,EEG Fpz-Cz,100.0,7560000,-0.7576574976581191,17.23102025978095,17.247669525960283,-143.90451770451767,127.6979242979243,-52.252258852258834,50.35091575091576,0,0.0041957727457311,0.0,0.0,14.067706040012512
SC4732E0-PSG.edf,SC,EEG Pz-Oz,100.0,7560000,-0.7840922656355908,5.373299898709607,5.4302074069507,-132.7145299145299,109.2,-14.731623931623922,13.425641025641037,0,0.0094047743449396,0.0,0.0,4.417703883191093
SC4732E0-PSG.edf,SC,EOG horizontal,100.0,7560000,-9.274576674515814,44.19508282337221,45.15775811813737,-531.0373626373624,471.6307692307693,-151.58021978021964,137.74945054945067,0,0.0166442019103199,0.0,0.0,45.30284956591136
SC4732E0-PSG.edf,SC,Resp oro-nasal,1.0,75600,62.87952380952381,20.38096252966666,66.10006163497995,-602.0,696.0,20.0,123.0,0,0.027381314567653,,,
SC4732E0-PSG.edf,SC,EMG submental,1.0,75600,1.7249843386243384,1.633577310371649,2.375741104889234,-1.146,3.084,-1.046,2.904,0,0.0182674373999656,,,
SC4732E0-PSG.edf,SC,Temp rectal,1.0,75600,14.368762481213844,0.030715424582335,14.368795310632198,10.61066605630579,15.6415655756466,14.341954680704967,14.402838178072786,0,0.015780632018942,,,
SC4732E0-PSG.edf,SC,Event marker,1.0,75600,904.5981746031746,17.06525654055369,904.7591284293244,128.0,978.0,869.0,943.0,0,0.0277120067725763,,,
SC4741E0-PSG.edf,SC,EEG Fpz-Cz,100.0,8070000,0.8510063907839291,19.32838460041451,19.347109942797548,-167.31208791208792,149.4879120879121,-55.813186813186825,67.0967032967033,0,0.0062565133290128,0.0,0.0,11.831376205213749
SC4741E0-PSG.edf,SC,EEG Pz-Oz,100.0,8070000,0.3474515447102967,11.315332100646735,11.320665312774151,-175.9230769230769,182.0,-36.49572649572648,39.09401709401711,0,0.0088773344204887,0.0,0.0,7.969723187344681
SC4741E0-PSG.edf,SC,EOG horizontal,100.0,8070000,-0.3514797499898013,52.19298449664655,52.19416795660067,-492.6295482295482,493.6295482295482,-169.70842490842492,169.20879120879118,0,0.0204585135793229,0.0,0.0,49.92211225842476
SC4741E0-PSG.edf,SC,Resp oro-nasal,1.0,80700,166.20053283767038,26.16631293861605,168.2477133524469,-278.0,699.0,114.0,243.0,0,0.0215120385630553,,,
SC4741E0-PSG.edf,SC,EMG submental,1.0,80700,1.9987190582403969,1.80149537574451,2.6907737665218585,-1.106,3.836,-1.02,3.678,0,0.0143124450117101,,,
SC4741E0-PSG.edf,SC,Temp rectal,1.0,80700,14.261290986994949,0.0405562578330837,14.261348653819269,12.172579537651636,15.741359578850997,14.192721446555275,14.310826276035709,0,0.0120323671916628,,,
SC4741E0-PSG.edf,SC,Event marker,1.0,80700,1012.110086741016,39.52513262361569,1012.8815645433684,159.0,1148.0,932.0,1103.0,0,0.0222679339273101,,,
SC4742E0-PSG.edf,SC,EEG Fpz-Cz,100.0,7950000,1.6446687547169814,17.281319504485143,17.359404918626712,-158.9142857142857,164.82857142857142,-48.68571428571428,61.885714285714286,0,0.006065416434486,0.0,0.0,15.873005853704942
SC4742E0-PSG.edf,SC,EEG Pz-Oz,100.0,7950000,-0.8673948736378991,7.165353959230617,7.217663834501794,-120.84615384615384,136.01343101343102,-21.739926739926748,20.01831501831501,0,0.0086767404738873,0.0,0.0,4.568867254743076
SC4742E0-PSG.edf,SC,EOG horizontal,100.0,7950000,-6.689246758971203,50.71203110113176,51.15130614759085,-506.6896214896214,421.46422466422473,-165.3843711843711,158.732844932845,0,0.0157962462845865,0.0,0.0,39.8392232377643
SC4742E0-PSG.edf,SC,Resp oro-nasal,1.0,79500,155.28880503144654,20.372151122042705,156.6194033618886,55.0,275.0,113.0,221.0,0,0.0253462307701983,,,
SC4742E0-PSG.edf,SC,EMG submental,1.0,79500,2.568852,1.603324171205004,3.028142829503624,-1.114,3.722,-0.99,3.5620000000000003,0,0.0136731279638737,,,
SC4742E0-PSG.edf,SC,Temp rectal,1.0,79500,14.20107906620544,0.0387763796156516,14.201132006013976,11.53307392996109,14.315403982604716,14.144650949874112,14.272831311512933,0,0.0108806400080504,,,
SC4742E0-PSG.edf,SC,Event marker,1.0,79500,963.5628679245284,34.76318351542635,964.1897527826508,129.0,1118.0,900.0,1053.0,0,0.0221889583516773,,,
SC4751E0-PSG.edf,SC,EEG Fpz-Cz,100.0,8040000,0.5754507757002489,19.36621558298596,19.374763214087096,-181.0,182.0,-57.07472527472528,61.53186813186813,0,0.0038009997524872,0.0,0.0,17.183931080631265
SC4751E0-PSG.edf,SC,EEG Pz-Oz,100.0,8040000,1.024181312363705,10.289536099624032,10.340382029019109,-182.0090354090354,179.17680097680096,-27.377533577533573,30.040781440781444,0,0.005319658357784,0.0,0.0,7.524837731226115
SC4751E0-PSG.edf,SC,EOG horizontal,100.0,8040000,3.061348383084531,62.33009726340856,62.40523118127663,-620.3589743589744,548.3846153846154,-219.4102564102565,221.9743589743589,0,0.0129664340378532,0.0,0.0,35.543454866834765
SC4751E0-PSG.edf,SC,Resp oro-nasal,1.0,80400,99.6355472636816,135.05500550705793,167.83055976503437,-1750.0,24303.0,-301.0,329.0,0,0.120349755593975,,,
SC4751E0-PSG.edf,SC,EMG submental,1.0,80400,2.2357043532338308,1.6069734498935075,2.7533139348304148,-3.39,48.986,-0.888,3.85,0,0.1096406671724772,,,
SC4751E0-PSG.edf,SC,Temp rectal,1.0,80400,14.201923109333167,0.3617806700400287,14.206530373621357,1.4172579537651635,16.22659647516594,13.813229571984436,15.189288166628518,0,0.1093794698939041,,,
SC4751E0-PSG.edf,SC,Event marker,1.0,80400,912.49842039801,158.74938836405818,926.2044782524137,98.0,24272.0,638.0,1059.0,0,0.2556748218261421,,,
SC4752E0-PSG.edf,SC,EEG Fpz-Cz,100.0,7410000,-0.4366363955912081,23.61816284858381,23.62219862087735,-179.99999999999997,179.0,-67.25909645909645,74.76288156288156,0,0.0030377908742117,0.0,0.0,19.83597569482212
SC4752E0-PSG.edf,SC,EEG Pz-Oz,100.0,7410000,0.0083245316446935,10.916869967962644,10.916873141849358,-193.0,174.8075702075702,-26.911599511599512,27.94847374847375,0,0.0060755817484234,0.0,0.0,6.640976953388623
SC4752E0-PSG.edf,SC,EOG horizontal,100.0,7410000,-2.5732736316794385,77.84541996817437,77.88793967749379,-631.8669108669109,559.7863247863248,-279.4371184371184,286.6532356532357,0,0.01218895032247,0.0,0.0,54.73167644492584
SC4752E0-PSG.edf,SC,Resp oro-nasal,1.0,74100,112.34114709851552,38.32509161107453,118.6985508690294,-1771.0,1822.0,49.0,162.0,0,0.0298114684408696,,,
SC4752E0-PSG.edf,SC,EMG submental,1.0,74100,16.78301632928475,2.7405761939357007,17.005304907110773,-11.44,34.01,1.49,18.4,0,0.0196493879809444,,,
SC4752E0-PSG.edf,SC,Temp rectal,1.0,74100,14.1970057103955,0.1133320261179558,14.19745805731246,10.490272373540856,16.26779583428702,14.045319295033188,14.869764248111697,0,0.0173146736123294,,,
SC4752E0-PSG.edf,SC,Event marker,1.0,74100,947.40338731444,63.022570700312585,949.4972473433246,95.0,1080.0,752.0,1021.0,0,0.0434823681831063,,,
SC4761E0-PSG.edf,SC,EEG Fpz-Cz,100.0,7890000,0.053466239176938,34.63014313172937,34.630184405555745,-201.5423687423688,178.55628815628813,-88.06153846153849,93.75628815628814,0,0.0026894837636042,0.0,0.0,34.68395580801767
SC4761E0-PSG.edf,SC,EEG Pz-Oz,100.0,7890000,0.9770114905345226,14.32339260456249,14.356675351803146,-151.05641025641026,136.14505494505494,-43.56239316239317,40.21684981684981,0,0.0044309308376816,0.0,0.0,13.98314830386543
SC4761E0-PSG.edf,SC,EOG horizontal,100.0,7890000,0.3802786621912106,53.88060099282505,53.881942942037085,-463.4058608058608,400.6967032967033,-163.68571428571428,166.64835164835165,0,0.0112306859704511,0.0,0.0,58.806933439597394
SC4761E0-PSG.edf,SC,Resp oro-nasal,1.0,78900,39.63174904942966,26.449812213744487,47.64733044840304,-708.0,859.0,-14.0,112.0,0,0.0227379307722531,,,
SC4761E0-PSG.edf,SC,EMG submental,1.0,78900,3.065137769328264,0.8101268660482276,3.1703903677711,-2.298,3.526,-1.024,3.372,0,0.0176808324566851,,,
SC4761E0-PSG.edf,SC,Temp rectal,1.0,78900,14.272795925667095,0.0716998395111701,14.272976017731034,7.421835660334173,15.737697413595788,14.230258640421148,14.313572899977112,0,0.0119266403883445,,,
SC4761E0-PSG.edf,SC,Event marker,1.0,78900,951.8875411913816,23.662667101572403,952.1816070948512,89.0,1077.0,899.0,1000.0,0,0.0222182790656408,,,
SC4762E0-PSG.edf,SC,EEG Fpz-Cz,100.0,8430000,-0.8171796891443864,36.63859571037946,36.64770768101306,-169.0,156.4974358974359,-86.86666666666666,88.88717948717948,0,0.0036204076161418,0.0,0.0,35.57754862362047
SC4762E0-PSG.edf,SC,EEG Pz-Oz,100.0,8430000,-0.31865977268809,14.274512135441732,14.278068523284343,-184.2786324786325,153.83418803418803,-44.57606837606836,42.39829059829061,0,0.0053594369625586,0.0,0.0,9.806603497587831
SC4762E0-PSG.edf,SC,EOG horizontal,100.0,8430000,-2.502846350683704,56.88388309793609,56.93891811542253,-481.9032967032967,451.4769230769231,-170.9296703296703,181.3846153846154,0,0.0119964555118096,0.0,0.0,59.40244520456597
SC4762E0-PSG.edf,SC,Resp oro-nasal,1.0,84300,77.31036773428232,76.65407727404636,108.87029219188048,-1157.0,1374.0,9.0,204.0,0,0.038149918741622,,,
SC4762E0-PSG.edf,SC,EMG submental,1.0,84300,2.169555207591934,1.025081303780431,2.3995335959618207,-3.274,3.646,-0.98,2.9400199999999894,0,0.0283870508546957,,,
SC4762E0-PSG.edf,SC,Temp rectal,1.0,84300,14.320903969436348,0.1511024713016915,14.32170110212649,9.426413366903182,27.829251544975968,14.27145799954223,15.037766079194324,0,0.0291581157546352,,,
SC4762E0-PSG.edf,SC,Event marker,1.0,84300,882.8997271648873,28.219327692940794,883.3505865075734,107.0,992.0,830.0,940.0,0,0.0429305211212469,,,
SC4771G0-PSG.edf,SC,EEG Fpz-Cz,100.0,8268000,0.5627615494192526,24.423759398427887,24.430241990487914,-185.0,186.0,-68.94449572649573,75.19829059829061,0,0.0024020348355525,0.0,0.0,20.75742860855439
SC4771G0-PSG.edf,SC,EEG Pz-Oz,100.0,8268000,0.4840550211091047,9.41245758730266,9.424896131853776,-207.0,158.74725274725276,-22.96092796092794,25.075702075702097,0,0.0053809934458072,0.0,0.0,7.791462573241759
SC4771G0-PSG.edf,SC,EOG horizontal,100.0,8268000,2.9118606202885946,59.02846735753137,59.100244422939056,-987.0,630.9956043956043,-184.76800976800988,184.93528693528685,0,0.010038715576579,0.0,0.0,44.59867756156424
SC4771G0-PSG.edf,SC,Resp oro-nasal,1.0,82680,71.38073294629898,63.920503503281374,95.8177426370704,-1538.0,1721.0,-52.0,172.0,0,0.0299592399521039,,,
SC4771G0-PSG.edf,SC,EMG submental,1.0,82680,2.89718335752298,0.798829818127556,3.0052954073498053,-4.438,5.8660000000000005,0.0135799999999999,3.5660000000000003,0,0.0273951063752585,,,
SC4771G0-PSG.edf,SC,Temp rectal,1.0,82680,14.243182035369705,0.1315096663768041,14.243789147731327,5.869077592126344,28.7186999313344,14.17532616159304,15.001698329137104,0,0.0271290170418123,,,
SC4771G0-PSG.edf,SC,Event marker,1.0,82680,995.3399854862118,50.23198132030149,996.6067121262308,31.0,1797.0,904.0,1107.0,0,0.0606199881469296,,,
SC4772G0-PSG.edf,SC,EEG Fpz-Cz,100.0,6726000,0.030037928371559,26.44571008135009,26.44572714039004,-176.0,176.0,-75.08473748473749,82.56312576312577,0,0.0021067530579141,0.0,0.0,27.359293655965907
SC4772G0-PSG.edf,SC,EEG Pz-Oz,100.0,6726000,0.4743794492024557,8.637645384212563,8.65066203508345,-128.5885225885226,148.4669108669109,-21.524786324786334,23.73162393162392,0,0.0051159754920836,0.0,0.0,7.7581130557470175
SC4772G0-PSG.edf,SC,EOG horizontal,100.0,6726000,0.2373980335454018,51.68359098585639,51.68413620270368,-558.0461538461539,485.0307692307693,-165.15384615384616,160.68351648351648,0,0.0159708830967634,0.0,0.0,48.10956775999507
SC4772G0-PSG.edf,SC,Resp oro-nasal,1.0,67260,69.89438001784121,39.60942860367148,80.33760758441683,-1578.0,883.0,-1.0,162.0,0,0.0174846488945717,,,
SC4772G0-PSG.edf,SC,EMG submental,1.0,67260,2.837165150163544,1.2924519754535873,3.1176815421329365,-2.704,3.888,0.024,3.772,0,0.0187632881844808,,,
SC4772G0-PSG.edf,SC,Temp rectal,1.0,67260,13.525817573595004,0.1459837092909781,13.526605349367957,6.899,16.179000000000002,13.446,13.613,0,0.0201162669679894,,,
SC4772G0-PSG.edf,SC,Event marker,1.0,67260,1116.937065120428,38.84742232351212,1117.6124237234558,133.0,1242.0,1036.0,1183.0,0,0.0391620452281479,,,
SC4801G0-PSG.edf,SC,EEG Fpz-Cz,100.0,8322000,1.4271940312084268,14.99916189132626,15.066908781994089,-146.83565323565327,147.6197802197802,-48.39975579975582,45.17826617826616,0,0.0040999808939929,0.0,0.0,13.00571908677925
SC4801G0-PSG.edf,SC,EEG Pz-Oz,100.0,8322000,-0.091517729870866,8.834630912396301,8.835104914665651,-152.89743589743588,153.68278388278387,-23.41318681318681,25.27838827838828,0,0.0061343500773252,0.0,0.0,6.79296066798079
SC4801G0-PSG.edf,SC,EOG horizontal,100.0,8322000,0.0019378039701551,47.7479250779372,47.74792511725916,-525.6888888888889,556.3545787545787,-152.6051282051282,157.6275946275946,0,0.0162617354743276,0.0,0.0,41.35933635438752
SC4801G0-PSG.edf,SC,Resp oro-nasal,1.0,83220,7.371184811343427,51.82444879750132,52.34603957022743,-300.0,1260.0,-84.0,175.0,0,0.0140833223182205,,,
SC4801G0-PSG.edf,SC,EMG submental,1.0,83220,3.790307546262918,1.0184314071090268,3.924746339095521,-1.344,5.004,0.752,4.7620000000000005,0,0.006008243309821,,,
SC4801G0-PSG.edf,SC,Temp rectal,1.0,83220,13.240451694304255,0.0908607724295125,13.240763450389515,9.824,14.927,13.019,13.411,0,0.0093728595633208,,,
SC4801G0-PSG.edf,SC,Event marker,1.0,83220,1297.302511415525,81.50007904796615,1299.8600190058364,130.0,1742.0,1110.0,1454.0,0,0.0098415025414869,,,
SC4802G0-PSG.edf,SC,EEG Fpz-Cz,100.0,8430000,0.5708460116711918,19.9644705297252,19.97262998959592,-205.00000000000003,206.0,-62.078388278388296,59.06373626373625,0,0.0030011897997506,0.0,0.0,16.04820929479862
SC4802G0-PSG.edf,SC,EEG Pz-Oz,100.0,8430000,0.4573143078748094,12.944674388992585,12.952749955635962,-187.0,188.0,-33.611721611721606,34.97802197802198,0,0.0035824479032596,0.0,0.0,11.48595298153166
SC4802G0-PSG.edf,SC,EOG horizontal,100.0,8430000,0.770809757610296,71.95710276264742,71.96123112952299,-793.9960927960927,847.1811965811966,-221.72893772893767,229.3626373626374,0,0.0081257510388505,0.0,0.0,44.99372347577974
SC4802G0-PSG.edf,SC,Resp oro-nasal,1.0,84300,-116.09787663107949,79.39603671185746,140.65008924204764,-406.0,1622.0,-258.0,133.0,0,0.0183157570077936,,,
SC4802G0-PSG.edf,SC,EMG submental,1.0,84300,5.896462752075919,1.1510001009800168,6.007751178192613,-2.374,7.306,-0.678,6.708,0,0.0118862619959904,,,
SC4802G0-PSG.edf,SC,Temp rectal,1.0,84300,13.494303712930012,0.0896925786227503,13.494601789436274,7.689,15.7,13.401,13.71,0,0.0169752903355911,,,
SC4802G0-PSG.edf,SC,Event marker,1.0,84300,1801.6696915776984,147.4431755174394,1807.692774659551,157.0,2063.0,1324.0,1982.0,0,0.0173074413694112,,,
SC4811G0-PSG.edf,SC,EEG Fpz-Cz,100.0,7206000,-0.9703532688978168,23.65483312057692,23.674727357010937,-193.0,176.18388278388278,-72.78315018315018,68.81391941391941,0,0.0031182391316113,0.0,0.0,20.239367060509203
SC4811G0-PSG.edf,SC,EEG Pz-Oz,100.0,7206000,-0.5018667322408406,13.738774417098307,13.747937761746115,-191.0,186.46446886446887,-43.06593406593407,40.484249084249086,0,0.0043463840499362,0.0,0.0,11.358669993474088
SC4811G0-PSG.edf,SC,EOG horizontal,100.0,7206000,-1.4303600184624958,64.35305857018312,64.36895274213988,-521.7326007326008,535.6754578754578,-211.1135531135532,218.9743589743589,0,0.0119872494965993,0.0,0.0,38.82337298374806
SC4811G0-PSG.edf,SC,Resp oro-nasal,1.0,72060,1.1724257563141829,26.22575314094621,26.25194678426572,-106.0,985.0,-52.0,81.0,0,0.0271305458027449,,,
SC4811G0-PSG.edf,SC,EMG submental,1.0,72060,2.337393394393561,0.8897503027689776,2.5010124912587184,-1.13,3.21,0.248,3.088,0,0.0108799733551672,,,
SC4811G0-PSG.edf,SC,Temp rectal,1.0,72060,13.506956369691924,0.1132655822796435,13.5074312681905,9.114,14.894,13.353,13.7,0,0.0129616009103651,,,
SC4811G0-PSG.edf,SC,Event marker,1.0,72060,840.4642381348876,58.24049940350636,842.4797275628814,98.0,1000.0,748.0,961.0,0,0.0249240205942352,,,
SC4812G0-PSG.edf,SC,EEG Fpz-Cz,100.0,7248000,0.966516645710181,30.17361315199857,30.18908884138269,-190.0,192.0,-89.99902319902321,89.94676434676434,0,0.0021950913287683,0.0,0.0,28.018397458144683
SC4812G0-PSG.edf,SC,EEG Pz-Oz,100.0,7248000,0.9145074024209991,13.26757996646526,13.29906019069142,-156.74798534798532,183.1846153846154,-38.19853479853478,40.289377289377306,0,0.0039748951088508,0.0,0.0,10.236494232370433
SC4812G0-PSG.edf,SC,EOG horizontal,100.0,7248000,2.465403419881655,73.39150081310866,73.43289866009177,-616.3999999999999,576.0593406593407,-230.5006105006104,247.59145299145308,0,0.0114707663779889,0.0,0.0,75.91363445481684
SC4812G0-PSG.edf,SC,Resp oro-nasal,1.0,72480,-44.45217991169978,33.95213653468748,55.93517564263284,-475.0,671.0,-106.0,71.0,0,0.0301052718718525,,,
SC4812G0-PSG.edf,SC,EMG submental,1.0,72480,2.9137602097130246,0.9682823905010776,3.0704347163653174,-2.25,3.774,0.352,3.63,0,0.0158942590267525,,,
SC4812G0-PSG.edf,SC,Temp rectal,1.0,72480,13.331186023730686,0.1440789623442809,13.33196457941224,6.264,15.759,13.23079,13.457,0,0.0144179693428441,,,
SC4812G0-PSG.edf,SC,Event marker,1.0,72480,947.902635209713,28.825215436004108,948.3408136753634,76.0,1082.0,888.0,1008.0,0,0.0357620828101932,,,
SC4821G0-PSG.edf,SC,EEG Fpz-Cz,100.0,8166000,-0.0381731084275002,32.17638131739555,32.17640396111175,-181.00000000000003,181.0,-86.23467643467646,98.6107448107448,0,0.0018577049445321,0.0,0.0,29.224558428141307
SC4821G0-PSG.edf,SC,EEG Pz-Oz,100.0,8166000,0.4028356640909795,15.197366759522795,15.20270479209908,-196.00000000000003,183.6600732600733,-39.47179487179488,43.25494505494505,0,0.0029108534298964,0.0,0.0,13.330022150770056
SC4821G0-PSG.edf,SC,EOG horizontal,100.0,8166000,-0.6742284045913128,123.05871047032512,123.06055747704404,-789.3638583638584,740.2297924297924,-388.24664224664224,372.66056166056165,0,0.0085109092712579,0.0,0.0,86.83282505357676
SC4821G0-PSG.edf,SC,Resp oro-nasal,1.0,81660,65.4996448689689,113.9899564707997,131.46829904648442,-2051.0,2257.0,-289.0,334.0,0,0.0733783171481404,,,
SC4821G0-PSG.edf,SC,EMG submental,1.0,81660,2.7624543228018608,1.0933207176448492,2.9709432975400487,-4.266,4.142,-0.628,3.5,0,0.0599199108487735,,,
SC4821G0-PSG.edf,SC,Temp rectal,1.0,81660,14.3028544685642,0.2108584591030316,14.30440866441889,6.823071641107805,15.950102998397805,14.207370107576104,15.14351110093843,0,0.0586830600423713,,,
SC4821G0-PSG.edf,SC,Event marker,1.0,81660,957.5929341170709,31.829563051405813,958.1217816932168,92.0,1076.0,887.0,1019.0,0,0.1553043755128032,,,
SC4822G0-PSG.edf,SC,EEG Fpz-Cz,100.0,8430000,0.1357968525108739,33.63421754799863,33.63449168415142,-182.0,182.0,-92.57777777777778,100.31111111111112,0,0.0017390293464167,0.0,0.0,31.735279095859887
SC4822G0-PSG.edf,SC,EEG Pz-Oz,100.0,8430000,0.5594981358802069,13.005504360681488,13.017533631212888,-164.83687423687422,149.68791208791208,-32.89035409035408,36.83516483516484,0,0.0032503004155402,0.0,0.0,12.27618263204332
SC4822G0-PSG.edf,SC,EOG horizontal,100.0,8430000,1.3452893362417346,81.43557277450779,81.44668388897337,-584.4398046398046,517.0229548229548,-259.82368742368743,258.397557997558,0,0.0118102156704812,0.0,0.0,63.60757607634487
SC4822G0-PSG.edf,SC,Resp oro-nasal,1.0,84300,63.22303677342824,114.62202407942328,130.90210381395002,-2378.0,1573.0,-355.0799999999999,281.0,0,0.0741527183003357,,,
SC4822G0-PSG.edf,SC,EMG submental,1.0,84300,2.756531767497034,1.1722670768141044,2.9954427860672967,-4.134,4.992,-0.598,3.764,0,0.0616496043843936,,,
SC4822G0-PSG.edf,SC,Temp rectal,1.0,84300,14.250226927720831,0.2214729401593524,14.251947858267055,7.1467154955367365,16.091096360723277,14.124971389333943,15.134355687800412,0,0.0619580303443694,,,
SC4822G0-PSG.edf,SC,Event marker,1.0,84300,1041.1911862396205,58.25714356549036,1042.8197260694094,104.0,1193.0,896.0,1129.0,0,0.1618880413765288,,,
ST7011J0-PSG.edf,ST,EEG Fpz-Cz,100.0,3590000,-205.65836952734983,669.6487729855679,700.5175544679264,-2812.4885552096684,2986.083134956968,-2353.232008789599,137.8868339132027,0,0.1009529274454803,1.666944490748458e-05,0.1158333333333333,32.489801417131446
ST7011J0-PSG.edf,ST,EEG Pz-Oz,100.0,3590000,-205.6685634626694,666.3826409627653,697.3990121682905,-2437.465665629006,2966.306537264237,-2353.232008789599,104.19337117744004,0,0.1095713358533032,2.5004167361226877e-05,0.1158333333333333,12.215541144731851
ST7011J0-PSG.edf,ST,EOG horizontal,100.0,3590000,-205.6790308997861,668.6683535492051,699.5864712743378,-2718.7328328145027,2906.6105108954403,-2353.232008789599,225.41659036806445,0,0.1020504235387842,3.333888981496916e-05,0.1158333333333333,38.84436199799235
ST7011J0-PSG.edf,ST,EMG submental,100.0,3590000,-205.6493300940219,665.1874449349507,696.2513797955502,-2999.633766709394,656.8394067020693,-2353.232008789599,60.61160959531221,0,0.1445937175312466,1.666944490748458e-05,0.1158333333333333,3.379609940206089
ST7011J0-PSG.edf,ST,Marker,10.0,359000,-0.813949860724234,9.073463917527148,9.10989911241832,-30.0,34.0,-30.0,2.0,0,0.9998328644251928,,,
ST7012J0-PSG.edf,ST,EEG Fpz-Cz,100.0,3132000,0.2485810798643488,43.8227914700658,43.82349649197492,-2324.299578831716,2625.3433437099434,-96.86870536531772,75.99340780076909,0,0.02418909383491,5.834305717619603e-05,0.0583333333333333,23.4445493980441
ST7012J0-PSG.edf,ST,EEG Pz-Oz,100.0,3132000,0.1847406069697048,15.494701197507757,15.495802473312304,-2508.148690715986,2835.92748580846,-34.24281267167186,30.580479765610693,0,0.0366540123052755,5.834305717619603e-05,0.0583333333333333,9.204368086874512
ST7012J0-PSG.edf,ST,EOG horizontal,100.0,3132000,0.257884832024973,61.991907356675625,61.99244375168031,-2883.1715802966487,2648.4160410181285,-195.0192272477568,207.10492583775863,0,0.0269030233174435,6.667777962993832e-05,0.0583333333333333,29.62352328331363
ST7012J0-PSG.edf,ST,EMG submental,100.0,3132000,0.2425624356431521,20.57287533629751,20.57430524071281,-2062.4427760483427,2906.6105108954403,-38.271378868339134,33.14411279985351,0,0.1051056995711991,4.167361226871145e-05,0.0583333333333333,2.627692165838668
ST7012J0-PSG.edf,ST,Marker,10.0,313200,1.7097318007662836,3.057479960425125,3.5030510328787314,-30.0,34.0,2.0,2.0,0,0.999744564002682,,,
ST7021J0-PSG.edf,ST,EEG Fpz-Cz,100.0,3060000,0.121122205825503,35.44432427275692,35.444531224733225,-1195.568577183666,2156.5647317341145,-94.671305621681,89.54403955319539,0,0.1085689822515759,1.666944490748458e-05,0.1,25.27746756125164
ST7021J0-PSG.edf,ST,EEG Pz-Oz,100.0,3060000,0.1188399500678008,55.03163033888312,55.03175865524574,-843.6183849111884,1463.2851126167368,-120.30763596410914,89.54403955319539,0,0.1108271595658809,0.0,0.1,15.788653728624872
ST7021J0-PSG.edf,ST,EOG horizontal,100.0,3060000,0.0832473403204899,68.8466376663173,68.84668799642331,-1758.1029115546603,2517.670756271745,-223.21919062442777,220.6555575901849,0,0.116608224209883,2.5004167361226877e-05,0.1008333333333333,19.587291772443603
ST7021J0-PSG.edf,ST,EMG submental,100.0,3060000,0.1809477303709128,10.11599187491893,10.11761007820287,-2601.904413111152,1804.6145394616367,-19.59348104742721,22.889580662882256,0,0.1761116866394988,1.666944490748458e-05,0.1,3.326493639373532
ST7021J0-PSG.edf,ST,Marker,10.0,306000,-1.1781437908496732,9.577080658536216,9.649274414795451,-30.0,34.0,-30.0,2.0,0,0.9998692767737508,,,
ST7022J0-PSG.edf,ST,EEG Fpz-Cz,100.0,3076000,-68.99204633208306,238.941060936697,248.7020970129577,-2883.1715802966487,2954.9533052554475,-847.2807178172495,127.99853506683758,0,0.0911023767957633,4.167361226871145e-05,0.1075,34.46390150965679
ST7022J0-PSG.edf,ST,EEG Pz-Oz,100.0,3076000,-68.96897982597484,239.12746696772768,248.8747991192307,-2601.904413111152,2086.2479399377403,-847.2807178172495,95.77000549349935,0,0.0936641536545957,1.666944490748458e-05,0.1075,21.65911841766008
ST7022J0-PSG.edf,ST,EOG horizontal,100.0,3076000,-68.87710872866323,256.31611949336644,265.409135522796,-2921.9923091008973,2719.0990661051087,-847.2807178172495,338.94891045596046,0,0.097194724300144,4.167361226871145e-05,0.1075,53.381939934181474
ST7022J0-PSG.edf,ST,EMG submental,100.0,3076000,-68.9503972964458,237.0795326181401,246.9025355758289,-2883.1715802966487,2460.904596227797,-847.2807178172495,134.9569675883538,0,0.140657154282036,3.333888981496916e-05,0.1075,19.399224225953468
ST7022J0-PSG.edf,ST,Marker,10.0,307600,-0.6156566970091027,8.776055280435738,8.797623511712475,-30.0,34.0,-30.0,2.0,0,0.999869956760623,,,
ST7041J0-PSG.edf,ST,EEG Fpz-Cz,100.0,3116000,-1.373249431903526,62.49774671309102,62.512831948456025,-1199.230910089727,1216.0776414576085,-151.8036989562351,155.09979857169017,0,0.0297914948379166,8.33472245374229e-06,0.0708333333333333,39.17425444482168
ST7041J0-PSG.edf,ST,EEG Pz-Oz,100.0,3116000,-0.7244504678877104,622.4982262531818,622.4986478032203,-4507.049990844168,4526.460355246292,-2922.358542391504,2861.933711774404,0,0.0307767354837467,0.0007334555759293,0.0708333333333333,27.197031616519112
ST7041J0-PSG.edf,ST,EOG horizontal,100.0,3116000,-1.375794494700312,113.33827229120683,113.34662225424889,-1500.2746749679543,1300.3112982970151,-348.1047427211133,342.6112433620216,0,0.0373043559189856,1.666944490748458e-05,0.0708333333333333,61.57823742582736
ST7041J0-PSG.edf,ST,EMG submental,100.0,3116000,-1.505599984391598,96.57142347499848,96.58315931517517,-1887.0170298480127,2866.324848928768,-280.717817249588,206.0062259659403,0,0.0695509292391824,0.0005000833472245,0.0708333333333333,22.582845413658603
ST7041J0-PSG.edf,ST,Marker,10.0,311600,0.3701668806161746,4.463438504571251,4.478761748920604,-31.0,33.0,-31.0,1.0,0,0.9998716261754228,,,
ST7042J0-PSG.edf,ST,EEG Fpz-Cz,100.0,3471000,0.2218343940751452,54.79841566319068,54.798864675230405,-2675.517304522981,2648.4160410181285,-157.66343160593297,162.05823109320636,0,0.0193143742851463,9.16819469911652e-05,0.0533333333333333,35.99759788988463
ST7042J0-PSG.edf,ST,EEG Pz-Oz,100.0,3471000,0.1642312047329031,50.11406260866604,50.11433171293324,-2882.4391137154366,2906.6105108954403,-117.3777696392602,125.06866874198865,0,0.0238433415250404,9.16819469911652e-05,0.0533333333333333,16.590248660892115
ST7042J0-PSG.edf,ST,EOG horizontal,100.0,3471000,0.2014451918058493,140.15269964333115,140.15284441451445,-2319.5385460538364,2947.2624061527194,-456.51345907342966,429.7747665262772,0,0.0275339312415189,9.16819469911652e-05,0.0533333333333333,43.04691134287868
ST7042J0-PSG.edf,ST,EMG submental,100.0,3471000,0.1619021256038798,15.766584099073793,15.767415338331192,-2601.17194652994,2941.4026735030216,-32.781541842153366,38.637612158945245,0,0.0947193740114491,8.33472245374229e-05,0.0533333333333333,4.375353177154795
ST7042J0-PSG.edf,ST,Marker,10.0,347100,0.7415845577643331,2.895759906313648,2.9892094425329496,-31.0,33.0,1.0,1.0,0,0.9997695122302572,,,
ST7051J0-PSG.edf,ST,EEG Fpz-Cz,100.0,3220000,-0.5842764219689923,48.83269890611773,48.83619417392003,-2718.7328328145027,637.0628090093389,-154.00109869987182,123.96996887017028,0,0.0447734309733881,3.333888981496916e-05,0.0683333333333333,32.15590751815753
ST7051J0-PSG.edf,ST,EEG Pz-Oz,100.0,3220000,-0.4674683611970137,39.55408279511492,39.55684507681982,-2449.1851309284016,2531.953854605384,-100.89727156198498,68.30617103095013,0,0.0543293612713082,4.167361226871145e-05,0.0683333333333333,10.960940301560916
ST7051J0-PSG.edf,ST,EOG horizontal,100.0,3220000,-0.618333843254426,174.67196135937735,174.6730557981783,-3012.451931880608,2742.1717634132942,-565.2847463834461,565.6509796740557,0,0.0505312128298535,5.834305717619603e-05,0.0683333333333333,49.563630656041056
ST7051J0-PSG.edf,ST,EMG submental,100.0,3220000,-0.586142505695382,28.78755482523537,28.79352142154403,-2812.4885552096684,2531.5876213147776,-57.31550997985717,35.70774583409632,0,0.1045810701275469,3.333888981496916e-05,0.0683333333333333,4.193333491849426
ST7051J0-PSG.edf,ST,Marker,10.0,322000,0.9282981366459628,5.773796168625007,5.847944906317876,-30.0,34.0,-30.0,2.0,0,0.9996894313487996,,,
ST7052J0-PSG.edf,ST,EEG Fpz-Cz,100.0,3283000,116.90260096473403,481.08704080489184,495.0868196010956,-2812.4885552096684,2625.3433437099434,-170.48159677714705,2047.060977842886,0,0.0710602225410372,8.33472245374229e-06,0.1125,39.65630085159006
ST7052J0-PSG.edf,ST,EEG Pz-Oz,100.0,3283000,116.90315896014056,479.68572878795936,493.725376072261,-2906.244277604834,2929.31697491302,-97.60117194652994,2047.060977842886,0,0.0776974648110411,8.33472245374229e-06,0.1125,12.771832865398778
ST7052J0-PSG.edf,ST,EOG horizontal,100.0,3283000,116.92735713039086,517.7077992885294,530.7479366796167,-2756.4548617469327,2929.683208203626,-623.5121772569127,2047.060977842886,0,0.0755073880822055,8.33472245374229e-06,0.1125,121.42517263945965
ST7052J0-PSG.edf,ST,EMG submental,100.0,3283000,116.94079888499078,478.93103825272885,493.0011053189401,-2976.9273026918145,2742.1717634132942,-46.6947445522798,2047.060977842886,0,0.1459736398831553,8.33472245374229e-06,0.1125,3.642300785647892
ST7052J0-PSG.edf,ST,Marker,10.0,328300,0.0431556503198294,7.67029639311865,7.6704177962118525,-30.0,34.0,-30.0,2.0,0,0.9998172347619484,,,
ST7061J0-PSG.edf,ST,EEG Fpz-Cz,100.0,3257000,-8.234618131516422,186.46600969295315,186.6477476600893,-2917.96374290423,2996.703900384545,-156.19849844350853,129.82970151986817,0,0.0394689575344106,0.000225037506251,0.0633333333333333,27.1899829976051
ST7061J0-PSG.edf,ST,EEG Pz-Oz,100.0,3257000,-8.170678881489572,325.5675934934073,325.67010597608254,-3597.3264969785755,3411.6462186412746,-1101.084050540194,544.7756821095071,0,0.0459504020583422,0.0001833638939823,0.0633333333333333,13.733939025611802
ST7061J0-PSG.edf,ST,EOG horizontal,100.0,3257000,-8.220110143228476,198.32725599321373,198.49753318508652,-2917.96374290423,2988.280534700604,-323.5671122505036,271.195751693829,0,0.0478509298462691,0.0001750291715285,0.0633333333333333,29.8550233199065
ST7061J0-PSG.edf,ST,EMG submental,100.0,3257000,-8.190678570016981,192.4811306674557,192.65532143820863,-2917.96374290423,2964.8416041018127,-233.8399560520052,184.7646951107856,0,0.1120113970260885,0.0002000333388898,0.0633333333333333,5.734965709533285
ST7061J0-PSG.edf,ST,Marker,10.0,325700,0.1338286766963463,5.202071655669102,5.20379281153873,-31.0,33.0,-31.0,1.0,0,0.9998157757376648,,,
ST7062J0-PSG.edf,ST,EEG Fpz-Cz,100.0,3278000,-12.11005053416098,184.7900815797425,185.1864670384633,-3269.181468595495,3107.672587438198,-165.3579930415674,112.98297015198682,0,0.063389455123414,0.0,0.0708333333333333,22.79022225922461
ST7062J0-PSG.edf,ST,EEG Pz-Oz,100.0,3278000,-10.43593068113248,174.9178968829842,175.22893396681852,-2753.158762131477,2929.31697491302,-271.56198498443507,172.67899652078373,0,0.0684840405248338,1.666944490748458e-05,0.0708333333333333,14.29869983429284
ST7062J0-PSG.edf,ST,EOG horizontal,100.0,3278000,-10.69700965714062,238.0226980737168,238.26294469324588,-3110.236220472441,4058.7804431422815,-478.48745650979663,413.294268449002,0,0.0704730642863462,1.666944490748458e-05,0.0708333333333333,26.74401251156228
ST7062J0-PSG.edf,ST,EMG submental,100.0,3278000,-9.76324146180935,209.418635892002,209.64609689357084,-4222.120490752609,3250.1373374839773,-51.0895440395532,28.74931331258012,0,0.1662329659333921,4.167361226871145e-05,0.0708333333333333,3.914185778382942
ST7062J0-PSG.edf,ST,Marker,10.0,327800,-0.5902379499694936,6.958985737427213,6.983971887923059,-31.0,33.0,-31.0,1.0,0,0.9998169559779126,,,
ST7071J0-PSG.edf,ST,EEG Fpz-Cz,100.0,2746000,6.062626292802843,210.0326848369016,210.1201659464493,-2156.1984984435085,2611.792711957517,-135.689434169566,238.23475553927847,0,0.1210237473552343,1.666944490748458e-05,0.12,26.13153045311499
ST7071J0-PSG.edf,ST,EEG Pz-Oz,100.0,2746000,6.039536657538394,212.3831378449455,212.4689936058973,-1851.858633949826,2741.805530122688,-143.01409998168833,383.9956052005127,0,0.1251570471851681,0.0,0.12,16.038587399675336
ST7071J0-PSG.edf,ST,EOG horizontal,100.0,2746000,6.060875014820713,234.1499450171941,234.22837351076893,-2767.8080937557224,2611.792711957517,-340.78373924189697,479.9487273393152,0,0.123052159694682,1.666944490748458e-05,0.12,129.69607004880334
ST7071J0-PSG.edf,ST,EMG submental,100.0,2746000,6.019087076165986,204.7568929191952,204.8453431424624,-2789.4158579014834,2611.792711957517,-94.3050723310749,82.95184032228529,0,0.1749897122713484,0.0,0.12,3.819095247617781
ST7071J0-PSG.edf,ST,Marker,10.0,274600,-1.52244719592134,10.02110512044334,10.136093591682377,-30.0,34.0,-30.0,2.0,0,0.9997814924068612,,,
ST7072J0-PSG.edf,ST,EEG Fpz-Cz,100.0,2746000,-7.225538090196081,96.9606339391439,97.22948593185887,-2156.1984984435085,649.5147408899469,-193.5542940853324,130.56216810108037,0,0.0198471225314003,8.33472245374229e-06,0.0708333333333333,24.70433117784046
ST7072J0-PSG.edf,ST,EEG Pz-Oz,100.0,2746000,-7.336281649138101,111.17411866915496,111.41591309278414,-1035.5246291887931,2063.175242629555,-349.57333821644374,119.5751693828969,0,0.0252295164949617,1.666944490748458e-05,0.07,13.009918197595866
ST7072J0-PSG.edf,ST,EOG horizontal,100.0,2746000,-7.102820996610672,141.35696192419812,141.5352986026775,-2438.564365500824,1125.2517853872916,-554.6603186229628,366.050173960813,0,0.0278588050211399,8.33472245374229e-06,0.0708333333333333,54.72241018046523
ST7072J0-PSG.edf,ST,EMG submental,100.0,2746000,-7.195894266075017,93.1444242956076,93.4219710327753,-1472.4409448818897,2930.049441494232,-172.67899652078373,67.2038088262223,0,0.0807249844318442,2.5004167361226877e-05,0.0708333333333333,4.990301064230141
ST7072J0-PSG.edf,ST,Marker,10.0,274600,1.7886088856518572,3.1197612570163886,3.596113464090539,-30.0,34.0,2.0,2.0,0,0.9997086565424816,,,
ST7081J0-PSG.edf,ST,EEG Fpz-Cz,100.0,2900000,1.0627655664934426,58.59013333031247,58.59977128208879,-2906.244277604834,1952.939022157114,-127.26606848562534,126.5336019044131,0,0.0145586708919685,5.000833472245375e-05,0.06,33.93094997195382
ST7081J0-PSG.edf,ST,EEG Pz-Oz,100.0,2900000,1.052361257569349,51.10629272670229,51.117126488915794,-2907.709210767259,2847.2807178172498,-69.03497527925288,85.5154733565281,0,0.0225518019027651,4.167361226871145e-05,0.06,15.37277921750593
ST7081J0-PSG.edf,ST,EOG horizontal,100.0,2900000,1.0579564182384182,101.81262553855132,101.81812211407248,-2117.7440029298664,1952.939022157114,-317.7073796008057,328.32814502838306,0,0.0210862796078607,3.333888981496916e-05,0.06,32.12072479247366
ST7081J0-PSG.edf,ST,EMG submental,100.0,2900000,1.0322080710240031,42.62967157130587,42.64216635889044,-2800.0366233290606,1952.939022157114,-23.988280534700603,23.25581395348837,0,0.1055693295494122,5.834305717619603e-05,0.06,4.719787212437834
ST7081J0-PSG.edf,ST,Marker,10.0,290000,0.898151724137931,1.831584775753744,2.039945908681117,-31.0,33.0,1.0,1.0,0,0.9998620642091106,,,
ST7082J0-PSG.edf,ST,EEG Fpz-Cz,100.0,2853000,-0.2022091710695215,45.46161248112239,45.462062183018126,-2976.9273026918145,2517.670756271745,-137.8868339132027,108.95440395531952,0,0.0339713773970466,5.834305717619603e-05,0.0641666666666666,36.71008697025121
ST7082J0-PSG.edf,ST,EEG Pz-Oz,100.0,2853000,-0.185114689876589,48.99837401938274,48.99872369757938,-1596.227797106757,2588.353781358725,-120.67386925471526,152.53616553744737,0,0.0396566409275882,4.167361226871145e-05,0.0641666666666666,16.083920457842908
ST7082J0-PSG.edf,ST,EOG horizontal,100.0,2853000,-0.3598444259466467,112.93615775517289,112.93673103340728,-2094.305072331075,2085.515473356528,-360.1904413111152,356.8980040285696,0,0.0379531649252188,6.667777962993832e-05,0.0641666666666666,74.95132533857605
ST7082J0-PSG.edf,ST,EMG submental,100.0,2853000,-0.0819276579496594,31.99014673953065,31.990251648867066,-2652.0783739241897,2718.7328328145027,-86.61417322834646,89.9102728438015,0,0.097476682357807,5.834305717619603e-05,0.0641666666666666,18.89761624752923
ST7082J0-PSG.edf,ST,Marker,10.0,285300,0.244248159831756,4.873324102358225,4.879441051002337,-31.0,33.0,-31.0,1.0,0,0.9998247397385116,,,
ST7091J0-PSG.edf,ST,EEG Fpz-Cz,100.0,2986000,0.1632604476754303,26.89100387486884,26.891499463064253,-2601.904413111152,2460.904596227797,-83.68430690349753,60.61160959531221,0,0.0675554841107974,3.333888981496916e-05,0.0691666666666666,24.70255689406786
ST7091J0-PSG.edf,ST,EEG Pz-Oz,100.0,2986000,0.1799553381813659,38.42895145138248,38.42937279707343,-1195.568577183666,2179.6374290423,-93.20637245925654,103.4609045962278,0,0.0759245677313052,2.5004167361226877e-05,0.0691666666666666,10.383826603194535
ST7091J0-PSG.edf,ST,EOG horizontal,100.0,2986000,0.2191640093493739,60.59703937623773,60.59743570505524,-2789.4158579014834,1710.8588170664714,-190.62442776048343,192.8218275041201,0,0.07327218108567,5.000833472245375e-05,0.0691666666666666,43.01008047567534
ST7091J0-PSG.edf,ST,EMG submental,100.0,2986000,0.2802740690763082,23.95310132854792,23.95474100902537,-1593.6641640725145,2460.904596227797,-48.892144295916495,68.66874198864677,0,0.1307539542999139,5.000833472245375e-05,0.0691666666666666,6.058036113678542
ST7091J0-PSG.edf,ST,Marker,10.0,298600,0.3169457468184862,7.147982318162745,7.155005648299208,-30.0,34.0,-30.0,2.0,0,0.9998660370407584,,,
ST7092J0-PSG.edf,ST,EEG Fpz-Cz,100.0,2887000,-3.721721814038353,51.16433514602055,51.2995166078142,-1826.588536898004,1406.5189525727887,-117.01519868156008,137.5206006225966,0,0.0549430375581488,8.33472245374229e-06,0.0533333333333333,26.674767079272016
ST7092J0-PSG.edf,ST,EEG Pz-Oz,100.0,2887000,-3.6884478641159033,36.12929030004161,36.317079525079976,-2249.587987548068,700.421168284197,-94.3050723310749,98.69987181834829,0,0.065376049103045,8.33472245374229e-06,0.0533333333333333,10.830863110510798
ST7092J0-PSG.edf,ST,EOG horizontal,100.0,2887000,-3.6678430235570953,100.9965618288906,101.06314151906412,-2625.3433437099434,2477.3850943050725,-295.7370444973447,303.4242812671672,0,0.0591688921679673,1.666944490748458e-05,0.0533333333333333,80.92213026887086
ST7092J0-PSG.edf,ST,EMG submental,100.0,2887000,-3.647971918139564,50.25253453027862,50.38476878812067,-1312.396996887017,1959.164988097418,-117.01153634865408,121.7725691265336,0,0.0764983598834772,0.0,0.0533333333333333,12.458893820475872
ST7092J0-PSG.edf,ST,Marker,10.0,288700,0.6803186698995497,6.365266626502903,6.401519563282265,-30.0,34.0,-30.0,2.0,0,0.9999307215352108,,,
ST7101J0-PSG.edf,ST,EEG Fpz-Cz,100.0,3296000,-8.361186804756763,61.16881699871176,61.73761914591403,-2977.293535982421,2648.4160410181285,-188.42702801684672,141.18293352865774,0,0.0533102345577504,6.667777962993832e-05,0.0541666666666666,41.12668380863068
ST7101J0-PSG.edf,ST,EEG Pz-Oz,100.0,3296000,-8.442273255369491,69.1188811539816,69.63254777542296,-2320.2710126350485,2289.141182933529,-188.42702801684672,76.72587438198133,0,0.058179788166833,5.834305717619603e-05,0.0541666666666666,19.209918160947836
ST7101J0-PSG.edf,ST,EOG horizontal,100.0,3296000,-8.293113636323227,117.29522163671685,117.5880298014705,-2977.293535982421,2273.02691814686,-344.07617652444605,324.66581212232194,0,0.0612926616889007,9.16819469911652e-05,0.0541666666666666,66.31113868999176
ST7101J0-PSG.edf,ST,EMG submental,100.0,3296000,-8.354005476609956,39.96313550600404,40.82697156261373,-2719.831532686321,2648.4160410181285,-188.42702801684672,16.297381431972166,0,0.1255343614513393,8.33472245374229e-05,0.0541666666666666,3.6023017385172067
ST7101J0-PSG.edf,ST,Marker,10.0,329600,0.546504854368932,6.675849272722713,6.698181176107523,-30.0,34.0,-30.0,2.0,0,0.999848296368215,,,
ST7102J0-PSG.edf,ST,EEG Fpz-Cz,100.0,2982000,-0.6323012849728532,66.92863508796557,66.93162182147564,-3000.0,2531.5876213147776,-115.54660318622965,155.09979857169017,0,0.0178437888792383,0.0,0.0516666666666666,36.142827178698255
ST7102J0-PSG.edf,ST,EEG Pz-Oz,100.0,2982000,-0.6356404925309657,55.16915779312765,55.17281948966142,-3000.0,1657.0225233473725,-114.44790331441128,89.9102728438015,0,0.0243964600820257,0.0,0.0516666666666666,22.103206763797715
ST7102J0-PSG.edf,ST,EOG horizontal,100.0,2982000,-0.6081244839481862,107.18948462532104,107.19120966585788,-2596.777147042666,2367.148873832632,-338.5826771653543,333.8216443874748,0,0.0309625451460266,0.0,0.0516666666666666,38.61926055929405
ST7102J0-PSG.edf,ST,EMG submental,100.0,2982000,-0.614052133100133,12.607108619799757,12.622054023557109,-2906.244277604834,2812.8547885002745,-42.66617835561252,12.635048525911005,0,0.0914724730800572,0.0,0.0516666666666666,2.927337458582784
ST7102J0-PSG.edf,ST,Marker,10.0,298200,1.7161636485580147,3.0049412086402194,3.4604753049279364,-30.0,34.0,2.0,2.0,0,0.9998658573392804,,,
ST7111J0-PSG.edf,ST,EEG Fpz-Cz,100.0,3140000,16.782800564979,134.9905704514632,136.02983682124784,-3000.0,3002.1973997436367,-159.49459805896356,776.5976927302692,0,0.0316497823241475,8.33472245374229e-05,0.0741666666666666,24.405381576068766
ST7111J0-PSG.edf,ST,EEG Pz-Oz,100.0,3140000,16.916794129070407,116.33543686972536,117.55897156438216,-2718.7328328145027,2906.6105108954403,-85.14924006592199,776.5976927302692,0,0.0373249596336294,4.167361226871145e-05,0.0741666666666666,12.946855748198622
ST7111J0-PSG.edf,ST,EOG horizontal,100.0,3140000,17.013521822955358,148.0172580885356,148.9918407728032,-2414.0267350302142,2554.6603186229627,-318.0736128914118,776.5976927302692,0,0.0383058544772435,5.000833472245375e-05,0.0741666666666666,24.92745506928192
ST7111J0-PSG.edf,ST,EMG submental,100.0,3140000,16.690249913398652,113.24342195091624,114.46675088131477,-2718.7328328145027,2531.5876213147776,-18.128547885002742,776.5976927302692,0,0.1387838814773295,5.000833472245375e-05,0.0741666666666666,4.706842060767279
ST7111J0-PSG.edf,ST,Marker,10.0,314000,0.2840764331210191,4.7449350744135605,4.753431211267791,-31.0,33.0,-31.0,1.0,0,0.9998089111118188,,,
ST7112J0-PSG.edf,ST,EEG Fpz-Cz,100.0,3067000,-62.98836430146073,332.4579359857818,338.3722997488117,-2531.221388024172,2835.92748580846,-1788.5002746749678,117.01153634865408,0,0.0439844929393314,0.0001750291715285,0.0541666666666666,30.936513469445323
ST7112J0-PSG.edf,ST,EEG Pz-Oz,100.0,3067000,-62.95406351478755,331.7228805809177,337.6437229002277,-2812.4885552096684,2976.9273026918145,-1788.5002746749678,77.46200329610302,0,0.0493480578678117,0.0001250208368061,0.0541666666666666,17.390868718113374
ST7112J0-PSG.edf,ST,EOG horizontal,100.0,3067000,-63.0121390155656,350.2242194670767,355.8476268919608,-3000.0,2906.6105108954403,-1788.5002746749678,378.8683391320271,0,0.0494621762705453,0.0001333555592598,0.0541666666666666,40.83975720306508
ST7112J0-PSG.edf,ST,EMG submental,100.0,3067000,-62.98377713098187,330.50785667633625,336.45564270267613,-2812.4885552096684,2672.221204907526,-1788.5002746749678,31.31294634682293,0,0.1538902963491892,0.0001666944490748,0.0541666666666666,3.984753586644279
ST7112J0-PSG.edf,ST,Marker,10.0,306700,-0.1348679491359634,5.928015452597429,5.929549440719594,-31.0,33.0,-31.0,1.0,0,0.9998043627115328,,,
ST7121J0-PSG.edf,ST,EEG Fpz-Cz,100.0,3120000,0.1549351109733824,45.499197331607846,45.499461125481496,-2812.4885552096684,2836.293719099066,-121.7725691265336,109.32063724592564,0,0.0128526052968118,4.167361226871145e-05,0.0516666666666666,33.369630119676806
ST7121J0-PSG.edf,ST,EEG Pz-Oz,100.0,3120000,0.1149851628564319,38.35890141167653,38.35907375183084,-3000.0,2437.831898919612,-81.48690715986083,80.02197399743636,0,0.0208558360763976,4.167361226871145e-05,0.0516666666666666,12.688280721574714
ST7121J0-PSG.edf,ST,EOG horizontal,100.0,3120000,0.258728912240174,97.08510780120244,97.08545255300156,-1338.0333272294451,2812.8547885002745,-297.93078190807546,291.33858267716533,0,0.0203301933660043,3.333888981496916e-05,0.0516666666666666,63.91801861054937
ST7121J0-PSG.edf,ST,EMG submental,100.0,3120000,0.2057437587743391,21.077889705601947,21.07889382619011,-2320.6372459256545,2367.148873832632,-58.0479765610694,47.42721113349204,0,0.071448946951753,5.000833472245375e-05,0.0516666666666666,4.520993973917398
ST7121J0-PSG.edf,ST,Marker,10.0,312000,1.873948717948718,2.025607423285072,2.759487131836137,-30.0,34.0,2.0,2.0,0,0.9998717907625244,,,
ST7122J0-PSG.edf,ST,EEG Fpz-Cz,100.0,3035000,0.1952801760091853,57.89560866285678,57.89593799904966,-1419.703351034609,1624.0615271928218,-151.8036989562351,151.437465665629,0,0.0520430050840365,0.0,0.0525,30.79022693115268
ST7122J0-PSG.edf,ST,EEG Pz-Oz,100.0,3035000,0.1657151941866043,104.22794202045206,104.22807375819772,-2961.1792711957514,1209.1192089360925,-188.79326130745284,276.6892510529207,0,0.0603329829752322,0.0,0.0525,13.467550078066273
ST7122J0-PSG.edf,ST,EOG horizontal,100.0,3035000,0.2466036387419312,102.32556468754257,102.32586184332438,-1720.3808826222305,2741.805530122688,-316.9749130195935,321.0071415491702,0,0.0602242511507451,1.666944490748458e-05,0.0525,30.266553667393524
ST7122J0-PSG.edf,ST,EMG submental,100.0,3035000,0.094712031728956,70.11639997367628,70.11646394134195,-2695.6601355063176,2965.940303973631,-141.54916681926386,89.54403955319539,0,0.1130119044873294,2.5004167361226877e-05,0.0525,5.382324949159644
ST7122J0-PSG.edf,ST,Marker,10.0,303500,0.6490411861614498,6.442054291593059,6.474667401277566,-30.0,34.0,-30.0,2.0,0,0.99986819994069,,,
ST7131J0-PSG.edf,ST,EEG Fpz-Cz,100.0,2766000,0.1258558187465632,39.62689226071614,39.6270921205368,-2905.511811023622,1828.0534700604285,-105.65830433986449,111.15180369895624,0,0.0790458389220496,6.667777962993832e-05,0.12,24.26994041124783
ST7131J0-PSG.edf,ST,EEG Pz-Oz,100.0,2766000,0.0759891708284987,35.6353497837916,35.635430803727616,-941.4026735030214,2529.0239882805345,-100.89727156198498,91.74143929683208,0,0.0850364607247314,2.5004167361226877e-05,0.12,12.640769723070086
ST7131J0-PSG.edf,ST,EOG horizontal,100.0,2766000,0.0542942839404317,39.138824941275736,39.13886260040135,-2905.878044314228,1952.939022157114,-129.09723493865593,124.70243545138251,0,0.0886048033434683,5.000833472245375e-05,0.12,20.41459575708679
ST7131J0-PSG.edf,ST,EMG submental,100.0,2766000,0.1329598971898677,15.202058821628231,15.202640255906408,-2470.792895074162,2729.7198315326864,-17.0298480131844,26.551913568943416,0,0.1887389325341017,5.834305717619603e-05,0.12,3.62543318461062
ST7131J0-PSG.edf,ST,Marker,10.0,276600,-1.1715112075198844,8.05367916182607,8.13843882762389,-31.0,33.0,-31.0,1.0,0,0.999855381611772,,,
ST7132J0-PSG.edf,ST,EEG Fpz-Cz,100.0,2698000,0.1695434802940562,45.08875518386417,45.089073942831725,-2724.2263321735945,2835.561252517854,-134.59073429774767,124.70243545138251,0,0.0631395965144422,8.33472245374229e-05,0.0633333333333333,32.730643822466675
ST7132J0-PSG.edf,ST,EEG Pz-Oz,100.0,2698000,0.1962622214071634,56.15898757926536,56.15933052296506,-2259.110053103827,2835.92748580846,-145.21149972532504,171.9465299395715,0,0.0690439920088658,5.000833472245375e-05,0.0633333333333333,24.820797022882356
ST7132J0-PSG.edf,ST,EOG horizontal,100.0,2698000,0.2507829288591153,117.77919058016136,117.7794575713244,-3002.5636330342427,2906.244277604834,-344.07617652444605,282.18275041201247,0,0.0693923995270553,5.000833472245375e-05,0.0633333333333333,62.55366784098096
ST7132J0-PSG.edf,ST,EMG submental,100.0,2698000,0.1908249194470011,9.447682666621176,9.449609617283468,-2918.696209485442,1054.5687603003114,-19.95971433803333,21.05841420985168,0,0.1699561525431895,6.667777962993832e-05,0.0633333333333333,5.98556436717616
ST7132J0-PSG.edf,ST,Marker,10.0,269800,-0.694885100074129,7.171611044386903,7.205197448666985,-31.0,33.0,-31.0,1.0,0,0.9998517365358242,,,
ST7141J0-PSG.edf,ST,EEG Fpz-Cz,100.0,2761000,-171.10766734795442,663.3912091923137,685.1027151156961,-2729.7198315326864,1710.8588170664714,-2729.7198315326864,111.88427028016848,0,0.0734989985476224,2.5004167361226877e-05,0.1208333333333333,34.263990404189016
ST7141J0-PSG.edf,ST,EEG Pz-Oz,100.0,2761000,-170.99045598167012,662.7369534754131,684.4399210585917,-2976.9273026918145,960.8130379051456,-2729.7198315326864,64.27394250137337,0,0.0789752950934266,2.5004167361226877e-05,0.1208333333333333,14.54432103445941
ST7141J0-PSG.edf,ST,EOG horizontal,100.0,2761000,-171.30905268075549,669.7361436777975,691.2982667986271,-2981.6883354696943,2273.393151437466,-2729.7198315326864,280.35158395898185,0,0.0826370251250457,2.5004167361226877e-05,0.1208333333333333,39.60963246274929
ST7141J0-PSG.edf,ST,EMG submental,100.0,2761000,-171.04285732003328,662.9039998907398,684.6147618269297,-2812.4885552096684,2531.5876213147776,-2729.7198315326864,67.2038088262223,0,0.1553464518161963,6.667777962993832e-05,0.1208333333333333,4.390276819119313
ST7141J0-PSG.edf,ST,Marker,10.0,276100,-0.0386816370880115,7.820215188381745,7.820310854540523,-30.0,34.0,-30.0,2.0,0,0.9997826795610129,,,
ST7142J0-PSG.edf,ST,EEG Fpz-Cz,100.0,2751000,6.397287237728341,65.66457654823299,65.97546435805319,-2508.148690715986,2835.92748580846,-131.66086797289873,164.6218641274492,0,0.0496621216362109,6.667777962993832e-05,0.0675,26.54803390838086
ST7142J0-PSG.edf,ST,EEG Pz-Oz,100.0,2751000,6.321538983909633,45.74431352347528,46.17904367631594,-2906.244277604834,2719.0990661051087,-75.99340780076909,164.6218641274492,0,0.0567323036434156,0.0001083513918986,0.0675,13.726294398347918
ST7142J0-PSG.edf,ST,EOG horizontal,100.0,2751000,6.626432524977517,131.77169807427606,131.93820531364776,-3114.264786669108,3271.745101629738,-253.6165537447354,259.1100531038271,0,0.0644240800584516,6.667777962993832e-05,0.0675,19.699682497534
ST7142J0-PSG.edf,ST,EMG submental,100.0,2751000,6.595506912603439,58.55832706891764,58.928587124964494,-2976.9273026918145,2929.683208203626,-64.27394250137337,164.6218641274492,0,0.1267652735924158,0.0001000166694449,0.0675,3.27723095420738
ST7142J0-PSG.edf,ST,Marker,10.0,275100,0.7669938204289349,6.1821345019894896,6.229531805943766,-30.0,34.0,-30.0,2.0,0,0.9996364826056928,,,
ST7151J0-PSG.edf,ST,EEG Fpz-Cz,100.0,3851000,-115.8765640698325,253.13916346042564,278.40045649760333,-2976.9273026918145,3000.0,-659.0368064457059,82.58560703167917,0,0.2478687298590752,0.0001166861143523,0.2583333333333333,23.222479507009453
ST7151J0-PSG.edf,ST,EEG Pz-Oz,100.0,3851000,-115.8345760079346,253.74463420201783,278.9336630549523,-2718.3665995238966,3000.0,-659.0368064457059,80.7544405786486,0,0.2526363350722801,0.0001000166694449,0.2583333333333333,13.543270925761654
ST7151J0-PSG.edf,ST,EOG horizontal,100.0,3851000,-115.8564235212692,264.053378182672,288.3520372753084,-2915.400109869988,2988.280534700604,-659.0368064457059,286.943783189892,0,0.2516677529674188,3.333888981496916e-05,0.2583333333333333,29.49774770064741
ST7151J0-PSG.edf,ST,EMG submental,100.0,3851000,-115.79897815110787,251.3527728324717,276.7446833299834,-2964.8416041018127,2998.1688335469694,-659.0368064457059,36.07397912470243,0,0.3029636535020865,0.0001083513918986,0.2583333333333333,2.63735611415471
ST7151J0-PSG.edf,ST,Marker,10.0,385100,-6.624741625551804,13.632866432311111,15.157250699469024,-31.0,1.0,-31.0,1.0,0,0.9997922563556572,,,
ST7152J0-PSG.edf,ST,EEG Fpz-Cz,100.0,3225000,-32.541966104966995,191.44577826343505,194.1918267406461,-1129.6465848745652,343.3437099432338,-1129.6465848745652,74.89470792895074,0,0.0451505275985351,0.0,0.0608333333333333,25.694975285822885
ST7152J0-PSG.edf,ST,EEG Pz-Oz,100.0,3225000,-32.54920957487128,189.7707207599474,192.541885058028,-1503.5707745834095,1523.3473722761398,-1129.6465848745652,40.10254532136971,0,0.0495908514445006,1.666944490748458e-05,0.0608333333333333,12.210826078858588
ST7152J0-PSG.edf,ST,EOG horizontal,100.0,3225000,-32.60309515393863,205.3236184988187,207.8960079632729,-2906.244277604834,1172.4958798754806,-1129.6465848745652,272.2944515656473,0,0.0518885329876991,1.666944490748458e-05,0.0608333333333333,21.630770773562404
ST7152J0-PSG.edf,ST,EMG submental,100.0,3225000,-32.501085725560664,189.08545300521777,191.85835689781325,-1506.1344076176524,2648.4160410181285,-1129.6465848745652,19.95971433803333,0,0.1415477257293821,0.0,0.0608333333333333,2.8173528553003253
ST7152J0-PSG.edf,ST,Marker,10.0,322500,-0.0764899224806201,5.777348214582024,5.777854541330648,-31.0,33.0,-31.0,1.0,0,0.9998139477193092,,,
ST7161J0-PSG.edf,ST,EEG Fpz-Cz,100.0,3330000,0.3236158333759508,35.3963365843414,35.39781590436899,-2976.9273026918145,2929.683208203626,-96.5024720747116,85.14924006592199,0,0.049261409193421,0.0001083513918986,0.0666666666666666,24.929426903952432
ST7161J0-PSG.edf,ST,EEG Pz-Oz,100.0,3330000,0.3034560654776732,59.063301162980125,59.06408070775807,-3000.0,2235.3048892144297,-148.8738326313862,125.06866874198865,0,0.0559791470845257,0.0001083513918986,0.0666666666666666,12.287499803935065
ST7161J0-PSG.edf,ST,EOG horizontal,100.0,3330000,0.3158283718620657,53.95435988033583,53.95528424220624,-2800.0366233290606,2835.92748580846,-169.7491301959348,181.1023622047244,0,0.0565046741882107,0.0001083513918986,0.0666666666666666,16.37489177447338
ST7161J0-PSG.edf,ST,EMG submental,100.0,3330000,0.298045820953713,16.40810463399719,16.410811344707756,-2883.1715802966487,2742.1717634132942,-19.95971433803333,26.551913568943416,0,0.1202466073471692,0.0001166861143523,0.0666666666666666,3.806667788495985
ST7161J0-PSG.edf,ST,Marker,10.0,333000,-0.1663183183183183,6.007070065310069,6.009372059754043,-31.0,33.0,-31.0,1.0,0,0.9998198144088412,,,
ST7162J0-PSG.edf,ST,EEG Fpz-Cz,100.0,3004000,-0.4977568820526423,34.62068064922967,34.624258700072936,-839.223585423915,753.1587621314777,-96.5024720747116,87.7128731001648,0,0.028775062500208,0.0,0.0508333333333333,27.706207513954112
ST7162J0-PSG.edf,ST,EEG Pz-Oz,100.0,3004000,-0.5013597203362616,24.2965925882716,24.301764811832708,-981.6883354696942,594.5797472990295,-47.06097784288592,54.38564365500824,0,0.0338416572625075,0.0,0.0508333333333333,10.638018559435652
ST7162J0-PSG.edf,ST,EOG horizontal,100.0,3004000,-0.4883697766342671,88.66588187661038,88.66722683153999,-2957.8831715802967,1289.3242995788316,-227.24775682109504,236.403589086248,0,0.0311785325517062,0.0,0.0508333333333333,36.84007644327936
ST7162J0-PSG.edf,ST,EMG submental,100.0,3004000,-0.4995144117188801,21.79576885831596,21.80149203088289,-374.8397729353598,694.195202343893,-47.79344442409815,36.44021241530855,0,0.072733264757872,0.0,0.0508333333333333,6.047957107004001
ST7162J0-PSG.edf,ST,Marker,10.0,300400,0.5494007989347537,3.783065009485216,3.822750593991389,-31.0,33.0,-31.0,1.0,0,0.9998668397749592,,,
ST7171J0-PSG.edf,ST,EEG Fpz-Cz,100.0,2893000,-12.832529542196374,190.997457067254,191.42806069280672,-2917.96374290423,652.0783739241897,-136.42190075077824,95.40377220289324,0,0.0184169319631246,0.0,0.0266666666666666,30.01642155892709
ST7171J0-PSG.edf,ST,EEG Pz-Oz,100.0,2893000,-12.78680304352143,190.0167689230042,190.4465142868521,-2917.96374290423,931.14814136605,-91.00897271561983,75.62717451016297,0,0.0227480910753234,0.0,0.0266666666666666,14.691279162496189
ST7171J0-PSG.edf,ST,EOG horizontal,100.0,2893000,-12.746789176534003,198.12940984094203,198.53902306154072,-2917.96374290423,1031.1298297015198,-249.95422083867425,198.681560153818,0,0.0235500295541982,0.0,0.0266666666666666,45.46988519313547
ST7171J0-PSG.edf,ST,EMG submental,100.0,2893000,-12.76482993223544,188.03888132822223,188.4716471365604,-2987.548068119392,304.5229811389856,-33.87657938106574,27.28438015015565,0,0.0703009688937742,0.0,0.0266666666666666,3.67465902943606
ST7171J0-PSG.edf,ST,Marker,10.0,289300,1.8385067404078808,2.301618056698598,2.945768611660843,-30.0,34.0,2.0,2.0,0,0.9997234608869991,,,
ST7172J0-PSG.edf,ST,EEG Fpz-Cz,100.0,3020000,-6.722272804995323,106.85070550552788,107.06195504797132,-1788.5002746749678,1781.5418421534516,-208.9360922907892,98.69987181834829,0,0.0230365001208613,1.666944490748458e-05,0.085,21.203711200936816
ST7172J0-PSG.edf,ST,EEG Pz-Oz,100.0,3020000,-6.50487660242223,104.14440542473618,104.347355504989,-2343.70994323384,1247.2074711591283,-173.04889214429582,61.344076176524446,0,0.0290563876039324,1.666944490748458e-05,0.085,9.975945696835652
ST7172J0-PSG.edf,ST,EOG horizontal,100.0,3020000,-6.567912021547127,115.2470269295698,115.43402741145168,-1788.5002746749678,2998.901300128181,-282.54898370261856,196.1179271195752,0,0.0311855337269328,3.333888981496916e-05,0.085,15.121504064792358
ST7172J0-PSG.edf,ST,EMG submental,100.0,3020000,-6.551012052955875,103.84576182784,104.052188869444,-2768.9067936275405,1624.4277604834278,-172.3127632301776,29.11554660318623,0,0.0621194109914271,5.000833472245375e-05,0.085,4.87124116667264
ST7172J0-PSG.edf,ST,Marker,10.0,302000,1.7419867549668877,2.8617919222835,3.350279221337701,-30.0,2.0,2.0,2.0,0,0.9997350905659128,,,
ST7181J0-PSG.edf,ST,EEG Fpz-Cz,100.0,3088000,-75.94850567803917,284.2927111681845,294.2626737085149,-1143.1972166269911,2531.221388024172,-1129.6465848745652,58.0479765610694,0,0.0780702010045369,1.666944490748458e-05,0.1208333333333333,21.631487962935694
ST7181J0-PSG.edf,ST,EEG Pz-Oz,100.0,3088000,-75.93671540921824,283.7161686221024,293.70265420105727,-2355.0631752426293,433.8033327229445,-1129.6465848745652,39.00384544955136,0,0.0849096013911962,1.666944490748458e-05,0.1208333333333333,12.04051159453605
ST7181J0-PSG.edf,ST,EOG horizontal,100.0,3088000,-75.94675278683609,285.7132048477705,295.63481642602386,-2601.538179820546,1148.324482695477,-1129.6465848745652,121.04010254532136,0,0.0857936716116308,3.333888981496916e-05,0.1208333333333333,13.30883148275885
ST7181J0-PSG.edf,ST,EMG submental,100.0,3088000,-75.94361240752845,283.37251812872336,293.37248728556415,-1640.542025270097,2998.901300128181,-1129.6465848745652,17.396081303790513,0,0.1338670138180499,4.167361226871145e-05,0.1208333333333333,3.4000267888332285
ST7181J0-PSG.edf,ST,Marker,10.0,308800,-1.1813471502590671,8.070791978441733,8.156792522107246,-31.0,33.0,-31.0,1.0,0,0.9998704621263642,,,
ST7182J0-PSG.edf,ST,EEG Fpz-Cz,100.0,3394000,-12.532109023571774,59.01521334517663,60.331162451550746,-2447.353964475371,2531.5876213147776,-235.3048892144296,60.2453763047061,0,0.1496144655700223,5.834305717619603e-05,0.1516666666666666,26.229961070706068
ST7182J0-PSG.edf,ST,EEG Pz-Oz,100.0,3394000,-12.525713105529906,56.8578599302447,58.221213699555975,-1506.1344076176524,2906.9767441860463,-235.3048892144296,39.37007874015748,0,0.1548207272266565,4.167361226871145e-05,0.1516666666666666,13.187909781648717
ST7182J0-PSG.edf,ST,EOG horizontal,100.0,3394000,-12.515501843737526,65.9128865708122,67.09058356056646,-2695.6601355063176,2870.719648416041,-235.3048892144296,117.3777696392602,0,0.1571896204761947,8.33472245374229e-05,0.1516666666666666,19.515443899483955
ST7182J0-PSG.edf,ST,EMG submental,100.0,3394000,-12.530904791537846,53.81608344304369,55.25571836509979,-2437.465665629006,2437.831898919612,-235.3048892144296,25.819446987731183,0,0.2207637618260513,3.333888981496916e-05,0.1516666666666666,4.234656164518379
ST7182J0-PSG.edf,ST,Marker,10.0,339400,-3.5010017678255747,11.130194543745022,11.66782944509943,-33.0,33.0,-31.0,1.0,0,0.9997642829782846,,,
ST7191J0-PSG.edf,ST,EEG Fpz-Cz,100.0,3379000,17.94086042279185,423.37754887703136,423.75750537994384,-2699.688701702985,1969.4195202343888,-1223.768540560337,1011.7194652993956,0,0.1556530205771547,3.333888981496916e-05,0.1633333333333333,32.46038077124339
ST7191J0-PSG.edf,ST,EEG Pz-Oz,100.0,3379000,17.90544407032916,422.6838277476288,423.0629068669842,-2811.7560886284564,2719.831532686321,-1223.768540560337,1011.7194652993956,0,0.1579525242750052,1.666944490748458e-05,0.1633333333333333,14.01358470328044
ST7191J0-PSG.edf,ST,EOG horizontal,100.0,3379000,17.98041817035203,433.5340108317084,433.9067111550691,-2695.6601355063176,2835.92748580846,-1223.768540560337,1011.7194652993956,0,0.1602816226150417,2.5004167361226877e-05,0.1633333333333333,44.649097636970886
ST7191J0-PSG.edf,ST,EMG submental,100.0,3379000,17.931892747079704,425.2647804946266,425.642674442584,-2976.9273026918145,2719.0990661051087,-1223.768540560337,1011.7194652993956,0,0.2317378861730872,8.33472245374229e-06,0.1633333333333333,7.529312745307662
ST7191J0-PSG.edf,ST,Marker,10.0,337900,-2.7144184670020715,11.352160484101177,11.672172688526768,-33.0,34.0,-30.0,2.0,0,0.9998224274172068,,,
ST7192J0-PSG.edf,ST,EEG Fpz-Cz,100.0,3290000,-438.010813344027,1043.1989967252352,1131.422829615362,-2917.96374290423,501.556491485076,-2917.96374290423,106.0245376304706,0,0.1589640090091459,0.0,0.1708333333333333,31.28776047507792
ST7192J0-PSG.edf,ST,EEG Pz-Oz,100.0,3290000,-437.957138682751,1043.159688689049,1131.3658079635495,-2917.96374290423,2648.4160410181285,-2917.96374290423,61.344076176524446,0,0.1611251098027653,2.5004167361226877e-05,0.1708333333333333,15.34838151449679
ST7192J0-PSG.edf,ST,EOG horizontal,100.0,3290000,-437.94527005252473,1048.7422188890264,1136.5105812273189,-2917.96374290423,2835.92748580846,-2917.96374290423,368.9837026185714,0,0.1631889458630573,1.666944490748458e-05,0.1708333333333333,73.52489330950394
ST7192J0-PSG.edf,ST,EMG submental,100.0,3290000,-437.9583244326025,1042.4648483901071,1130.72563164935,-2961.545504486358,1992.1259842519685,-2917.96374290423,19.227247756821093,0,0.2376025459043948,2.5004167361226877e-05,0.1708333333333333,2.564122393706243
ST7192J0-PSG.edf,ST,Marker,10.0,329000,-2.828887537993921,11.45806137064078,11.802108924933195,-30.0,34.0,-30.0,2.0,0,0.9998784157573178,,,
ST7201J0-PSG.edf,ST,EEG Fpz-Cz,100.0,2912000,0.1577416586343523,44.71231934313207,44.71259759254762,-1162.2413477385094,1247.2074711591283,-135.689434169566,99.0661051089544,0,0.0127953736104863,0.0,0.0441666666666666,39.07813821346306
ST7201J0-PSG.edf,ST,EEG Pz-Oz,100.0,2912000,0.2353363309461094,17.98230860966266,17.983848479171833,-177.80626258926935,1247.2074711591283,-43.39864493682476,36.07397912470243,0,0.0228331828062596,0.0,0.0441666666666666,10.594018122801495
ST7201J0-PSG.edf,ST,EOG horizontal,100.0,2912000,0.2611688576942193,85.03222737497093,85.0326284523828,-1220.1062076542755,1247.2074711591283,-256.9163156930964,268.26588536898004,0,0.021033726077356,0.0,0.0441666666666666,48.56404973814196
ST7201J0-PSG.edf,ST,EMG submental,100.0,2912000,0.3528280454209769,20.24757743815372,20.250651341220287,-593.114814136605,1247.2074711591283,-57.681743270463286,54.01941036440213,0,0.0615558432549562,0.0,0.0441666666666666,5.367422963649634
ST7201J0-PSG.edf,ST,Marker,10.0,291200,1.941648351648352,1.4232378838920896,2.407406155098137,-30.0,34.0,2.0,2.0,0,0.9997939489680278,,,
ST7202J0-PSG.edf,ST,EEG Fpz-Cz,100.0,3000000,-2.5042744308124267,34.637436196239705,34.72784727957374,-1851.858633949826,446.25526460355246,-84.05054019410365,80.02197399743636,0,0.0696568988563295,1.666944490748458e-05,0.1216666666666666,20.966254665655192
ST7202J0-PSG.edf,ST,EEG Pz-Oz,100.0,3000000,-2.5536465848745644,20.23348322715693,20.39399309561721,-1126.7167185497162,867.0573155099798,-47.06097784288592,39.00384544955136,0,0.0810936036453454,0.0,0.1216666666666666,11.40246382484063
ST7202J0-PSG.edf,ST,EOG horizontal,100.0,3000000,-2.575548922663736,96.62910596142348,96.6634241642466,-1455.5942135140083,2556.125251785388,-315.14374656656287,330.1593114814137,0,0.0790669302231007,1.666944490748458e-05,0.1216666666666666,18.83148085684889
ST7202J0-PSG.edf,ST,EMG submental,100.0,3000000,-2.495478239638649,28.86979705533973,28.97744974391312,-2249.9542208386742,1039.1869620948544,-69.401208569859,64.27394250137337,0,0.1286604288680962,1.666944490748458e-05,0.1216666666666666,10.733133397410596
ST7202J0-PSG.edf,ST,Marker,10.0,300000,-0.8622933333333334,7.496688838455431,7.546117765668207,-31.0,33.0,-31.0,1.0,0,0.9997999933331112,,,
ST7211J0-PSG.edf,ST,EEG Fpz-Cz,100.0,3237000,-0.0142407840763981,61.09509432538771,61.09509598509487,-3000.0,3000.0,-125.06866874198865,120.3112982970186,0,0.0104325314566927,0.0012418736456076,0.03,35.80080844761801
ST7211J0-PSG.edf,ST,EEG Pz-Oz,100.0,3237000,-0.0469065986877939,46.52973076143382,46.52975440468734,-3000.0,2965.940303973631,-63.54147592016114,55.8505768174327,0,0.0172413260467285,0.00129188198033,0.03,14.075385398253776
ST7211J0-PSG.edf,ST,EOG horizontal,100.0,3237000,0.0033858194175711,115.5948103405655,115.5948103901515,-3000.0,2988.280534700604,-343.70994323384,342.97747665262773,0,0.0173741655056086,0.0013502250375062,0.03,56.54329233540197
ST7211J0-PSG.edf,ST,EMG submental,100.0,3237000,-0.0400266851355957,42.06118660067928,42.06120564597122,-3000.0,2955.319538546054,-29.481779893792343,28.74931331258012,0,0.0849091285422568,0.0013168861476912,0.03,3.924558861561613
ST7211J0-PSG.edf,ST,Marker,10.0,323700,1.9550200803212847,1.2480161487729298,2.3194067823599767,-30.0,34.0,2.0,2.0,0,0.9995983811671662,,,
ST7212J0-PSG.edf,ST,EEG Fpz-Cz,100.0,3162000,-62.29661236522657,305.0048015570327,311.30177783788554,-2264.2373191723127,2988.280534700604,-1506.1344076176524,138.98553378502106,0,0.0499369068213371,5.000833472245375e-05,0.0708333333333333,41.26054120061912
ST7212J0-PSG.edf,ST,EEG Pz-Oz,100.0,3162000,-62.3931748337733,305.24350315186393,311.5549782658909,-1660.6848562534335,2999.633766709394,-1506.1344076176524,134.9569675883538,0,0.0577104924430501,5.834305717619603e-05,0.0708333333333333,13.436379732048056
ST7212J0-PSG.edf,ST,EOG horizontal,100.0,3162000,-62.282091250001024,341.1182002925112,346.75738703202165,-2905.878044314228,1644.9368247573705,-1506.1344076176524,496.4292254165904,0,0.0535991574925916,4.167361226871145e-05,0.0708333333333333,132.09670782426605
ST7212J0-PSG.edf,ST,EMG submental,100.0,3162000,-62.3325289404797,301.8264717294111,308.195657335954,-2202.343893059879,1647.134224501007,-1506.1344076176524,60.61160959531221,0,0.124617724913741,8.33472245374229e-06,0.0708333333333333,5.645646062680738
ST7212J0-PSG.edf,ST,Marker,10.0,316200,-0.352460468058191,6.443163415098345,6.452796539114306,-31.0,33.0,-31.0,1.0,0,0.9998734937853824,,,
ST7221J0-PSG.edf,ST,EEG Fpz-Cz,100.0,3296000,-4.151692473372527,63.10451757134808,63.240941551387735,-2601.904413111152,2564.914850759934,-82.58560703167917,73.7960080571324,0,0.0782132227342922,0.0001250208368061,0.1266666666666666,23.345782722196624
ST7221J0-PSG.edf,ST,EEG Pz-Oz,100.0,3296000,-4.164377412295125,60.0730842885069,60.21725247108248,-2723.4938655923825,2994.140267350302,-47.06097784288592,40.10254532136971,0,0.0872211384136481,0.0001666944490748,0.1266666666666666,8.883894144972396
ST7221J0-PSG.edf,ST,EOG horizontal,100.0,3296000,-4.169190668873545,98.01555710469285,98.10418739980854,-2905.511811023622,2906.6105108954403,-250.68668741988645,262.03991942867606,0,0.0836531664234418,0.0001666944490748,0.1266666666666666,38.41653884361574
ST7221J0-PSG.edf,ST,EMG submental,100.0,3296000,-4.183539546972973,57.13885578848051,57.291804334981954,-2789.7820911920894,2671.85497161692,-47.06097784288592,30.580479765610693,0,0.1690023331381466,0.0001333555592598,0.1266666666666666,3.3905431546444547
ST7221J0-PSG.edf,ST,Marker,10.0,329600,-1.0669902912621358,7.870565644412891,7.942560786337124,-31.0,33.0,-31.0,1.0,0,0.999878637094572,,,
ST7222J0-PSG.edf,ST,EEG Fpz-Cz,100.0,2874000,-0.2745326288503397,31.65137622826542,31.65256680440796,-2917.96374290423,2987.914301409998,-75.62717451016297,69.76744186046511,0,0.0252192944303911,0.0002500416736122,0.065,19.696532036708906
ST7222J0-PSG.edf,ST,EEG Pz-Oz,100.0,2874000,-0.1554978893162462,26.96192658025477,26.96237497908206,-2941.4026735030216,2982.0545687603003,-59.14667643288775,34.975279252884086,0,0.0351880138761791,0.000450075012502,0.065,8.111797007069637
ST7222J0-PSG.edf,ST,EOG horizontal,100.0,2874000,-0.2819178238249663,73.8569739021817,73.85751195137121,-2964.8416041018127,2929.31697491302,-245.9256546420069,234.5724226332173,0,0.0326653885364945,0.0003167194532422,0.065,26.537963807021548
ST7222J0-PSG.edf,ST,EMG submental,100.0,2874000,-0.3861589811833313,175.55582088233982,175.55624558650973,-3049.07526094122,3427.028016846731,-402.6735030214247,314.4112799853507,0,0.0679751843256239,0.0003250541756959,0.065,10.116240694153486
ST7222J0-PSG.edf,ST,Marker,10.0,287400,0.6981489213639527,3.1104677776016483,3.1878553467652497,-31.0,33.0,1.0,1.0,0,0.999860816312328,,,
ST7241J0-PSG.edf,ST,EEG Fpz-Cz,100.0,3261000,-25.12924222334042,142.18926658355633,144.39275032455384,-2343.70994323384,2988.280534700604,-753.1587621314777,96.5024720747116,0,0.0446827497171104,9.16819469911652e-05,0.0591666666666666,23.975707821680125
ST7241J0-PSG.edf,ST,EEG Pz-Oz,100.0,3261000,-25.118177283529416,152.22905801944097,154.28742312817707,-2906.9767441860463,2995.6052005127267,-753.1587621314777,48.525911005310384,0,0.0504601363389645,0.0001250208368061,0.0591666666666666,12.372338504472417
ST7241J0-PSG.edf,ST,EOG horizontal,100.0,3261000,-25.16446766654756,175.9777952669769,177.76792415946906,-1510.5292071049255,2988.280534700604,-753.1587621314777,353.9644753708112,0,0.0502577438139951,6.667777962993832e-05,0.0591666666666666,34.0622946735853
ST7241J0-PSG.edf,ST,EMG submental,100.0,3261000,-25.11983201560664,136.8353238238111,139.12193143591543,-2905.878044314228,2903.314411279985,-753.1587621314777,31.67917963742904,0,0.0969092208194444,8.33472245374229e-05,0.0591666666666666,7.969645534377698
ST7241J0-PSG.edf,ST,Marker,10.0,326100,-0.0687273842379638,5.758262115234724,5.758672246368228,-31.0,33.0,-31.0,1.0,0,0.9998773344782116,,,
ST7242J0-PSG.edf,ST,EEG Fpz-Cz,100.0,2948000,-11.682488284385864,187.7477458755264,188.11086256209668,-2823.841787218458,1054.5687603003114,-160.59329793078192,102.36586705731892,0,0.0167877095919592,0.0,0.0683333333333333,25.77341056664354
ST7242J0-PSG.edf,ST,EEG Pz-Oz,100.0,2948000,-11.703177980683057,192.4692703932054,192.82475053929247,-2823.841787218458,2844.3508514924006,-172.31642556308358,62.44643838125226,0,0.0239553051401124,0.0,0.0683333333333333,11.685853188295486
ST7242J0-PSG.edf,ST,EOG horizontal,100.0,2948000,-11.791646427349528,213.15522214581463,213.48112715998852,-2823.841787218458,2214.429591649881,-495.69675883537815,351.4008423365684,0,0.0241724022130332,8.33472245374229e-06,0.0683333333333333,23.024004849600946
ST7242J0-PSG.edf,ST,EMG submental,100.0,2948000,-11.752517853872916,183.4516860316107,183.8277530291504,-3000.0,2531.5876213147776,-29.481779893792343,30.946713056216808,0,0.0821441049664347,3.333888981496916e-05,0.0683333333333333,3.887474664654698
ST7242J0-PSG.edf,ST,Marker,10.0,294800,0.8424966078697422,2.273353701149743,2.4244458304534784,-31.0,33.0,1.0,1.0,0,0.9998643101869128,,,
